"0","cp
"
"1","$predvar
"
"1","   [1]"
"1"," 29.00000"
"1"," 29.00050"
"1"," 29.00100"
"1"," 29.00150"
"1"," 29.00200"
"1"," 29.00250"
"1","
"
"1","   [7]"
"1"," 29.00300"
"1"," 29.00350"
"1"," 29.00400"
"1"," 29.00450"
"1"," 29.00500"
"1"," 29.00550"
"1","
"
"1","  [13]"
"1"," 29.00600"
"1"," 29.00650"
"1"," 29.00700"
"1"," 29.00750"
"1"," 29.00800"
"1"," 29.00850"
"1","
"
"1","  [19]"
"1"," 29.00900"
"1"," 29.00950"
"1"," 29.01000"
"1"," 29.01050"
"1"," 29.01100"
"1"," 29.01150"
"1","
"
"1","  [25]"
"1"," 29.01200"
"1"," 29.01250"
"1"," 29.01300"
"1"," 29.01350"
"1"," 29.01400"
"1"," 29.01450"
"1","
"
"1","  [31]"
"1"," 29.01500"
"1"," 29.01550"
"1"," 29.01600"
"1"," 29.01650"
"1"," 29.01700"
"1"," 29.01750"
"1","
"
"1","  [37]"
"1"," 29.01800"
"1"," 29.01850"
"1"," 29.01900"
"1"," 29.01950"
"1"," 29.02000"
"1"," 29.02050"
"1","
"
"1","  [43]"
"1"," 29.02100"
"1"," 29.02150"
"1"," 29.02200"
"1"," 29.02250"
"1"," 29.02300"
"1"," 29.02350"
"1","
"
"1","  [49]"
"1"," 29.02400"
"1"," 29.02450"
"1"," 29.02500"
"1"," 29.02550"
"1"," 29.02600"
"1"," 29.02650"
"1","
"
"1","  [55]"
"1"," 29.02700"
"1"," 29.02750"
"1"," 29.02800"
"1"," 29.02850"
"1"," 29.02900"
"1"," 29.02950"
"1","
"
"1","  [61]"
"1"," 29.03000"
"1"," 29.03050"
"1"," 29.03100"
"1"," 29.03150"
"1"," 29.03200"
"1"," 29.03250"
"1","
"
"1","  [67]"
"1"," 29.03300"
"1"," 29.03350"
"1"," 29.03400"
"1"," 29.03450"
"1"," 29.03500"
"1"," 29.03550"
"1","
"
"1","  [73]"
"1"," 29.03600"
"1"," 29.03650"
"1"," 29.03700"
"1"," 29.03750"
"1"," 29.03800"
"1"," 29.03850"
"1","
"
"1","  [79]"
"1"," 29.03900"
"1"," 29.03950"
"1"," 29.04000"
"1"," 29.04050"
"1"," 29.04100"
"1"," 29.04150"
"1","
"
"1","  [85]"
"1"," 29.04200"
"1"," 29.04250"
"1"," 29.04300"
"1"," 29.04350"
"1"," 29.04400"
"1"," 29.04450"
"1","
"
"1","  [91]"
"1"," 29.04500"
"1"," 29.04550"
"1"," 29.04600"
"1"," 29.04650"
"1"," 29.04700"
"1"," 29.04750"
"1","
"
"1","  [97]"
"1"," 29.04800"
"1"," 29.04850"
"1"," 29.04900"
"1"," 29.04950"
"1"," 29.05001"
"1"," 29.05051"
"1","
"
"1"," [103]"
"1"," 29.05101"
"1"," 29.05151"
"1"," 29.05201"
"1"," 29.05251"
"1"," 29.05301"
"1"," 29.05351"
"1","
"
"1"," [109]"
"1"," 29.05401"
"1"," 29.05451"
"1"," 29.05501"
"1"," 29.05551"
"1"," 29.05601"
"1"," 29.05651"
"1","
"
"1"," [115]"
"1"," 29.05701"
"1"," 29.05751"
"1"," 29.05801"
"1"," 29.05851"
"1"," 29.05901"
"1"," 29.05951"
"1","
"
"1"," [121]"
"1"," 29.06001"
"1"," 29.06051"
"1"," 29.06101"
"1"," 29.06151"
"1"," 29.06201"
"1"," 29.06251"
"1","
"
"1"," [127]"
"1"," 29.06301"
"1"," 29.06351"
"1"," 29.06401"
"1"," 29.06451"
"1"," 29.06501"
"1"," 29.06551"
"1","
"
"1"," [133]"
"1"," 29.06601"
"1"," 29.06651"
"1"," 29.06701"
"1"," 29.06751"
"1"," 29.06801"
"1"," 29.06851"
"1","
"
"1"," [139]"
"1"," 29.06901"
"1"," 29.06951"
"1"," 29.07001"
"1"," 29.07051"
"1"," 29.07101"
"1"," 29.07151"
"1","
"
"1"," [145]"
"1"," 29.07201"
"1"," 29.07251"
"1"," 29.07301"
"1"," 29.07351"
"1"," 29.07401"
"1"," 29.07451"
"1","
"
"1"," [151]"
"1"," 29.07501"
"1"," 29.07551"
"1"," 29.07601"
"1"," 29.07651"
"1"," 29.07701"
"1"," 29.07751"
"1","
"
"1"," [157]"
"1"," 29.07801"
"1"," 29.07851"
"1"," 29.07901"
"1"," 29.07951"
"1"," 29.08001"
"1"," 29.08051"
"1","
"
"1"," [163]"
"1"," 29.08101"
"1"," 29.08151"
"1"," 29.08201"
"1"," 29.08251"
"1"," 29.08301"
"1"," 29.08351"
"1","
"
"1"," [169]"
"1"," 29.08401"
"1"," 29.08451"
"1"," 29.08501"
"1"," 29.08551"
"1"," 29.08601"
"1"," 29.08651"
"1","
"
"1"," [175]"
"1"," 29.08701"
"1"," 29.08751"
"1"," 29.08801"
"1"," 29.08851"
"1"," 29.08901"
"1"," 29.08951"
"1","
"
"1"," [181]"
"1"," 29.09001"
"1"," 29.09051"
"1"," 29.09101"
"1"," 29.09151"
"1"," 29.09201"
"1"," 29.09251"
"1","
"
"1"," [187]"
"1"," 29.09301"
"1"," 29.09351"
"1"," 29.09401"
"1"," 29.09451"
"1"," 29.09501"
"1"," 29.09551"
"1","
"
"1"," [193]"
"1"," 29.09601"
"1"," 29.09651"
"1"," 29.09701"
"1"," 29.09751"
"1"," 29.09801"
"1"," 29.09851"
"1","
"
"1"," [199]"
"1"," 29.09901"
"1"," 29.09951"
"1"," 29.10001"
"1"," 29.10051"
"1"," 29.10101"
"1"," 29.10151"
"1","
"
"1"," [205]"
"1"," 29.10201"
"1"," 29.10251"
"1"," 29.10301"
"1"," 29.10351"
"1"," 29.10401"
"1"," 29.10451"
"1","
"
"1"," [211]"
"1"," 29.10501"
"1"," 29.10551"
"1"," 29.10601"
"1"," 29.10651"
"1"," 29.10701"
"1"," 29.10751"
"1","
"
"1"," [217]"
"1"," 29.10801"
"1"," 29.10851"
"1"," 29.10901"
"1"," 29.10951"
"1"," 29.11001"
"1"," 29.11051"
"1","
"
"1"," [223]"
"1"," 29.11101"
"1"," 29.11151"
"1"," 29.11201"
"1"," 29.11251"
"1"," 29.11301"
"1"," 29.11351"
"1","
"
"1"," [229]"
"1"," 29.11401"
"1"," 29.11451"
"1"," 29.11501"
"1"," 29.11551"
"1"," 29.11601"
"1"," 29.11651"
"1","
"
"1"," [235]"
"1"," 29.11701"
"1"," 29.11751"
"1"," 29.11801"
"1"," 29.11851"
"1"," 29.11901"
"1"," 29.11951"
"1","
"
"1"," [241]"
"1"," 29.12001"
"1"," 29.12051"
"1"," 29.12101"
"1"," 29.12151"
"1"," 29.12201"
"1"," 29.12251"
"1","
"
"1"," [247]"
"1"," 29.12301"
"1"," 29.12351"
"1"," 29.12401"
"1"," 29.12451"
"1"," 29.12501"
"1"," 29.12551"
"1","
"
"1"," [253]"
"1"," 29.12601"
"1"," 29.12651"
"1"," 29.12701"
"1"," 29.12751"
"1"," 29.12801"
"1"," 29.12851"
"1","
"
"1"," [259]"
"1"," 29.12901"
"1"," 29.12951"
"1"," 29.13001"
"1"," 29.13051"
"1"," 29.13101"
"1"," 29.13151"
"1","
"
"1"," [265]"
"1"," 29.13201"
"1"," 29.13251"
"1"," 29.13301"
"1"," 29.13351"
"1"," 29.13401"
"1"," 29.13451"
"1","
"
"1"," [271]"
"1"," 29.13501"
"1"," 29.13551"
"1"," 29.13601"
"1"," 29.13651"
"1"," 29.13701"
"1"," 29.13751"
"1","
"
"1"," [277]"
"1"," 29.13801"
"1"," 29.13851"
"1"," 29.13901"
"1"," 29.13951"
"1"," 29.14001"
"1"," 29.14051"
"1","
"
"1"," [283]"
"1"," 29.14101"
"1"," 29.14151"
"1"," 29.14201"
"1"," 29.14251"
"1"," 29.14301"
"1"," 29.14351"
"1","
"
"1"," [289]"
"1"," 29.14401"
"1"," 29.14451"
"1"," 29.14501"
"1"," 29.14551"
"1"," 29.14601"
"1"," 29.14651"
"1","
"
"1"," [295]"
"1"," 29.14701"
"1"," 29.14751"
"1"," 29.14801"
"1"," 29.14851"
"1"," 29.14901"
"1"," 29.14951"
"1","
"
"1"," [301]"
"1"," 29.15002"
"1"," 29.15052"
"1"," 29.15102"
"1"," 29.15152"
"1"," 29.15202"
"1"," 29.15252"
"1","
"
"1"," [307]"
"1"," 29.15302"
"1"," 29.15352"
"1"," 29.15402"
"1"," 29.15452"
"1"," 29.15502"
"1"," 29.15552"
"1","
"
"1"," [313]"
"1"," 29.15602"
"1"," 29.15652"
"1"," 29.15702"
"1"," 29.15752"
"1"," 29.15802"
"1"," 29.15852"
"1","
"
"1"," [319]"
"1"," 29.15902"
"1"," 29.15952"
"1"," 29.16002"
"1"," 29.16052"
"1"," 29.16102"
"1"," 29.16152"
"1","
"
"1"," [325]"
"1"," 29.16202"
"1"," 29.16252"
"1"," 29.16302"
"1"," 29.16352"
"1"," 29.16402"
"1"," 29.16452"
"1","
"
"1"," [331]"
"1"," 29.16502"
"1"," 29.16552"
"1"," 29.16602"
"1"," 29.16652"
"1"," 29.16702"
"1"," 29.16752"
"1","
"
"1"," [337]"
"1"," 29.16802"
"1"," 29.16852"
"1"," 29.16902"
"1"," 29.16952"
"1"," 29.17002"
"1"," 29.17052"
"1","
"
"1"," [343]"
"1"," 29.17102"
"1"," 29.17152"
"1"," 29.17202"
"1"," 29.17252"
"1"," 29.17302"
"1"," 29.17352"
"1","
"
"1"," [349]"
"1"," 29.17402"
"1"," 29.17452"
"1"," 29.17502"
"1"," 29.17552"
"1"," 29.17602"
"1"," 29.17652"
"1","
"
"1"," [355]"
"1"," 29.17702"
"1"," 29.17752"
"1"," 29.17802"
"1"," 29.17852"
"1"," 29.17902"
"1"," 29.17952"
"1","
"
"1"," [361]"
"1"," 29.18002"
"1"," 29.18052"
"1"," 29.18102"
"1"," 29.18152"
"1"," 29.18202"
"1"," 29.18252"
"1","
"
"1"," [367]"
"1"," 29.18302"
"1"," 29.18352"
"1"," 29.18402"
"1"," 29.18452"
"1"," 29.18502"
"1"," 29.18552"
"1","
"
"1"," [373]"
"1"," 29.18602"
"1"," 29.18652"
"1"," 29.18702"
"1"," 29.18752"
"1"," 29.18802"
"1"," 29.18852"
"1","
"
"1"," [379]"
"1"," 29.18902"
"1"," 29.18952"
"1"," 29.19002"
"1"," 29.19052"
"1"," 29.19102"
"1"," 29.19152"
"1","
"
"1"," [385]"
"1"," 29.19202"
"1"," 29.19252"
"1"," 29.19302"
"1"," 29.19352"
"1"," 29.19402"
"1"," 29.19452"
"1","
"
"1"," [391]"
"1"," 29.19502"
"1"," 29.19552"
"1"," 29.19602"
"1"," 29.19652"
"1"," 29.19702"
"1"," 29.19752"
"1","
"
"1"," [397]"
"1"," 29.19802"
"1"," 29.19852"
"1"," 29.19902"
"1"," 29.19952"
"1"," 29.20002"
"1"," 29.20052"
"1","
"
"1"," [403]"
"1"," 29.20102"
"1"," 29.20152"
"1"," 29.20202"
"1"," 29.20252"
"1"," 29.20302"
"1"," 29.20352"
"1","
"
"1"," [409]"
"1"," 29.20402"
"1"," 29.20452"
"1"," 29.20502"
"1"," 29.20552"
"1"," 29.20602"
"1"," 29.20652"
"1","
"
"1"," [415]"
"1"," 29.20702"
"1"," 29.20752"
"1"," 29.20802"
"1"," 29.20852"
"1"," 29.20902"
"1"," 29.20952"
"1","
"
"1"," [421]"
"1"," 29.21002"
"1"," 29.21052"
"1"," 29.21102"
"1"," 29.21152"
"1"," 29.21202"
"1"," 29.21252"
"1","
"
"1"," [427]"
"1"," 29.21302"
"1"," 29.21352"
"1"," 29.21402"
"1"," 29.21452"
"1"," 29.21502"
"1"," 29.21552"
"1","
"
"1"," [433]"
"1"," 29.21602"
"1"," 29.21652"
"1"," 29.21702"
"1"," 29.21752"
"1"," 29.21802"
"1"," 29.21852"
"1","
"
"1"," [439]"
"1"," 29.21902"
"1"," 29.21952"
"1"," 29.22002"
"1"," 29.22052"
"1"," 29.22102"
"1"," 29.22152"
"1","
"
"1"," [445]"
"1"," 29.22202"
"1"," 29.22252"
"1"," 29.22302"
"1"," 29.22352"
"1"," 29.22402"
"1"," 29.22452"
"1","
"
"1"," [451]"
"1"," 29.22502"
"1"," 29.22552"
"1"," 29.22602"
"1"," 29.22652"
"1"," 29.22702"
"1"," 29.22752"
"1","
"
"1"," [457]"
"1"," 29.22802"
"1"," 29.22852"
"1"," 29.22902"
"1"," 29.22952"
"1"," 29.23002"
"1"," 29.23052"
"1","
"
"1"," [463]"
"1"," 29.23102"
"1"," 29.23152"
"1"," 29.23202"
"1"," 29.23252"
"1"," 29.23302"
"1"," 29.23352"
"1","
"
"1"," [469]"
"1"," 29.23402"
"1"," 29.23452"
"1"," 29.23502"
"1"," 29.23552"
"1"," 29.23602"
"1"," 29.23652"
"1","
"
"1"," [475]"
"1"," 29.23702"
"1"," 29.23752"
"1"," 29.23802"
"1"," 29.23852"
"1"," 29.23902"
"1"," 29.23952"
"1","
"
"1"," [481]"
"1"," 29.24002"
"1"," 29.24052"
"1"," 29.24102"
"1"," 29.24152"
"1"," 29.24202"
"1"," 29.24252"
"1","
"
"1"," [487]"
"1"," 29.24302"
"1"," 29.24352"
"1"," 29.24402"
"1"," 29.24452"
"1"," 29.24502"
"1"," 29.24552"
"1","
"
"1"," [493]"
"1"," 29.24602"
"1"," 29.24652"
"1"," 29.24702"
"1"," 29.24752"
"1"," 29.24802"
"1"," 29.24852"
"1","
"
"1"," [499]"
"1"," 29.24902"
"1"," 29.24952"
"1"," 29.25003"
"1"," 29.25053"
"1"," 29.25103"
"1"," 29.25153"
"1","
"
"1"," [505]"
"1"," 29.25203"
"1"," 29.25253"
"1"," 29.25303"
"1"," 29.25353"
"1"," 29.25403"
"1"," 29.25453"
"1","
"
"1"," [511]"
"1"," 29.25503"
"1"," 29.25553"
"1"," 29.25603"
"1"," 29.25653"
"1"," 29.25703"
"1"," 29.25753"
"1","
"
"1"," [517]"
"1"," 29.25803"
"1"," 29.25853"
"1"," 29.25903"
"1"," 29.25953"
"1"," 29.26003"
"1"," 29.26053"
"1","
"
"1"," [523]"
"1"," 29.26103"
"1"," 29.26153"
"1"," 29.26203"
"1"," 29.26253"
"1"," 29.26303"
"1"," 29.26353"
"1","
"
"1"," [529]"
"1"," 29.26403"
"1"," 29.26453"
"1"," 29.26503"
"1"," 29.26553"
"1"," 29.26603"
"1"," 29.26653"
"1","
"
"1"," [535]"
"1"," 29.26703"
"1"," 29.26753"
"1"," 29.26803"
"1"," 29.26853"
"1"," 29.26903"
"1"," 29.26953"
"1","
"
"1"," [541]"
"1"," 29.27003"
"1"," 29.27053"
"1"," 29.27103"
"1"," 29.27153"
"1"," 29.27203"
"1"," 29.27253"
"1","
"
"1"," [547]"
"1"," 29.27303"
"1"," 29.27353"
"1"," 29.27403"
"1"," 29.27453"
"1"," 29.27503"
"1"," 29.27553"
"1","
"
"1"," [553]"
"1"," 29.27603"
"1"," 29.27653"
"1"," 29.27703"
"1"," 29.27753"
"1"," 29.27803"
"1"," 29.27853"
"1","
"
"1"," [559]"
"1"," 29.27903"
"1"," 29.27953"
"1"," 29.28003"
"1"," 29.28053"
"1"," 29.28103"
"1"," 29.28153"
"1","
"
"1"," [565]"
"1"," 29.28203"
"1"," 29.28253"
"1"," 29.28303"
"1"," 29.28353"
"1"," 29.28403"
"1"," 29.28453"
"1","
"
"1"," [571]"
"1"," 29.28503"
"1"," 29.28553"
"1"," 29.28603"
"1"," 29.28653"
"1"," 29.28703"
"1"," 29.28753"
"1","
"
"1"," [577]"
"1"," 29.28803"
"1"," 29.28853"
"1"," 29.28903"
"1"," 29.28953"
"1"," 29.29003"
"1"," 29.29053"
"1","
"
"1"," [583]"
"1"," 29.29103"
"1"," 29.29153"
"1"," 29.29203"
"1"," 29.29253"
"1"," 29.29303"
"1"," 29.29353"
"1","
"
"1"," [589]"
"1"," 29.29403"
"1"," 29.29453"
"1"," 29.29503"
"1"," 29.29553"
"1"," 29.29603"
"1"," 29.29653"
"1","
"
"1"," [595]"
"1"," 29.29703"
"1"," 29.29753"
"1"," 29.29803"
"1"," 29.29853"
"1"," 29.29903"
"1"," 29.29953"
"1","
"
"1"," [601]"
"1"," 29.30003"
"1"," 29.30053"
"1"," 29.30103"
"1"," 29.30153"
"1"," 29.30203"
"1"," 29.30253"
"1","
"
"1"," [607]"
"1"," 29.30303"
"1"," 29.30353"
"1"," 29.30403"
"1"," 29.30453"
"1"," 29.30503"
"1"," 29.30553"
"1","
"
"1"," [613]"
"1"," 29.30603"
"1"," 29.30653"
"1"," 29.30703"
"1"," 29.30753"
"1"," 29.30803"
"1"," 29.30853"
"1","
"
"1"," [619]"
"1"," 29.30903"
"1"," 29.30953"
"1"," 29.31003"
"1"," 29.31053"
"1"," 29.31103"
"1"," 29.31153"
"1","
"
"1"," [625]"
"1"," 29.31203"
"1"," 29.31253"
"1"," 29.31303"
"1"," 29.31353"
"1"," 29.31403"
"1"," 29.31453"
"1","
"
"1"," [631]"
"1"," 29.31503"
"1"," 29.31553"
"1"," 29.31603"
"1"," 29.31653"
"1"," 29.31703"
"1"," 29.31753"
"1","
"
"1"," [637]"
"1"," 29.31803"
"1"," 29.31853"
"1"," 29.31903"
"1"," 29.31953"
"1"," 29.32003"
"1"," 29.32053"
"1","
"
"1"," [643]"
"1"," 29.32103"
"1"," 29.32153"
"1"," 29.32203"
"1"," 29.32253"
"1"," 29.32303"
"1"," 29.32353"
"1","
"
"1"," [649]"
"1"," 29.32403"
"1"," 29.32453"
"1"," 29.32503"
"1"," 29.32553"
"1"," 29.32603"
"1"," 29.32653"
"1","
"
"1"," [655]"
"1"," 29.32703"
"1"," 29.32753"
"1"," 29.32803"
"1"," 29.32853"
"1"," 29.32903"
"1"," 29.32953"
"1","
"
"1"," [661]"
"1"," 29.33003"
"1"," 29.33053"
"1"," 29.33103"
"1"," 29.33153"
"1"," 29.33203"
"1"," 29.33253"
"1","
"
"1"," [667]"
"1"," 29.33303"
"1"," 29.33353"
"1"," 29.33403"
"1"," 29.33453"
"1"," 29.33503"
"1"," 29.33553"
"1","
"
"1"," [673]"
"1"," 29.33603"
"1"," 29.33653"
"1"," 29.33703"
"1"," 29.33753"
"1"," 29.33803"
"1"," 29.33853"
"1","
"
"1"," [679]"
"1"," 29.33903"
"1"," 29.33953"
"1"," 29.34003"
"1"," 29.34053"
"1"," 29.34103"
"1"," 29.34153"
"1","
"
"1"," [685]"
"1"," 29.34203"
"1"," 29.34253"
"1"," 29.34303"
"1"," 29.34353"
"1"," 29.34403"
"1"," 29.34453"
"1","
"
"1"," [691]"
"1"," 29.34503"
"1"," 29.34553"
"1"," 29.34603"
"1"," 29.34653"
"1"," 29.34703"
"1"," 29.34753"
"1","
"
"1"," [697]"
"1"," 29.34803"
"1"," 29.34853"
"1"," 29.34903"
"1"," 29.34953"
"1"," 29.35004"
"1"," 29.35054"
"1","
"
"1"," [703]"
"1"," 29.35104"
"1"," 29.35154"
"1"," 29.35204"
"1"," 29.35254"
"1"," 29.35304"
"1"," 29.35354"
"1","
"
"1"," [709]"
"1"," 29.35404"
"1"," 29.35454"
"1"," 29.35504"
"1"," 29.35554"
"1"," 29.35604"
"1"," 29.35654"
"1","
"
"1"," [715]"
"1"," 29.35704"
"1"," 29.35754"
"1"," 29.35804"
"1"," 29.35854"
"1"," 29.35904"
"1"," 29.35954"
"1","
"
"1"," [721]"
"1"," 29.36004"
"1"," 29.36054"
"1"," 29.36104"
"1"," 29.36154"
"1"," 29.36204"
"1"," 29.36254"
"1","
"
"1"," [727]"
"1"," 29.36304"
"1"," 29.36354"
"1"," 29.36404"
"1"," 29.36454"
"1"," 29.36504"
"1"," 29.36554"
"1","
"
"1"," [733]"
"1"," 29.36604"
"1"," 29.36654"
"1"," 29.36704"
"1"," 29.36754"
"1"," 29.36804"
"1"," 29.36854"
"1","
"
"1"," [739]"
"1"," 29.36904"
"1"," 29.36954"
"1"," 29.37004"
"1"," 29.37054"
"1"," 29.37104"
"1"," 29.37154"
"1","
"
"1"," [745]"
"1"," 29.37204"
"1"," 29.37254"
"1"," 29.37304"
"1"," 29.37354"
"1"," 29.37404"
"1"," 29.37454"
"1","
"
"1"," [751]"
"1"," 29.37504"
"1"," 29.37554"
"1"," 29.37604"
"1"," 29.37654"
"1"," 29.37704"
"1"," 29.37754"
"1","
"
"1"," [757]"
"1"," 29.37804"
"1"," 29.37854"
"1"," 29.37904"
"1"," 29.37954"
"1"," 29.38004"
"1"," 29.38054"
"1","
"
"1"," [763]"
"1"," 29.38104"
"1"," 29.38154"
"1"," 29.38204"
"1"," 29.38254"
"1"," 29.38304"
"1"," 29.38354"
"1","
"
"1"," [769]"
"1"," 29.38404"
"1"," 29.38454"
"1"," 29.38504"
"1"," 29.38554"
"1"," 29.38604"
"1"," 29.38654"
"1","
"
"1"," [775]"
"1"," 29.38704"
"1"," 29.38754"
"1"," 29.38804"
"1"," 29.38854"
"1"," 29.38904"
"1"," 29.38954"
"1","
"
"1"," [781]"
"1"," 29.39004"
"1"," 29.39054"
"1"," 29.39104"
"1"," 29.39154"
"1"," 29.39204"
"1"," 29.39254"
"1","
"
"1"," [787]"
"1"," 29.39304"
"1"," 29.39354"
"1"," 29.39404"
"1"," 29.39454"
"1"," 29.39504"
"1"," 29.39554"
"1","
"
"1"," [793]"
"1"," 29.39604"
"1"," 29.39654"
"1"," 29.39704"
"1"," 29.39754"
"1"," 29.39804"
"1"," 29.39854"
"1","
"
"1"," [799]"
"1"," 29.39904"
"1"," 29.39954"
"1"," 29.40004"
"1"," 29.40054"
"1"," 29.40104"
"1"," 29.40154"
"1","
"
"1"," [805]"
"1"," 29.40204"
"1"," 29.40254"
"1"," 29.40304"
"1"," 29.40354"
"1"," 29.40404"
"1"," 29.40454"
"1","
"
"1"," [811]"
"1"," 29.40504"
"1"," 29.40554"
"1"," 29.40604"
"1"," 29.40654"
"1"," 29.40704"
"1"," 29.40754"
"1","
"
"1"," [817]"
"1"," 29.40804"
"1"," 29.40854"
"1"," 29.40904"
"1"," 29.40954"
"1"," 29.41004"
"1"," 29.41054"
"1","
"
"1"," [823]"
"1"," 29.41104"
"1"," 29.41154"
"1"," 29.41204"
"1"," 29.41254"
"1"," 29.41304"
"1"," 29.41354"
"1","
"
"1"," [829]"
"1"," 29.41404"
"1"," 29.41454"
"1"," 29.41504"
"1"," 29.41554"
"1"," 29.41604"
"1"," 29.41654"
"1","
"
"1"," [835]"
"1"," 29.41704"
"1"," 29.41754"
"1"," 29.41804"
"1"," 29.41854"
"1"," 29.41904"
"1"," 29.41954"
"1","
"
"1"," [841]"
"1"," 29.42004"
"1"," 29.42054"
"1"," 29.42104"
"1"," 29.42154"
"1"," 29.42204"
"1"," 29.42254"
"1","
"
"1"," [847]"
"1"," 29.42304"
"1"," 29.42354"
"1"," 29.42404"
"1"," 29.42454"
"1"," 29.42504"
"1"," 29.42554"
"1","
"
"1"," [853]"
"1"," 29.42604"
"1"," 29.42654"
"1"," 29.42704"
"1"," 29.42754"
"1"," 29.42804"
"1"," 29.42854"
"1","
"
"1"," [859]"
"1"," 29.42904"
"1"," 29.42954"
"1"," 29.43004"
"1"," 29.43054"
"1"," 29.43104"
"1"," 29.43154"
"1","
"
"1"," [865]"
"1"," 29.43204"
"1"," 29.43254"
"1"," 29.43304"
"1"," 29.43354"
"1"," 29.43404"
"1"," 29.43454"
"1","
"
"1"," [871]"
"1"," 29.43504"
"1"," 29.43554"
"1"," 29.43604"
"1"," 29.43654"
"1"," 29.43704"
"1"," 29.43754"
"1","
"
"1"," [877]"
"1"," 29.43804"
"1"," 29.43854"
"1"," 29.43904"
"1"," 29.43954"
"1"," 29.44004"
"1"," 29.44054"
"1","
"
"1"," [883]"
"1"," 29.44104"
"1"," 29.44154"
"1"," 29.44204"
"1"," 29.44254"
"1"," 29.44304"
"1"," 29.44354"
"1","
"
"1"," [889]"
"1"," 29.44404"
"1"," 29.44454"
"1"," 29.44504"
"1"," 29.44554"
"1"," 29.44604"
"1"," 29.44654"
"1","
"
"1"," [895]"
"1"," 29.44704"
"1"," 29.44754"
"1"," 29.44804"
"1"," 29.44854"
"1"," 29.44904"
"1"," 29.44954"
"1","
"
"1"," [901]"
"1"," 29.45005"
"1"," 29.45055"
"1"," 29.45105"
"1"," 29.45155"
"1"," 29.45205"
"1"," 29.45255"
"1","
"
"1"," [907]"
"1"," 29.45305"
"1"," 29.45355"
"1"," 29.45405"
"1"," 29.45455"
"1"," 29.45505"
"1"," 29.45555"
"1","
"
"1"," [913]"
"1"," 29.45605"
"1"," 29.45655"
"1"," 29.45705"
"1"," 29.45755"
"1"," 29.45805"
"1"," 29.45855"
"1","
"
"1"," [919]"
"1"," 29.45905"
"1"," 29.45955"
"1"," 29.46005"
"1"," 29.46055"
"1"," 29.46105"
"1"," 29.46155"
"1","
"
"1"," [925]"
"1"," 29.46205"
"1"," 29.46255"
"1"," 29.46305"
"1"," 29.46355"
"1"," 29.46405"
"1"," 29.46455"
"1","
"
"1"," [931]"
"1"," 29.46505"
"1"," 29.46555"
"1"," 29.46605"
"1"," 29.46655"
"1"," 29.46705"
"1"," 29.46755"
"1","
"
"1"," [937]"
"1"," 29.46805"
"1"," 29.46855"
"1"," 29.46905"
"1"," 29.46955"
"1"," 29.47005"
"1"," 29.47055"
"1","
"
"1"," [943]"
"1"," 29.47105"
"1"," 29.47155"
"1"," 29.47205"
"1"," 29.47255"
"1"," 29.47305"
"1"," 29.47355"
"1","
"
"1"," [949]"
"1"," 29.47405"
"1"," 29.47455"
"1"," 29.47505"
"1"," 29.47555"
"1"," 29.47605"
"1"," 29.47655"
"1","
"
"1"," [955]"
"1"," 29.47705"
"1"," 29.47755"
"1"," 29.47805"
"1"," 29.47855"
"1"," 29.47905"
"1"," 29.47955"
"1","
"
"1"," [961]"
"1"," 29.48005"
"1"," 29.48055"
"1"," 29.48105"
"1"," 29.48155"
"1"," 29.48205"
"1"," 29.48255"
"1","
"
"1"," [967]"
"1"," 29.48305"
"1"," 29.48355"
"1"," 29.48405"
"1"," 29.48455"
"1"," 29.48505"
"1"," 29.48555"
"1","
"
"1"," [973]"
"1"," 29.48605"
"1"," 29.48655"
"1"," 29.48705"
"1"," 29.48755"
"1"," 29.48805"
"1"," 29.48855"
"1","
"
"1"," [979]"
"1"," 29.48905"
"1"," 29.48955"
"1"," 29.49005"
"1"," 29.49055"
"1"," 29.49105"
"1"," 29.49155"
"1","
"
"1"," [985]"
"1"," 29.49205"
"1"," 29.49255"
"1"," 29.49305"
"1"," 29.49355"
"1"," 29.49405"
"1"," 29.49455"
"1","
"
"1"," [991]"
"1"," 29.49505"
"1"," 29.49555"
"1"," 29.49605"
"1"," 29.49655"
"1"," 29.49705"
"1"," 29.49755"
"1","
"
"1"," [997]"
"1"," 29.49805"
"1"," 29.49855"
"1"," 29.49905"
"1"," 29.49955"
"1","
"
"1"," [ reached 'max' / getOption(""max.print"") -- omitted 9000 entries ]
"
"1","
"
"1","$cen
"
"1"," 50% "
"1","
"
"1","29.4 "
"1","
"
"1","
"
"1","$lag
"
"1","[1]"
"1","  0"
"1"," 85"
"1","
"
"1","
"
"1","$bylag
"
"1","[1]"
"1"," 1"
"1","
"
"1","
"
"1","$coefficients
"
"1","  cb_tmax_1 "
"1","  cb_tmax_2 "
"1","  cb_tmax_3 "
"1","  cb_tmax_4 "
"1","  cb_tmax_5 "
"1","
"
"1"," 0.71560523 "
"1"," 0.43578972 "
"1","-0.32470325 "
"1","-0.26453102 "
"1"," 0.73994226 "
"1","
"
"1","  cb_tmax_6 "
"1","  cb_tmax_7 "
"1","  cb_tmax_8 "
"1","  cb_tmax_9 "
"1"," cb_tmax_10 "
"1","
"
"1","-0.02879808 "
"1","-0.13123323 "
"1"," 0.04671944 "
"1"," 1.38326562 "
"1"," 0.86709805 "
"1","
"
"1"," cb_tmax_11 "
"1"," cb_tmax_12 "
"1"," cb_tmax_13 "
"1"," cb_tmax_14 "
"1"," cb_tmax_15 "
"1","
"
"1","-0.55799479 "
"1","-0.17607215 "
"1"," 0.10668331 "
"1"," 0.31630822 "
"1","-0.51348908 "
"1","
"
"1"," cb_tmax_16 "
"1","
"
"1"," 0.05703582 "
"1","
"
"1","
"
"1","$vcov
"
"1","          "
"1","   cb_tmax_1"
"1","    cb_tmax_2"
"1","   cb_tmax_3"
"1","   cb_tmax_4"
"1","
cb_tmax_1 "
"1","  0.30800830"
"1"," -0.105069045"
"1"," -0.06589468"
"1","  0.09023367"
"1","
cb_tmax_2 "
"1"," -0.10506905"
"1","  0.202328996"
"1"," -0.08200317"
"1"," -0.16031232"
"1","
cb_tmax_3 "
"1"," -0.06589468"
"1"," -0.082003173"
"1","  0.11394833"
"1","  0.08261387"
"1","
cb_tmax_4 "
"1","  0.09023367"
"1"," -0.160312316"
"1","  0.08261387"
"1","  0.25756734"
"1","
cb_tmax_5 "
"1","  0.19200116"
"1"," -0.072456317"
"1"," -0.03962455"
"1","  0.05211685"
"1","
cb_tmax_6 "
"1"," -0.06237635"
"1","  0.119359612"
"1"," -0.04469281"
"1"," -0.08435008"
"1","
cb_tmax_7 "
"1"," -0.04813161"
"1"," -0.042878522"
"1","  0.06721591"
"1","  0.03936562"
"1","
cb_tmax_8 "
"1","  0.05924722"
"1"," -0.086817902"
"1","  0.03870126"
"1","  0.13874370"
"1","
cb_tmax_9 "
"1","  0.61945410"
"1"," -0.219333520"
"1"," -0.12684216"
"1","  0.18399897"
"1","
cb_tmax_10"
"1"," -0.21002184"
"1","  0.411069500"
"1"," -0.16742233"
"1"," -0.32955416"
"1","
cb_tmax_11"
"1"," -0.11495208"
"1"," -0.168332380"
"1","  0.23072028"
"1","  0.17580918"
"1","
cb_tmax_12"
"1","  0.18274628"
"1"," -0.338754275"
"1","  0.18136476"
"1","  0.54143403"
"1","
cb_tmax_13"
"1","  0.12860363"
"1"," -0.058917411"
"1"," -0.01552945"
"1","  0.04565671"
"1","
cb_tmax_14"
"1"," -0.05092389"
"1","  0.077255022"
"1"," -0.02846137"
"1"," -0.06013730"
"1","
cb_tmax_15"
"1"," -0.01987793"
"1"," -0.005934932"
"1","  0.02221722"
"1","  0.02336231"
"1","
cb_tmax_16"
"1","  0.01770011"
"1"," -0.071573757"
"1","  0.04302062"
"1","  0.10281070"
"1","
"
"1","          "
"1","    cb_tmax_5"
"1","   cb_tmax_6"
"1","    cb_tmax_7"
"1","   cb_tmax_8"
"1","
cb_tmax_1 "
"1","  0.192001162"
"1"," -0.06237635"
"1"," -0.048131609"
"1","  0.05924722"
"1","
cb_tmax_2 "
"1"," -0.072456317"
"1","  0.11935961"
"1"," -0.042878522"
"1"," -0.08681790"
"1","
cb_tmax_3 "
"1"," -0.039624549"
"1"," -0.04469281"
"1","  0.067215908"
"1","  0.03870126"
"1","
cb_tmax_4 "
"1","  0.052116853"
"1"," -0.08435008"
"1","  0.039365623"
"1","  0.13874370"
"1","
cb_tmax_5 "
"1","  0.139127459"
"1"," -0.05177064"
"1"," -0.035902665"
"1","  0.04020906"
"1","
cb_tmax_6 "
"1"," -0.051770636"
"1","  0.08336711"
"1"," -0.025645216"
"1"," -0.04930596"
"1","
cb_tmax_7 "
"1"," -0.035902665"
"1"," -0.02564522"
"1","  0.048892313"
"1","  0.01485867"
"1","
cb_tmax_8 "
"1","  0.040209064"
"1"," -0.04930596"
"1","  0.014858671"
"1","  0.08649168"
"1","
cb_tmax_9 "
"1","  0.384270655"
"1"," -0.13656276"
"1"," -0.086784777"
"1","  0.11724935"
"1","
cb_tmax_10"
"1"," -0.141937456"
"1","  0.24158160"
"1"," -0.088781267"
"1"," -0.17726457"
"1","
cb_tmax_11"
"1"," -0.071173778"
"1"," -0.08355489"
"1","  0.130113132"
"1","  0.08862812"
"1","
cb_tmax_12"
"1","  0.101135737"
"1"," -0.18386376"
"1","  0.093344132"
"1","  0.28629066"
"1","
cb_tmax_13"
"1","  0.070576835"
"1"," -0.04073465"
"1"," -0.002375284"
"1","  0.02335745"
"1","
cb_tmax_14"
"1"," -0.024758475"
"1","  0.03298287"
"1"," -0.012087642"
"1"," -0.03484683"
"1","
cb_tmax_15"
"1"," -0.016286623"
"1","  0.01503858"
"1"," -0.004762007"
"1","  0.02395582"
"1","
cb_tmax_16"
"1","  0.008213724"
"1"," -0.04643665"
"1","  0.032143992"
"1","  0.04178637"
"1","
"
"1","          "
"1","   cb_tmax_9"
"1","  cb_tmax_10"
"1","  cb_tmax_11"
"1","  cb_tmax_12"
"1","
cb_tmax_1 "
"1","  0.61945410"
"1"," -0.21002184"
"1"," -0.11495208"
"1","  0.18274628"
"1","
cb_tmax_2 "
"1"," -0.21933352"
"1","  0.41106950"
"1"," -0.16833238"
"1"," -0.33875427"
"1","
cb_tmax_3 "
"1"," -0.12684216"
"1"," -0.16742233"
"1","  0.23072028"
"1","  0.18136476"
"1","
cb_tmax_4 "
"1","  0.18399897"
"1"," -0.32955416"
"1","  0.17580918"
"1","  0.54143403"
"1","
cb_tmax_5 "
"1","  0.38427065"
"1"," -0.14193746"
"1"," -0.07117378"
"1","  0.10113574"
"1","
cb_tmax_6 "
"1"," -0.13656276"
"1","  0.24158160"
"1"," -0.08355489"
"1"," -0.18386376"
"1","
cb_tmax_7 "
"1"," -0.08678478"
"1"," -0.08878127"
"1","  0.13011313"
"1","  0.09334413"
"1","
cb_tmax_8 "
"1","  0.11724935"
"1"," -0.17726457"
"1","  0.08862812"
"1","  0.28629066"
"1","
cb_tmax_9 "
"1","  1.29695772"
"1"," -0.46019995"
"1"," -0.24593884"
"1","  0.40746398"
"1","
cb_tmax_10"
"1"," -0.46019995"
"1","  0.86500084"
"1"," -0.34902482"
"1"," -0.71449188"
"1","
cb_tmax_11"
"1"," -0.24593884"
"1"," -0.34902482"
"1","  0.50645101"
"1","  0.36602746"
"1","
cb_tmax_12"
"1","  0.40746398"
"1"," -0.71449188"
"1","  0.36602746"
"1","  1.18375528"
"1","
cb_tmax_13"
"1","  0.31519671"
"1"," -0.13489675"
"1"," -0.06115181"
"1","  0.13486326"
"1","
cb_tmax_14"
"1"," -0.11158697"
"1","  0.18110085"
"1"," -0.08047634"
"1"," -0.12795446"
"1","
cb_tmax_15"
"1"," -0.08514889"
"1"," -0.02149806"
"1","  0.10965094"
"1","  0.01013810"
"1","
cb_tmax_16"
"1","  0.07146596"
"1"," -0.15744129"
"1","  0.05077909"
"1","  0.25323385"
"1","
"
"1","          "
"1","   cb_tmax_13"
"1","  cb_tmax_14"
"1","   cb_tmax_15"
"1","   cb_tmax_16"
"1","
cb_tmax_1 "
"1","  0.128603626"
"1"," -0.05092389"
"1"," -0.019877926"
"1","  0.017700110"
"1","
cb_tmax_2 "
"1"," -0.058917411"
"1","  0.07725502"
"1"," -0.005934932"
"1"," -0.071573757"
"1","
cb_tmax_3 "
"1"," -0.015529451"
"1"," -0.02846137"
"1","  0.022217216"
"1","  0.043020623"
"1","
cb_tmax_4 "
"1","  0.045656706"
"1"," -0.06013730"
"1","  0.023362305"
"1","  0.102810695"
"1","
cb_tmax_5 "
"1","  0.070576835"
"1"," -0.02475848"
"1"," -0.016286623"
"1","  0.008213724"
"1","
cb_tmax_6 "
"1"," -0.040734651"
"1","  0.03298287"
"1","  0.015038584"
"1"," -0.046436649"
"1","
cb_tmax_7 "
"1"," -0.002375284"
"1"," -0.01208764"
"1"," -0.004762007"
"1","  0.032143992"
"1","
cb_tmax_8 "
"1","  0.023357446"
"1"," -0.03484683"
"1","  0.023955818"
"1","  0.041786367"
"1","
cb_tmax_9 "
"1","  0.315196710"
"1"," -0.11158697"
"1"," -0.085148887"
"1","  0.071465961"
"1","
cb_tmax_10"
"1"," -0.134896748"
"1","  0.18110085"
"1"," -0.021498061"
"1"," -0.157441290"
"1","
cb_tmax_11"
"1"," -0.061151810"
"1"," -0.08047634"
"1","  0.109650943"
"1","  0.050779094"
"1","
cb_tmax_12"
"1","  0.134863259"
"1"," -0.12795446"
"1","  0.010138103"
"1","  0.253233853"
"1","
cb_tmax_13"
"1","  0.227054846"
"1"," -0.07367215"
"1"," -0.114009118"
"1","  0.107965641"
"1","
cb_tmax_14"
"1"," -0.073672151"
"1","  0.12766599"
"1"," -0.046652879"
"1"," -0.046024931"
"1","
cb_tmax_15"
"1"," -0.114009118"
"1"," -0.04665288"
"1","  0.175817311"
"1"," -0.084862899"
"1","
cb_tmax_16"
"1","  0.107965641"
"1"," -0.04602493"
"1"," -0.084862899"
"1","  0.162960937"
"1","
"
"1","
"
"1","$matfit
"
"1","                "
"1","          lag0"
"1","          lag1"
"1","          lag2"
"1","
29              "
"1","  4.167850e-03"
"1","  3.623134e-03"
"1","  3.080211e-03"
"1","
29.000500050005 "
"1","  4.162870e-03"
"1","  3.618683e-03"
"1","  3.076286e-03"
"1","
29.00100010001  "
"1","  4.157890e-03"
"1","  3.614231e-03"
"1","  3.072360e-03"
"1","
29.001500150015 "
"1","  4.152909e-03"
"1","  3.609779e-03"
"1","  3.068435e-03"
"1","
29.00200020002  "
"1","  4.147928e-03"
"1","  3.605327e-03"
"1","  3.064511e-03"
"1","
29.002500250025 "
"1","  4.142947e-03"
"1","  3.600875e-03"
"1","  3.060586e-03"
"1","
29.00300030003  "
"1","  4.137965e-03"
"1","  3.596423e-03"
"1","  3.056662e-03"
"1","
29.003500350035 "
"1","  4.132983e-03"
"1","  3.591971e-03"
"1","  3.052738e-03"
"1","
29.00400040004  "
"1","  4.128000e-03"
"1","  3.587518e-03"
"1","  3.048814e-03"
"1","
29.004500450045 "
"1","  4.123017e-03"
"1","  3.583066e-03"
"1","  3.044891e-03"
"1","
29.00500050005  "
"1","  4.118034e-03"
"1","  3.578614e-03"
"1","  3.040968e-03"
"1","
"
"1","                "
"1","          lag3"
"1","          lag4"
"1","          lag5"
"1","
29              "
"1","  2.540872e-03"
"1","  2.006910e-03"
"1","  1.480116e-03"
"1","
29.000500050005 "
"1","  2.537470e-03"
"1","  2.004025e-03"
"1","  1.477741e-03"
"1","
29.00100010001  "
"1","  2.534067e-03"
"1","  2.001140e-03"
"1","  1.475367e-03"
"1","
29.001500150015 "
"1","  2.530666e-03"
"1","  1.998256e-03"
"1","  1.472995e-03"
"1","
29.00200020002  "
"1","  2.527265e-03"
"1","  1.995374e-03"
"1","  1.470623e-03"
"1","
29.002500250025 "
"1","  2.523864e-03"
"1","  1.992492e-03"
"1","  1.468253e-03"
"1","
29.00300030003  "
"1","  2.520464e-03"
"1","  1.989611e-03"
"1","  1.465884e-03"
"1","
29.003500350035 "
"1","  2.517065e-03"
"1","  1.986731e-03"
"1","  1.463516e-03"
"1","
29.00400040004  "
"1","  2.513666e-03"
"1","  1.983852e-03"
"1","  1.461150e-03"
"1","
29.004500450045 "
"1","  2.510268e-03"
"1","  1.980974e-03"
"1","  1.458784e-03"
"1","
29.00500050005  "
"1","  2.506870e-03"
"1","  1.978096e-03"
"1","  1.456420e-03"
"1","
"
"1","                "
"1","          lag6"
"1","          lag7"
"1","          lag8"
"1","
29              "
"1","  9.622836e-04"
"1","  4.552039e-04"
"1"," -3.933050e-05"
"1","
29.000500050005 "
"1","  9.604099e-04"
"1","  4.538211e-04"
"1"," -4.023495e-05"
"1","
29.00100010001  "
"1","  9.585378e-04"
"1","  4.524400e-04"
"1"," -4.113725e-05"
"1","
29.001500150015 "
"1","  9.566672e-04"
"1","  4.510609e-04"
"1"," -4.203740e-05"
"1","
29.00200020002  "
"1","  9.547981e-04"
"1","  4.496835e-04"
"1"," -4.293540e-05"
"1","
29.002500250025 "
"1","  9.529306e-04"
"1","  4.483081e-04"
"1"," -4.383125e-05"
"1","
29.00300030003  "
"1","  9.510646e-04"
"1","  4.469344e-04"
"1"," -4.472495e-05"
"1","
29.003500350035 "
"1","  9.492001e-04"
"1","  4.455627e-04"
"1"," -4.561650e-05"
"1","
29.00400040004  "
"1","  9.473372e-04"
"1","  4.441927e-04"
"1"," -4.650589e-05"
"1","
29.004500450045 "
"1","  9.454759e-04"
"1","  4.428247e-04"
"1"," -4.739312e-05"
"1","
29.00500050005  "
"1","  9.436161e-04"
"1","  4.414585e-04"
"1"," -4.827820e-05"
"1","
"
"1","                "
"1","          lag9"
"1","         lag10"
"1","         lag11"
"1","
29              "
"1"," -5.195275e-04"
"1"," -9.835949e-04"
"1"," -1.429740e-03"
"1","
29.000500050005 "
"1"," -5.199677e-04"
"1"," -9.835868e-04"
"1"," -1.429302e-03"
"1","
29.00100010001  "
"1"," -5.204054e-04"
"1"," -9.835759e-04"
"1"," -1.428860e-03"
"1","
29.001500150015 "
"1"," -5.208408e-04"
"1"," -9.835624e-04"
"1"," -1.428415e-03"
"1","
29.00200020002  "
"1"," -5.212736e-04"
"1"," -9.835461e-04"
"1"," -1.427968e-03"
"1","
29.002500250025 "
"1"," -5.217041e-04"
"1"," -9.835271e-04"
"1"," -1.427517e-03"
"1","
29.00300030003  "
"1"," -5.221320e-04"
"1"," -9.835053e-04"
"1"," -1.427063e-03"
"1","
29.003500350035 "
"1"," -5.225576e-04"
"1"," -9.834808e-04"
"1"," -1.426606e-03"
"1","
29.00400040004  "
"1"," -5.229807e-04"
"1"," -9.834536e-04"
"1"," -1.426147e-03"
"1","
29.004500450045 "
"1"," -5.234013e-04"
"1"," -9.834237e-04"
"1"," -1.425684e-03"
"1","
29.00500050005  "
"1"," -5.238195e-04"
"1"," -9.833910e-04"
"1"," -1.425218e-03"
"1","
"
"1","                "
"1","         lag12"
"1","         lag13"
"1","         lag14"
"1","
29              "
"1"," -1.856172e-03"
"1"," -2.261098e-03"
"1"," -2.642725e-03"
"1","
29.000500050005 "
"1"," -1.855322e-03"
"1"," -2.259858e-03"
"1"," -2.641118e-03"
"1","
29.00100010001  "
"1"," -1.854469e-03"
"1"," -2.258615e-03"
"1"," -2.639508e-03"
"1","
29.001500150015 "
"1"," -1.853613e-03"
"1"," -2.257368e-03"
"1"," -2.637894e-03"
"1","
29.00200020002  "
"1"," -1.852753e-03"
"1"," -2.256118e-03"
"1"," -2.636276e-03"
"1","
29.002500250025 "
"1"," -1.851890e-03"
"1"," -2.254864e-03"
"1"," -2.634655e-03"
"1","
29.00300030003  "
"1"," -1.851024e-03"
"1"," -2.253607e-03"
"1"," -2.633029e-03"
"1","
29.003500350035 "
"1"," -1.850155e-03"
"1"," -2.252346e-03"
"1"," -2.631400e-03"
"1","
29.00400040004  "
"1"," -1.849282e-03"
"1"," -2.251082e-03"
"1"," -2.629768e-03"
"1","
29.004500450045 "
"1"," -1.848406e-03"
"1"," -2.249814e-03"
"1"," -2.628131e-03"
"1","
29.00500050005  "
"1"," -1.847527e-03"
"1"," -2.248543e-03"
"1"," -2.626491e-03"
"1","
"
"1","                "
"1","         lag15"
"1","         lag16"
"1","         lag17"
"1","
29              "
"1"," -2.999261e-03"
"1"," -3.328915e-03"
"1"," -3.629894e-03"
"1","
29.000500050005 "
"1"," -2.997313e-03"
"1"," -3.326651e-03"
"1"," -3.627343e-03"
"1","
29.00100010001  "
"1"," -2.995360e-03"
"1"," -3.324383e-03"
"1"," -3.624788e-03"
"1","
29.001500150015 "
"1"," -2.993404e-03"
"1"," -3.322111e-03"
"1"," -3.622228e-03"
"1","
29.00200020002  "
"1"," -2.991443e-03"
"1"," -3.319834e-03"
"1"," -3.619664e-03"
"1","
29.002500250025 "
"1"," -2.989479e-03"
"1"," -3.317553e-03"
"1"," -3.617095e-03"
"1","
29.00300030003  "
"1"," -2.987510e-03"
"1"," -3.315268e-03"
"1"," -3.614522e-03"
"1","
29.003500350035 "
"1"," -2.985538e-03"
"1"," -3.312979e-03"
"1"," -3.611944e-03"
"1","
29.00400040004  "
"1"," -2.983562e-03"
"1"," -3.310686e-03"
"1"," -3.609363e-03"
"1","
29.004500450045 "
"1"," -2.981581e-03"
"1"," -3.308389e-03"
"1"," -3.606777e-03"
"1","
29.00500050005  "
"1"," -2.979597e-03"
"1"," -3.306087e-03"
"1"," -3.604186e-03"
"1","
"
"1","                "
"1","         lag18"
"1","         lag19"
"1","         lag20"
"1","
29              "
"1"," -3.900407e-03"
"1"," -4.138659e-03"
"1"," -4.342861e-03"
"1","
29.000500050005 "
"1"," -3.897598e-03"
"1"," -4.135626e-03"
"1"," -4.339636e-03"
"1","
29.00100010001  "
"1"," -3.894786e-03"
"1"," -4.132588e-03"
"1"," -4.336406e-03"
"1","
29.001500150015 "
"1"," -3.891968e-03"
"1"," -4.129545e-03"
"1"," -4.333172e-03"
"1","
29.00200020002  "
"1"," -3.889146e-03"
"1"," -4.126498e-03"
"1"," -4.329932e-03"
"1","
29.002500250025 "
"1"," -3.886320e-03"
"1"," -4.123446e-03"
"1"," -4.326688e-03"
"1","
29.00300030003  "
"1"," -3.883489e-03"
"1"," -4.120389e-03"
"1"," -4.323439e-03"
"1","
29.003500350035 "
"1"," -3.880654e-03"
"1"," -4.117327e-03"
"1"," -4.320185e-03"
"1","
29.00400040004  "
"1"," -3.877814e-03"
"1"," -4.114261e-03"
"1"," -4.316927e-03"
"1","
29.004500450045 "
"1"," -3.874969e-03"
"1"," -4.111190e-03"
"1"," -4.313663e-03"
"1","
29.00500050005  "
"1"," -3.872120e-03"
"1"," -4.108115e-03"
"1"," -4.310395e-03"
"1","
"
"1","                "
"1","         lag21"
"1","         lag22"
"1","         lag23"
"1","
29              "
"1"," -4.511219e-03"
"1"," -4.641941e-03"
"1"," -4.733235e-03"
"1","
29.000500050005 "
"1"," -4.507838e-03"
"1"," -4.638441e-03"
"1"," -4.729655e-03"
"1","
29.00100010001  "
"1"," -4.504452e-03"
"1"," -4.634936e-03"
"1"," -4.726070e-03"
"1","
29.001500150015 "
"1"," -4.501061e-03"
"1"," -4.631426e-03"
"1"," -4.722481e-03"
"1","
29.00200020002  "
"1"," -4.497665e-03"
"1"," -4.627911e-03"
"1"," -4.718885e-03"
"1","
29.002500250025 "
"1"," -4.494265e-03"
"1"," -4.624391e-03"
"1"," -4.715285e-03"
"1","
29.00300030003  "
"1"," -4.490859e-03"
"1"," -4.620866e-03"
"1"," -4.711680e-03"
"1","
29.003500350035 "
"1"," -4.487448e-03"
"1"," -4.617336e-03"
"1"," -4.708070e-03"
"1","
29.00400040004  "
"1"," -4.484033e-03"
"1"," -4.613801e-03"
"1"," -4.704454e-03"
"1","
29.004500450045 "
"1"," -4.480612e-03"
"1"," -4.610261e-03"
"1"," -4.700834e-03"
"1","
29.00500050005  "
"1"," -4.477187e-03"
"1"," -4.606716e-03"
"1"," -4.697208e-03"
"1","
"
"1","                "
"1","         lag24"
"1","         lag25"
"1","         lag26"
"1","
29              "
"1"," -4.783309e-03"
"1"," -4.790371e-03"
"1"," -4.752628e-03"
"1","
29.000500050005 "
"1"," -4.779690e-03"
"1"," -4.786755e-03"
"1"," -4.749060e-03"
"1","
29.00100010001  "
"1"," -4.776066e-03"
"1"," -4.783135e-03"
"1"," -4.745487e-03"
"1","
29.001500150015 "
"1"," -4.772437e-03"
"1"," -4.779509e-03"
"1"," -4.741909e-03"
"1","
29.00200020002  "
"1"," -4.768803e-03"
"1"," -4.775878e-03"
"1"," -4.738325e-03"
"1","
29.002500250025 "
"1"," -4.765163e-03"
"1"," -4.772241e-03"
"1"," -4.734737e-03"
"1","
29.00300030003  "
"1"," -4.761518e-03"
"1"," -4.768600e-03"
"1"," -4.731143e-03"
"1","
29.003500350035 "
"1"," -4.757869e-03"
"1"," -4.764953e-03"
"1"," -4.727544e-03"
"1","
29.00400040004  "
"1"," -4.754214e-03"
"1"," -4.761302e-03"
"1"," -4.723940e-03"
"1","
29.004500450045 "
"1"," -4.750554e-03"
"1"," -4.757645e-03"
"1"," -4.720331e-03"
"1","
29.00500050005  "
"1"," -4.746888e-03"
"1"," -4.753983e-03"
"1"," -4.716716e-03"
"1","
"
"1","                "
"1","         lag27"
"1","         lag28"
"1","         lag29"
"1","
29              "
"1"," -4.668289e-03"
"1"," -4.535561e-03"
"1"," -4.352923e-03"
"1","
29.000500050005 "
"1"," -4.664815e-03"
"1"," -4.532228e-03"
"1"," -4.349781e-03"
"1","
29.00100010001  "
"1"," -4.661335e-03"
"1"," -4.528890e-03"
"1"," -4.346634e-03"
"1","
29.001500150015 "
"1"," -4.657850e-03"
"1"," -4.525547e-03"
"1"," -4.343482e-03"
"1","
29.00200020002  "
"1"," -4.654361e-03"
"1"," -4.522199e-03"
"1"," -4.340325e-03"
"1","
29.002500250025 "
"1"," -4.650866e-03"
"1"," -4.518846e-03"
"1"," -4.337163e-03"
"1","
29.00300030003  "
"1"," -4.647366e-03"
"1"," -4.515488e-03"
"1"," -4.333996e-03"
"1","
29.003500350035 "
"1"," -4.643861e-03"
"1"," -4.512124e-03"
"1"," -4.330824e-03"
"1","
29.00400040004  "
"1"," -4.640351e-03"
"1"," -4.508756e-03"
"1"," -4.327647e-03"
"1","
29.004500450045 "
"1"," -4.636835e-03"
"1"," -4.505383e-03"
"1"," -4.324465e-03"
"1","
29.00500050005  "
"1"," -4.633315e-03"
"1"," -4.502004e-03"
"1"," -4.321278e-03"
"1","
"
"1","                "
"1","         lag30"
"1","         lag31"
"1","         lag32"
"1","
29              "
"1"," -4.122008e-03"
"1"," -3.846483e-03"
"1"," -3.530049e-03"
"1","
29.000500050005 "
"1"," -4.119104e-03"
"1"," -3.843862e-03"
"1"," -3.527752e-03"
"1","
29.00100010001  "
"1"," -4.116196e-03"
"1"," -3.841237e-03"
"1"," -3.525450e-03"
"1","
29.001500150015 "
"1"," -4.113283e-03"
"1"," -3.838607e-03"
"1"," -3.523143e-03"
"1","
29.00200020002  "
"1"," -4.110365e-03"
"1"," -3.835972e-03"
"1"," -3.520833e-03"
"1","
29.002500250025 "
"1"," -4.107442e-03"
"1"," -3.833332e-03"
"1"," -3.518517e-03"
"1","
29.00300030003  "
"1"," -4.104514e-03"
"1"," -3.830688e-03"
"1"," -3.516197e-03"
"1","
29.003500350035 "
"1"," -4.101581e-03"
"1"," -3.828039e-03"
"1"," -3.513873e-03"
"1","
29.00400040004  "
"1"," -4.098644e-03"
"1"," -3.825385e-03"
"1"," -3.511543e-03"
"1","
29.004500450045 "
"1"," -4.095702e-03"
"1"," -3.822727e-03"
"1"," -3.509210e-03"
"1","
29.00500050005  "
"1"," -4.092754e-03"
"1"," -3.820064e-03"
"1"," -3.506872e-03"
"1","
"
"1","                "
"1","         lag33"
"1","         lag34"
"1","         lag35"
"1","
29              "
"1"," -3.176407e-03"
"1"," -2.789259e-03"
"1"," -2.372305e-03"
"1","
29.000500050005 "
"1"," -3.174471e-03"
"1"," -2.787716e-03"
"1"," -2.371186e-03"
"1","
29.00100010001  "
"1"," -3.172529e-03"
"1"," -2.786169e-03"
"1"," -2.370063e-03"
"1","
29.001500150015 "
"1"," -3.170584e-03"
"1"," -2.784618e-03"
"1"," -2.368936e-03"
"1","
29.00200020002  "
"1"," -3.168634e-03"
"1"," -2.783063e-03"
"1"," -2.367806e-03"
"1","
29.002500250025 "
"1"," -3.166680e-03"
"1"," -2.781503e-03"
"1"," -2.366671e-03"
"1","
29.00300030003  "
"1"," -3.164721e-03"
"1"," -2.779940e-03"
"1"," -2.365533e-03"
"1","
29.003500350035 "
"1"," -3.162758e-03"
"1"," -2.778372e-03"
"1"," -2.364390e-03"
"1","
29.00400040004  "
"1"," -3.160791e-03"
"1"," -2.776801e-03"
"1"," -2.363244e-03"
"1","
29.004500450045 "
"1"," -3.158820e-03"
"1"," -2.775225e-03"
"1"," -2.362094e-03"
"1","
29.00500050005  "
"1"," -3.156844e-03"
"1"," -2.773645e-03"
"1"," -2.360940e-03"
"1","
"
"1","                "
"1","         lag36"
"1","         lag37"
"1","         lag38"
"1","
29              "
"1"," -1.929246e-03"
"1"," -1.463783e-03"
"1"," -9.796176e-04"
"1","
29.000500050005 "
"1"," -1.928577e-03"
"1"," -1.463587e-03"
"1"," -9.799145e-04"
"1","
29.00100010001  "
"1"," -1.927905e-03"
"1"," -1.463389e-03"
"1"," -9.802081e-04"
"1","
29.001500150015 "
"1"," -1.927229e-03"
"1"," -1.463186e-03"
"1"," -9.804987e-04"
"1","
29.00200020002  "
"1"," -1.926549e-03"
"1"," -1.462980e-03"
"1"," -9.807860e-04"
"1","
29.002500250025 "
"1"," -1.925866e-03"
"1"," -1.462771e-03"
"1"," -9.810702e-04"
"1","
29.00300030003  "
"1"," -1.925179e-03"
"1"," -1.462559e-03"
"1"," -9.813512e-04"
"1","
29.003500350035 "
"1"," -1.924488e-03"
"1"," -1.462343e-03"
"1"," -9.816290e-04"
"1","
29.00400040004  "
"1"," -1.923794e-03"
"1"," -1.462123e-03"
"1"," -9.819036e-04"
"1","
29.004500450045 "
"1"," -1.923096e-03"
"1"," -1.461900e-03"
"1"," -9.821751e-04"
"1","
29.00500050005  "
"1"," -1.922395e-03"
"1"," -1.461674e-03"
"1"," -9.824434e-04"
"1","
"
"1","                "
"1","         lag39"
"1","         lag40"
"1","         lag41"
"1","
29              "
"1"," -4.804509e-04"
"1","  3.001632e-05"
"1","  5.480830e-04"
"1","
29.000500050005 "
"1"," -4.812557e-04"
"1","  2.869154e-05"
"1","  5.462297e-04"
"1","
29.00100010001  "
"1"," -4.820575e-04"
"1","  2.736940e-05"
"1","  5.443788e-04"
"1","
29.001500150015 "
"1"," -4.828565e-04"
"1","  2.604988e-05"
"1","  5.425302e-04"
"1","
29.00200020002  "
"1"," -4.836526e-04"
"1","  2.473301e-05"
"1","  5.406840e-04"
"1","
29.002500250025 "
"1"," -4.844458e-04"
"1","  2.341877e-05"
"1","  5.388402e-04"
"1","
29.00300030003  "
"1"," -4.852360e-04"
"1","  2.210717e-05"
"1","  5.369988e-04"
"1","
29.003500350035 "
"1"," -4.860234e-04"
"1","  2.079821e-05"
"1","  5.351597e-04"
"1","
29.00400040004  "
"1"," -4.868078e-04"
"1","  1.949189e-05"
"1","  5.333230e-04"
"1","
29.004500450045 "
"1"," -4.875893e-04"
"1","  1.818823e-05"
"1","  5.314887e-04"
"1","
29.00500050005  "
"1"," -4.883679e-04"
"1","  1.688721e-05"
"1","  5.296568e-04"
"1","
"
"1","                "
"1","         lag42"
"1","         lag43"
"1","         lag44"
"1","
29              "
"1","  1.070048e-03"
"1","  1.592210e-03"
"1","  2.110869e-03"
"1","
29.000500050005 "
"1","  1.067661e-03"
"1","  1.589289e-03"
"1","  2.107415e-03"
"1","
29.00100010001  "
"1","  1.065277e-03"
"1","  1.586369e-03"
"1","  2.103962e-03"
"1","
29.001500150015 "
"1","  1.062894e-03"
"1","  1.583451e-03"
"1","  2.100512e-03"
"1","
29.00200020002  "
"1","  1.060514e-03"
"1","  1.580535e-03"
"1","  2.097062e-03"
"1","
29.002500250025 "
"1","  1.058135e-03"
"1","  1.577621e-03"
"1","  2.093615e-03"
"1","
29.00300030003  "
"1","  1.055759e-03"
"1","  1.574709e-03"
"1","  2.090169e-03"
"1","
29.003500350035 "
"1","  1.053385e-03"
"1","  1.571799e-03"
"1","  2.086724e-03"
"1","
29.00400040004  "
"1","  1.051013e-03"
"1","  1.568890e-03"
"1","  2.083281e-03"
"1","
29.004500450045 "
"1","  1.048643e-03"
"1","  1.565983e-03"
"1","  2.079840e-03"
"1","
29.00500050005  "
"1","  1.046276e-03"
"1","  1.563078e-03"
"1","  2.076400e-03"
"1","
"
"1","                "
"1","         lag45"
"1","         lag46"
"1","         lag47"
"1","
29              "
"1","  2.622323e-03"
"1","  3.122870e-03"
"1","  3.608811e-03"
"1","
29.000500050005 "
"1","  2.618342e-03"
"1","  3.118372e-03"
"1","  3.603809e-03"
"1","
29.00100010001  "
"1","  2.614362e-03"
"1","  3.113875e-03"
"1","  3.598807e-03"
"1","
29.001500150015 "
"1","  2.610384e-03"
"1","  3.109380e-03"
"1","  3.593807e-03"
"1","
29.00200020002  "
"1","  2.606408e-03"
"1","  3.104885e-03"
"1","  3.588807e-03"
"1","
29.002500250025 "
"1","  2.602432e-03"
"1","  3.100391e-03"
"1","  3.583808e-03"
"1","
29.00300030003  "
"1","  2.598458e-03"
"1","  3.095898e-03"
"1","  3.578809e-03"
"1","
29.003500350035 "
"1","  2.594485e-03"
"1","  3.091407e-03"
"1","  3.573812e-03"
"1","
29.00400040004  "
"1","  2.590514e-03"
"1","  3.086916e-03"
"1","  3.568816e-03"
"1","
29.004500450045 "
"1","  2.586544e-03"
"1","  3.082427e-03"
"1","  3.563820e-03"
"1","
29.00500050005  "
"1","  2.582575e-03"
"1","  3.077938e-03"
"1","  3.558825e-03"
"1","
"
"1","                "
"1","         lag48"
"1","         lag49"
"1","         lag50"
"1","
29              "
"1","  4.076444e-03"
"1","  4.522068e-03"
"1","  4.941982e-03"
"1","
29.000500050005 "
"1","  4.070954e-03"
"1","  4.516110e-03"
"1","  4.935580e-03"
"1","
29.00100010001  "
"1","  4.065464e-03"
"1","  4.510153e-03"
"1","  4.929178e-03"
"1","
29.001500150015 "
"1","  4.059975e-03"
"1","  4.504195e-03"
"1","  4.922776e-03"
"1","
29.00200020002  "
"1","  4.054487e-03"
"1","  4.498239e-03"
"1","  4.916375e-03"
"1","
29.002500250025 "
"1","  4.048999e-03"
"1","  4.492282e-03"
"1","  4.909974e-03"
"1","
29.00300030003  "
"1","  4.043512e-03"
"1","  4.486326e-03"
"1","  4.903573e-03"
"1","
29.003500350035 "
"1","  4.038025e-03"
"1","  4.480371e-03"
"1","  4.897172e-03"
"1","
29.00400040004  "
"1","  4.032540e-03"
"1","  4.474416e-03"
"1","  4.890772e-03"
"1","
29.004500450045 "
"1","  4.027054e-03"
"1","  4.468461e-03"
"1","  4.884372e-03"
"1","
29.00500050005  "
"1","  4.021570e-03"
"1","  4.462507e-03"
"1","  4.877972e-03"
"1","
"
"1","                "
"1","         lag51"
"1","         lag52"
"1","         lag53"
"1","
29              "
"1","  5.332485e-03"
"1","  5.689875e-03"
"1","  6.010453e-03"
"1","
29.000500050005 "
"1","  5.325666e-03"
"1","  5.682670e-03"
"1","  6.002896e-03"
"1","
29.00100010001  "
"1","  5.318847e-03"
"1","  5.675465e-03"
"1","  5.995339e-03"
"1","
29.001500150015 "
"1","  5.312028e-03"
"1","  5.668260e-03"
"1","  5.987782e-03"
"1","
29.00200020002  "
"1","  5.305209e-03"
"1","  5.661055e-03"
"1","  5.980225e-03"
"1","
29.002500250025 "
"1","  5.298391e-03"
"1","  5.653850e-03"
"1","  5.972668e-03"
"1","
29.00300030003  "
"1","  5.291572e-03"
"1","  5.646644e-03"
"1","  5.965110e-03"
"1","
29.003500350035 "
"1","  5.284754e-03"
"1","  5.639439e-03"
"1","  5.957553e-03"
"1","
29.00400040004  "
"1","  5.277935e-03"
"1","  5.632234e-03"
"1","  5.949995e-03"
"1","
29.004500450045 "
"1","  5.271117e-03"
"1","  5.625028e-03"
"1","  5.942437e-03"
"1","
29.00500050005  "
"1","  5.264299e-03"
"1","  5.617823e-03"
"1","  5.934879e-03"
"1","
"
"1","                "
"1","         lag54"
"1","         lag55"
"1","         lag56"
"1","
29              "
"1","  6.290516e-03"
"1","  6.526363e-03"
"1","  6.714295e-03"
"1","
29.000500050005 "
"1","  6.282645e-03"
"1","  6.518221e-03"
"1","  6.705925e-03"
"1","
29.00100010001  "
"1","  6.274775e-03"
"1","  6.510078e-03"
"1","  6.697555e-03"
"1","
29.001500150015 "
"1","  6.266904e-03"
"1","  6.501935e-03"
"1","  6.689185e-03"
"1","
29.00200020002  "
"1","  6.259033e-03"
"1","  6.493791e-03"
"1","  6.680814e-03"
"1","
29.002500250025 "
"1","  6.251161e-03"
"1","  6.485648e-03"
"1","  6.672444e-03"
"1","
29.00300030003  "
"1","  6.243290e-03"
"1","  6.477504e-03"
"1","  6.664073e-03"
"1","
29.003500350035 "
"1","  6.235418e-03"
"1","  6.469360e-03"
"1","  6.655701e-03"
"1","
29.00400040004  "
"1","  6.227546e-03"
"1","  6.461215e-03"
"1","  6.647330e-03"
"1","
29.004500450045 "
"1","  6.219674e-03"
"1","  6.453071e-03"
"1","  6.638958e-03"
"1","
29.00500050005  "
"1","  6.211801e-03"
"1","  6.444926e-03"
"1","  6.630586e-03"
"1","
"
"1","                "
"1","         lag57"
"1","         lag58"
"1","         lag59"
"1","
29              "
"1","  6.850643e-03"
"1","  6.933820e-03"
"1","  6.965457e-03"
"1","
29.000500050005 "
"1","  6.842095e-03"
"1","  6.925144e-03"
"1","  6.956701e-03"
"1","
29.00100010001  "
"1","  6.833547e-03"
"1","  6.916467e-03"
"1","  6.947945e-03"
"1","
29.001500150015 "
"1","  6.824998e-03"
"1","  6.907791e-03"
"1","  6.939190e-03"
"1","
29.00200020002  "
"1","  6.816449e-03"
"1","  6.899114e-03"
"1","  6.930434e-03"
"1","
29.002500250025 "
"1","  6.807900e-03"
"1","  6.890437e-03"
"1","  6.921677e-03"
"1","
29.00300030003  "
"1","  6.799351e-03"
"1","  6.881760e-03"
"1","  6.912921e-03"
"1","
29.003500350035 "
"1","  6.790802e-03"
"1","  6.873082e-03"
"1","  6.904165e-03"
"1","
29.00400040004  "
"1","  6.782252e-03"
"1","  6.864405e-03"
"1","  6.895409e-03"
"1","
29.004500450045 "
"1","  6.773702e-03"
"1","  6.855727e-03"
"1","  6.886652e-03"
"1","
29.00500050005  "
"1","  6.765151e-03"
"1","  6.847049e-03"
"1","  6.877895e-03"
"1","
"
"1","                "
"1","         lag60"
"1","         lag61"
"1","         lag62"
"1","
29              "
"1","  6.947463e-03"
"1","  6.881748e-03"
"1","  6.770219e-03"
"1","
29.000500050005 "
"1","  6.938675e-03"
"1","  6.872972e-03"
"1","  6.761499e-03"
"1","
29.00100010001  "
"1","  6.929887e-03"
"1","  6.864196e-03"
"1","  6.752779e-03"
"1","
29.001500150015 "
"1","  6.921098e-03"
"1","  6.855421e-03"
"1","  6.744059e-03"
"1","
29.00200020002  "
"1","  6.912310e-03"
"1","  6.846645e-03"
"1","  6.735340e-03"
"1","
29.002500250025 "
"1","  6.903522e-03"
"1","  6.837870e-03"
"1","  6.726622e-03"
"1","
29.00300030003  "
"1","  6.894734e-03"
"1","  6.829095e-03"
"1","  6.717903e-03"
"1","
29.003500350035 "
"1","  6.885945e-03"
"1","  6.820320e-03"
"1","  6.709185e-03"
"1","
29.00400040004  "
"1","  6.877157e-03"
"1","  6.811546e-03"
"1","  6.700468e-03"
"1","
29.004500450045 "
"1","  6.868369e-03"
"1","  6.802771e-03"
"1","  6.691751e-03"
"1","
29.00500050005  "
"1","  6.859581e-03"
"1","  6.793997e-03"
"1","  6.683034e-03"
"1","
"
"1","                "
"1","         lag63"
"1","         lag64"
"1","         lag65"
"1","
29              "
"1","  6.614786e-03"
"1","  6.417358e-03"
"1","  6.179844e-03"
"1","
29.000500050005 "
"1","  6.606163e-03"
"1","  6.408872e-03"
"1","  6.171532e-03"
"1","
29.00100010001  "
"1","  6.597541e-03"
"1","  6.400386e-03"
"1","  6.163221e-03"
"1","
29.001500150015 "
"1","  6.588919e-03"
"1","  6.391902e-03"
"1","  6.154912e-03"
"1","
29.00200020002  "
"1","  6.580297e-03"
"1","  6.383418e-03"
"1","  6.146604e-03"
"1","
29.002500250025 "
"1","  6.571677e-03"
"1","  6.374935e-03"
"1","  6.138297e-03"
"1","
29.00300030003  "
"1","  6.563057e-03"
"1","  6.366453e-03"
"1","  6.129991e-03"
"1","
29.003500350035 "
"1","  6.554437e-03"
"1","  6.357972e-03"
"1","  6.121686e-03"
"1","
29.00400040004  "
"1","  6.545818e-03"
"1","  6.349492e-03"
"1","  6.113382e-03"
"1","
29.004500450045 "
"1","  6.537200e-03"
"1","  6.341012e-03"
"1","  6.105079e-03"
"1","
29.00500050005  "
"1","  6.528582e-03"
"1","  6.332534e-03"
"1","  6.096778e-03"
"1","
"
"1","                "
"1","         lag66"
"1","         lag67"
"1","         lag68"
"1","
29              "
"1","  5.904152e-03"
"1","  5.592191e-03"
"1","  5.245871e-03"
"1","
29.000500050005 "
"1","  5.896051e-03"
"1","  5.584335e-03"
"1","  5.238292e-03"
"1","
29.00100010001  "
"1","  5.887951e-03"
"1","  5.576481e-03"
"1","  5.230715e-03"
"1","
29.001500150015 "
"1","  5.879853e-03"
"1","  5.568628e-03"
"1","  5.223141e-03"
"1","
29.00200020002  "
"1","  5.871756e-03"
"1","  5.560777e-03"
"1","  5.215568e-03"
"1","
29.002500250025 "
"1","  5.863661e-03"
"1","  5.552928e-03"
"1","  5.207998e-03"
"1","
29.00300030003  "
"1","  5.855567e-03"
"1","  5.545081e-03"
"1","  5.200430e-03"
"1","
29.003500350035 "
"1","  5.847475e-03"
"1","  5.537236e-03"
"1","  5.192864e-03"
"1","
29.00400040004  "
"1","  5.839384e-03"
"1","  5.529392e-03"
"1","  5.185300e-03"
"1","
29.004500450045 "
"1","  5.831295e-03"
"1","  5.521550e-03"
"1","  5.177739e-03"
"1","
29.00500050005  "
"1","  5.823207e-03"
"1","  5.513710e-03"
"1","  5.170180e-03"
"1","
"
"1","                "
"1","         lag69"
"1","         lag70"
"1","         lag71"
"1","
29              "
"1","  4.867099e-03"
"1","  4.457786e-03"
"1","  4.019839e-03"
"1","
29.000500050005 "
"1","  4.859828e-03"
"1","  4.450852e-03"
"1","  4.013269e-03"
"1","
29.00100010001  "
"1","  4.852560e-03"
"1","  4.443921e-03"
"1","  4.006702e-03"
"1","
29.001500150015 "
"1","  4.845294e-03"
"1","  4.436993e-03"
"1","  4.000139e-03"
"1","
29.00200020002  "
"1","  4.838031e-03"
"1","  4.430068e-03"
"1","  3.993579e-03"
"1","
29.002500250025 "
"1","  4.830771e-03"
"1","  4.423145e-03"
"1","  3.987022e-03"
"1","
29.00300030003  "
"1","  4.823512e-03"
"1","  4.416226e-03"
"1","  3.980469e-03"
"1","
29.003500350035 "
"1","  4.816257e-03"
"1","  4.409310e-03"
"1","  3.973919e-03"
"1","
29.00400040004  "
"1","  4.809004e-03"
"1","  4.402396e-03"
"1","  3.967373e-03"
"1","
29.004500450045 "
"1","  4.801753e-03"
"1","  4.395486e-03"
"1","  3.960829e-03"
"1","
29.00500050005  "
"1","  4.794505e-03"
"1","  4.388578e-03"
"1","  3.954290e-03"
"1","
"
"1","                "
"1","         lag72"
"1","         lag73"
"1","         lag74"
"1","
29              "
"1","  3.555169e-03"
"1","  3.065682e-03"
"1","  2.553290e-03"
"1","
29.000500050005 "
"1","  3.548988e-03"
"1","  3.059914e-03"
"1","  2.547955e-03"
"1","
29.00100010001  "
"1","  3.542810e-03"
"1","  3.054150e-03"
"1","  2.542626e-03"
"1","
29.001500150015 "
"1","  3.536637e-03"
"1","  3.048390e-03"
"1","  2.537301e-03"
"1","
29.00200020002  "
"1","  3.530467e-03"
"1","  3.042634e-03"
"1","  2.531981e-03"
"1","
29.002500250025 "
"1","  3.524301e-03"
"1","  3.036883e-03"
"1","  2.526665e-03"
"1","
29.00300030003  "
"1","  3.518140e-03"
"1","  3.031135e-03"
"1","  2.521355e-03"
"1","
29.003500350035 "
"1","  3.511981e-03"
"1","  3.025392e-03"
"1","  2.516049e-03"
"1","
29.00400040004  "
"1","  3.505827e-03"
"1","  3.019654e-03"
"1","  2.510748e-03"
"1","
29.004500450045 "
"1","  3.499676e-03"
"1","  3.013920e-03"
"1","  2.505451e-03"
"1","
29.00500050005  "
"1","  3.493530e-03"
"1","  3.008190e-03"
"1","  2.500160e-03"
"1","
"
"1","                "
"1","         lag75"
"1","         lag76"
"1","         lag77"
"1","
29              "
"1","  2.019899e-03"
"1","  1.467420e-03"
"1","  8.977610e-04"
"1","
29.000500050005 "
"1","  2.015019e-03"
"1","  1.463012e-03"
"1","  8.938409e-04"
"1","
29.00100010001  "
"1","  2.010144e-03"
"1","  1.458609e-03"
"1","  8.899271e-04"
"1","
29.001500150015 "
"1","  2.005274e-03"
"1","  1.454212e-03"
"1","  8.860195e-04"
"1","
29.00200020002  "
"1","  2.000409e-03"
"1","  1.449821e-03"
"1","  8.821181e-04"
"1","
29.002500250025 "
"1","  1.995550e-03"
"1","  1.445436e-03"
"1","  8.782230e-04"
"1","
29.00300030003  "
"1","  1.990696e-03"
"1","  1.441056e-03"
"1","  8.743342e-04"
"1","
29.003500350035 "
"1","  1.985847e-03"
"1","  1.436682e-03"
"1","  8.704516e-04"
"1","
29.00400040004  "
"1","  1.981003e-03"
"1","  1.432314e-03"
"1","  8.665752e-04"
"1","
29.004500450045 "
"1","  1.976165e-03"
"1","  1.427952e-03"
"1","  8.627052e-04"
"1","
29.00500050005  "
"1","  1.971331e-03"
"1","  1.423595e-03"
"1","  8.588414e-04"
"1","
"
"1","                "
"1","         lag78"
"1","         lag79"
"1","         lag80"
"1","
29              "
"1","  3.128309e-04"
"1"," -2.854613e-04"
"1"," -8.952067e-04"
"1","
29.000500050005 "
"1","  3.094135e-04"
"1"," -2.883634e-04"
"1"," -8.975828e-04"
"1","
29.00100010001  "
"1","  3.060028e-04"
"1"," -2.912583e-04"
"1"," -8.999511e-04"
"1","
29.001500150015 "
"1","  3.025989e-04"
"1"," -2.941459e-04"
"1"," -9.023114e-04"
"1","
29.00200020002  "
"1","  2.992018e-04"
"1"," -2.970261e-04"
"1"," -9.046640e-04"
"1","
29.002500250025 "
"1","  2.958115e-04"
"1"," -2.998991e-04"
"1"," -9.070087e-04"
"1","
29.00300030003  "
"1","  2.924279e-04"
"1"," -3.027647e-04"
"1"," -9.093455e-04"
"1","
29.003500350035 "
"1","  2.890511e-04"
"1"," -3.056230e-04"
"1"," -9.116744e-04"
"1","
29.00400040004  "
"1","  2.856811e-04"
"1"," -3.084739e-04"
"1"," -9.139955e-04"
"1","
29.004500450045 "
"1","  2.823179e-04"
"1"," -3.113176e-04"
"1"," -9.163087e-04"
"1","
29.00500050005  "
"1","  2.789615e-04"
"1"," -3.141539e-04"
"1"," -9.186141e-04"
"1","
"
"1","                "
"1","         lag81"
"1","         lag82"
"1","         lag83"
"1","
29              "
"1"," -1.514497e-03"
"1"," -2.141422e-03"
"1"," -2.774074e-03"
"1","
29.000500050005 "
"1"," -1.516338e-03"
"1"," -2.142721e-03"
"1"," -2.774825e-03"
"1","
29.00100010001  "
"1"," -1.518170e-03"
"1"," -2.144010e-03"
"1"," -2.775566e-03"
"1","
29.001500150015 "
"1"," -1.519994e-03"
"1"," -2.145291e-03"
"1"," -2.776298e-03"
"1","
29.00200020002  "
"1"," -1.521810e-03"
"1"," -2.146563e-03"
"1"," -2.777021e-03"
"1","
29.002500250025 "
"1"," -1.523618e-03"
"1"," -2.147826e-03"
"1"," -2.777734e-03"
"1","
29.00300030003  "
"1"," -1.525417e-03"
"1"," -2.149080e-03"
"1"," -2.778437e-03"
"1","
29.003500350035 "
"1"," -1.527207e-03"
"1"," -2.150325e-03"
"1"," -2.779131e-03"
"1","
29.00400040004  "
"1"," -1.528989e-03"
"1"," -2.151561e-03"
"1"," -2.779815e-03"
"1","
29.004500450045 "
"1"," -1.530763e-03"
"1"," -2.152788e-03"
"1"," -2.780490e-03"
"1","
29.00500050005  "
"1"," -1.532528e-03"
"1"," -2.154006e-03"
"1"," -2.781155e-03"
"1","
"
"1","                "
"1","         lag84"
"1","         lag85"
"1","
29              "
"1"," -3.410544e-03"
"1"," -4.048922e-03"
"1","
29.000500050005 "
"1"," -3.410743e-03"
"1"," -4.048569e-03"
"1","
29.00100010001  "
"1"," -3.410933e-03"
"1"," -4.048205e-03"
"1","
29.001500150015 "
"1"," -3.411112e-03"
"1"," -4.047830e-03"
"1","
29.00200020002  "
"1"," -3.411282e-03"
"1"," -4.047445e-03"
"1","
29.002500250025 "
"1"," -3.411441e-03"
"1"," -4.047049e-03"
"1","
29.00300030003  "
"1"," -3.411590e-03"
"1"," -4.046642e-03"
"1","
29.003500350035 "
"1"," -3.411730e-03"
"1"," -4.046225e-03"
"1","
29.00400040004  "
"1"," -3.411859e-03"
"1"," -4.045797e-03"
"1","
29.004500450045 "
"1"," -3.411978e-03"
"1"," -4.045358e-03"
"1","
29.00500050005  "
"1"," -3.412087e-03"
"1"," -4.044909e-03"
"1","
"
"1"," [ reached 'max' / getOption(""max.print"") -- omitted"
"1"," 9989 rows"
"1"," ]
"
"1","
"
"1","$matse
"
"1","                "
"1","         lag0"
"1","         lag1"
"1","         lag2"
"1","
29              "
"1"," 6.160744e-03"
"1"," 5.753412e-03"
"1"," 5.352126e-03"
"1","
29.000500050005 "
"1"," 6.152767e-03"
"1"," 5.745973e-03"
"1"," 5.345217e-03"
"1","
29.00100010001  "
"1"," 6.144792e-03"
"1"," 5.738535e-03"
"1"," 5.338309e-03"
"1","
29.001500150015 "
"1"," 6.136818e-03"
"1"," 5.731098e-03"
"1"," 5.331402e-03"
"1","
29.00200020002  "
"1"," 6.128846e-03"
"1"," 5.723662e-03"
"1"," 5.324496e-03"
"1","
29.002500250025 "
"1"," 6.120875e-03"
"1"," 5.716228e-03"
"1"," 5.317591e-03"
"1","
29.00300030003  "
"1"," 6.112905e-03"
"1"," 5.708795e-03"
"1"," 5.310688e-03"
"1","
29.003500350035 "
"1"," 6.104936e-03"
"1"," 5.701363e-03"
"1"," 5.303785e-03"
"1","
29.00400040004  "
"1"," 6.096969e-03"
"1"," 5.693932e-03"
"1"," 5.296884e-03"
"1","
29.004500450045 "
"1"," 6.089003e-03"
"1"," 5.686502e-03"
"1"," 5.289984e-03"
"1","
29.00500050005  "
"1"," 6.081038e-03"
"1"," 5.679074e-03"
"1"," 5.283085e-03"
"1","
"
"1","                "
"1","         lag3"
"1","         lag4"
"1","         lag5"
"1","
29              "
"1"," 4.958884e-03"
"1"," 4.575953e-03"
"1"," 4.205946e-03"
"1","
29.000500050005 "
"1"," 4.952496e-03"
"1"," 4.570073e-03"
"1"," 4.200559e-03"
"1","
29.00100010001  "
"1"," 4.946108e-03"
"1"," 4.564194e-03"
"1"," 4.195173e-03"
"1","
29.001500150015 "
"1"," 4.939722e-03"
"1"," 4.558316e-03"
"1"," 4.189787e-03"
"1","
29.00200020002  "
"1"," 4.933337e-03"
"1"," 4.552439e-03"
"1"," 4.184403e-03"
"1","
29.002500250025 "
"1"," 4.926952e-03"
"1"," 4.546562e-03"
"1"," 4.179019e-03"
"1","
29.00300030003  "
"1"," 4.920569e-03"
"1"," 4.540687e-03"
"1"," 4.173636e-03"
"1","
29.003500350035 "
"1"," 4.914187e-03"
"1"," 4.534812e-03"
"1"," 4.168254e-03"
"1","
29.00400040004  "
"1"," 4.907805e-03"
"1"," 4.528939e-03"
"1"," 4.162872e-03"
"1","
29.004500450045 "
"1"," 4.901425e-03"
"1"," 4.523066e-03"
"1"," 4.157492e-03"
"1","
29.00500050005  "
"1"," 4.895046e-03"
"1"," 4.517195e-03"
"1"," 4.152112e-03"
"1","
"
"1","                "
"1","         lag6"
"1","         lag7"
"1","         lag8"
"1","
29              "
"1"," 3.851928e-03"
"1"," 3.517536e-03"
"1"," 3.207112e-03"
"1","
29.000500050005 "
"1"," 3.847014e-03"
"1"," 3.513071e-03"
"1"," 3.203068e-03"
"1","
29.00100010001  "
"1"," 3.842101e-03"
"1"," 3.508608e-03"
"1"," 3.199024e-03"
"1","
29.001500150015 "
"1"," 3.837189e-03"
"1"," 3.504145e-03"
"1"," 3.194981e-03"
"1","
29.00200020002  "
"1"," 3.832277e-03"
"1"," 3.499683e-03"
"1"," 3.190938e-03"
"1","
29.002500250025 "
"1"," 3.827367e-03"
"1"," 3.495221e-03"
"1"," 3.186896e-03"
"1","
29.00300030003  "
"1"," 3.822457e-03"
"1"," 3.490760e-03"
"1"," 3.182855e-03"
"1","
29.003500350035 "
"1"," 3.817548e-03"
"1"," 3.486300e-03"
"1"," 3.178814e-03"
"1","
29.00400040004  "
"1"," 3.812639e-03"
"1"," 3.481841e-03"
"1"," 3.174774e-03"
"1","
29.004500450045 "
"1"," 3.807732e-03"
"1"," 3.477382e-03"
"1"," 3.170734e-03"
"1","
29.00500050005  "
"1"," 3.802825e-03"
"1"," 3.472924e-03"
"1"," 3.166695e-03"
"1","
"
"1","                "
"1","         lag9"
"1","        lag10"
"1","        lag11"
"1","
29              "
"1"," 2.925802e-03"
"1"," 2.679532e-03"
"1"," 2.474716e-03"
"1","
29.000500050005 "
"1"," 2.922141e-03"
"1"," 2.676210e-03"
"1"," 2.471678e-03"
"1","
29.00100010001  "
"1"," 2.918480e-03"
"1"," 2.672888e-03"
"1"," 2.468641e-03"
"1","
29.001500150015 "
"1"," 2.914821e-03"
"1"," 2.669567e-03"
"1"," 2.465604e-03"
"1","
29.00200020002  "
"1"," 2.911161e-03"
"1"," 2.666246e-03"
"1"," 2.462567e-03"
"1","
29.002500250025 "
"1"," 2.907502e-03"
"1"," 2.662925e-03"
"1"," 2.459531e-03"
"1","
29.00300030003  "
"1"," 2.903844e-03"
"1"," 2.659605e-03"
"1"," 2.456496e-03"
"1","
29.003500350035 "
"1"," 2.900186e-03"
"1"," 2.656286e-03"
"1"," 2.453461e-03"
"1","
29.00400040004  "
"1"," 2.896529e-03"
"1"," 2.652967e-03"
"1"," 2.450426e-03"
"1","
29.004500450045 "
"1"," 2.892872e-03"
"1"," 2.649648e-03"
"1"," 2.447391e-03"
"1","
29.00500050005  "
"1"," 2.889216e-03"
"1"," 2.646330e-03"
"1"," 2.444357e-03"
"1","
"
"1","                "
"1","        lag12"
"1","        lag13"
"1","        lag14"
"1","
29              "
"1"," 2.317492e-03"
"1"," 2.212418e-03"
"1"," 2.160923e-03"
"1","
29.000500050005 "
"1"," 2.314675e-03"
"1"," 2.209751e-03"
"1"," 2.158331e-03"
"1","
29.00100010001  "
"1"," 2.311859e-03"
"1"," 2.207084e-03"
"1"," 2.155739e-03"
"1","
29.001500150015 "
"1"," 2.309043e-03"
"1"," 2.204418e-03"
"1"," 2.153148e-03"
"1","
29.00200020002  "
"1"," 2.306227e-03"
"1"," 2.201752e-03"
"1"," 2.150557e-03"
"1","
29.002500250025 "
"1"," 2.303412e-03"
"1"," 2.199087e-03"
"1"," 2.147966e-03"
"1","
29.00300030003  "
"1"," 2.300597e-03"
"1"," 2.196421e-03"
"1"," 2.145376e-03"
"1","
29.003500350035 "
"1"," 2.297783e-03"
"1"," 2.193756e-03"
"1"," 2.142786e-03"
"1","
29.00400040004  "
"1"," 2.294969e-03"
"1"," 2.191092e-03"
"1"," 2.140196e-03"
"1","
29.004500450045 "
"1"," 2.292155e-03"
"1"," 2.188427e-03"
"1"," 2.137606e-03"
"1","
29.00500050005  "
"1"," 2.289341e-03"
"1"," 2.185763e-03"
"1"," 2.135017e-03"
"1","
"
"1","                "
"1","        lag15"
"1","        lag16"
"1","        lag17"
"1","
29              "
"1"," 2.160269e-03"
"1"," 2.203757e-03"
"1"," 2.282124e-03"
"1","
29.000500050005 "
"1"," 2.157680e-03"
"1"," 2.201108e-03"
"1"," 2.279366e-03"
"1","
29.00100010001  "
"1"," 2.155092e-03"
"1"," 2.198460e-03"
"1"," 2.276609e-03"
"1","
29.001500150015 "
"1"," 2.152503e-03"
"1"," 2.195812e-03"
"1"," 2.273852e-03"
"1","
29.00200020002  "
"1"," 2.149915e-03"
"1"," 2.193164e-03"
"1"," 2.271096e-03"
"1","
29.002500250025 "
"1"," 2.147328e-03"
"1"," 2.190517e-03"
"1"," 2.268339e-03"
"1","
29.00300030003  "
"1"," 2.144740e-03"
"1"," 2.187869e-03"
"1"," 2.265583e-03"
"1","
29.003500350035 "
"1"," 2.142153e-03"
"1"," 2.185223e-03"
"1"," 2.262828e-03"
"1","
29.00400040004  "
"1"," 2.139566e-03"
"1"," 2.182576e-03"
"1"," 2.260072e-03"
"1","
29.004500450045 "
"1"," 2.136979e-03"
"1"," 2.179930e-03"
"1"," 2.257317e-03"
"1","
29.00500050005  "
"1"," 2.134393e-03"
"1"," 2.177284e-03"
"1"," 2.254562e-03"
"1","
"
"1","                "
"1","        lag18"
"1","        lag19"
"1","        lag20"
"1","
29              "
"1"," 2.385341e-03"
"1"," 2.503981e-03"
"1"," 2.629912e-03"
"1","
29.000500050005 "
"1"," 2.382439e-03"
"1"," 2.500915e-03"
"1"," 2.626671e-03"
"1","
29.00100010001  "
"1"," 2.379539e-03"
"1"," 2.497849e-03"
"1"," 2.623431e-03"
"1","
29.001500150015 "
"1"," 2.376638e-03"
"1"," 2.494784e-03"
"1"," 2.620192e-03"
"1","
29.00200020002  "
"1"," 2.373738e-03"
"1"," 2.491719e-03"
"1"," 2.616953e-03"
"1","
29.002500250025 "
"1"," 2.370838e-03"
"1"," 2.488655e-03"
"1"," 2.613714e-03"
"1","
29.00300030003  "
"1"," 2.367939e-03"
"1"," 2.485591e-03"
"1"," 2.610475e-03"
"1","
29.003500350035 "
"1"," 2.365039e-03"
"1"," 2.482527e-03"
"1"," 2.607237e-03"
"1","
29.00400040004  "
"1"," 2.362140e-03"
"1"," 2.479463e-03"
"1"," 2.603999e-03"
"1","
29.004500450045 "
"1"," 2.359242e-03"
"1"," 2.476400e-03"
"1"," 2.600762e-03"
"1","
29.00500050005  "
"1"," 2.356344e-03"
"1"," 2.473337e-03"
"1"," 2.597525e-03"
"1","
"
"1","                "
"1","        lag21"
"1","        lag22"
"1","        lag23"
"1","
29              "
"1"," 2.756444e-03"
"1"," 2.878200e-03"
"1"," 2.990886e-03"
"1","
29.000500050005 "
"1"," 2.753029e-03"
"1"," 2.874617e-03"
"1"," 2.987147e-03"
"1","
29.00100010001  "
"1"," 2.749614e-03"
"1"," 2.871034e-03"
"1"," 2.983408e-03"
"1","
29.001500150015 "
"1"," 2.746200e-03"
"1"," 2.867451e-03"
"1"," 2.979670e-03"
"1","
29.00200020002  "
"1"," 2.742785e-03"
"1"," 2.863869e-03"
"1"," 2.975933e-03"
"1","
29.002500250025 "
"1"," 2.739372e-03"
"1"," 2.860287e-03"
"1"," 2.972195e-03"
"1","
29.00300030003  "
"1"," 2.735959e-03"
"1"," 2.856706e-03"
"1"," 2.968459e-03"
"1","
29.003500350035 "
"1"," 2.732546e-03"
"1"," 2.853125e-03"
"1"," 2.964722e-03"
"1","
29.00400040004  "
"1"," 2.729133e-03"
"1"," 2.849545e-03"
"1"," 2.960987e-03"
"1","
29.004500450045 "
"1"," 2.725721e-03"
"1"," 2.845965e-03"
"1"," 2.957251e-03"
"1","
29.00500050005  "
"1"," 2.722310e-03"
"1"," 2.842386e-03"
"1"," 2.953517e-03"
"1","
"
"1","                "
"1","        lag24"
"1","        lag25"
"1","        lag26"
"1","
29              "
"1"," 3.091068e-03"
"1"," 3.175987e-03"
"1"," 3.243418e-03"
"1","
29.000500050005 "
"1"," 3.087190e-03"
"1"," 3.171991e-03"
"1"," 3.239327e-03"
"1","
29.00100010001  "
"1"," 3.083313e-03"
"1"," 3.167996e-03"
"1"," 3.235236e-03"
"1","
29.001500150015 "
"1"," 3.079436e-03"
"1"," 3.164001e-03"
"1"," 3.231146e-03"
"1","
29.00200020002  "
"1"," 3.075560e-03"
"1"," 3.160006e-03"
"1"," 3.227057e-03"
"1","
29.002500250025 "
"1"," 3.071684e-03"
"1"," 3.156012e-03"
"1"," 3.222968e-03"
"1","
29.00300030003  "
"1"," 3.067809e-03"
"1"," 3.152019e-03"
"1"," 3.218880e-03"
"1","
29.003500350035 "
"1"," 3.063934e-03"
"1"," 3.148026e-03"
"1"," 3.214792e-03"
"1","
29.00400040004  "
"1"," 3.060060e-03"
"1"," 3.144033e-03"
"1"," 3.210704e-03"
"1","
29.004500450045 "
"1"," 3.056186e-03"
"1"," 3.140041e-03"
"1"," 3.206617e-03"
"1","
29.00500050005  "
"1"," 3.052313e-03"
"1"," 3.136050e-03"
"1"," 3.202531e-03"
"1","
"
"1","                "
"1","        lag27"
"1","        lag28"
"1","        lag29"
"1","
29              "
"1"," 3.291576e-03"
"1"," 3.319061e-03"
"1"," 3.324954e-03"
"1","
29.000500050005 "
"1"," 3.287416e-03"
"1"," 3.314858e-03"
"1"," 3.320736e-03"
"1","
29.00100010001  "
"1"," 3.283256e-03"
"1"," 3.310655e-03"
"1"," 3.316519e-03"
"1","
29.001500150015 "
"1"," 3.279096e-03"
"1"," 3.306453e-03"
"1"," 3.312302e-03"
"1","
29.00200020002  "
"1"," 3.274937e-03"
"1"," 3.302251e-03"
"1"," 3.308086e-03"
"1","
29.002500250025 "
"1"," 3.270778e-03"
"1"," 3.298050e-03"
"1"," 3.303871e-03"
"1","
29.00300030003  "
"1"," 3.266620e-03"
"1"," 3.293850e-03"
"1"," 3.299656e-03"
"1","
29.003500350035 "
"1"," 3.262463e-03"
"1"," 3.289650e-03"
"1"," 3.295442e-03"
"1","
29.00400040004  "
"1"," 3.258306e-03"
"1"," 3.285450e-03"
"1"," 3.291228e-03"
"1","
29.004500450045 "
"1"," 3.254150e-03"
"1"," 3.281251e-03"
"1"," 3.287014e-03"
"1","
29.00500050005  "
"1"," 3.249994e-03"
"1"," 3.277053e-03"
"1"," 3.282802e-03"
"1","
"
"1","                "
"1","        lag30"
"1","        lag31"
"1","        lag32"
"1","
29              "
"1"," 3.310117e-03"
"1"," 3.276603e-03"
"1"," 3.226695e-03"
"1","
29.000500050005 "
"1"," 3.305912e-03"
"1"," 3.272434e-03"
"1"," 3.222583e-03"
"1","
29.00100010001  "
"1"," 3.301707e-03"
"1"," 3.268266e-03"
"1"," 3.218471e-03"
"1","
29.001500150015 "
"1"," 3.297503e-03"
"1"," 3.264098e-03"
"1"," 3.214360e-03"
"1","
29.00200020002  "
"1"," 3.293299e-03"
"1"," 3.259930e-03"
"1"," 3.210250e-03"
"1","
29.002500250025 "
"1"," 3.289096e-03"
"1"," 3.255764e-03"
"1"," 3.206140e-03"
"1","
29.00300030003  "
"1"," 3.284893e-03"
"1"," 3.251597e-03"
"1"," 3.202031e-03"
"1","
29.003500350035 "
"1"," 3.280691e-03"
"1"," 3.247432e-03"
"1"," 3.197923e-03"
"1","
29.00400040004  "
"1"," 3.276490e-03"
"1"," 3.243266e-03"
"1"," 3.193814e-03"
"1","
29.004500450045 "
"1"," 3.272289e-03"
"1"," 3.239102e-03"
"1"," 3.189707e-03"
"1","
29.00500050005  "
"1"," 3.268089e-03"
"1"," 3.234938e-03"
"1"," 3.185600e-03"
"1","
"
"1","                "
"1","        lag33"
"1","        lag34"
"1","        lag35"
"1","
29              "
"1"," 3.162870e-03"
"1"," 3.087796e-03"
"1"," 3.004318e-03"
"1","
29.000500050005 "
"1"," 3.158833e-03"
"1"," 3.083846e-03"
"1"," 3.000467e-03"
"1","
29.00100010001  "
"1"," 3.154796e-03"
"1"," 3.079897e-03"
"1"," 2.996616e-03"
"1","
29.001500150015 "
"1"," 3.150759e-03"
"1"," 3.075949e-03"
"1"," 2.992765e-03"
"1","
29.00200020002  "
"1"," 3.146723e-03"
"1"," 3.072001e-03"
"1"," 2.988915e-03"
"1","
29.002500250025 "
"1"," 3.142688e-03"
"1"," 3.068054e-03"
"1"," 2.985066e-03"
"1","
29.00300030003  "
"1"," 3.138653e-03"
"1"," 3.064107e-03"
"1"," 2.981217e-03"
"1","
29.003500350035 "
"1"," 3.134619e-03"
"1"," 3.060161e-03"
"1"," 2.977369e-03"
"1","
29.00400040004  "
"1"," 3.130585e-03"
"1"," 3.056215e-03"
"1"," 2.973521e-03"
"1","
29.004500450045 "
"1"," 3.126552e-03"
"1"," 3.052270e-03"
"1"," 2.969674e-03"
"1","
29.00500050005  "
"1"," 3.122519e-03"
"1"," 3.048326e-03"
"1"," 2.965827e-03"
"1","
"
"1","                "
"1","        lag36"
"1","        lag37"
"1","        lag38"
"1","
29              "
"1"," 2.915459e-03"
"1"," 2.824393e-03"
"1"," 2.734415e-03"
"1","
29.000500050005 "
"1"," 2.911711e-03"
"1"," 2.820750e-03"
"1"," 2.730875e-03"
"1","
29.00100010001  "
"1"," 2.907963e-03"
"1"," 2.817108e-03"
"1"," 2.727334e-03"
"1","
29.001500150015 "
"1"," 2.904217e-03"
"1"," 2.813466e-03"
"1"," 2.723795e-03"
"1","
29.00200020002  "
"1"," 2.900470e-03"
"1"," 2.809825e-03"
"1"," 2.720256e-03"
"1","
29.002500250025 "
"1"," 2.896724e-03"
"1"," 2.806184e-03"
"1"," 2.716717e-03"
"1","
29.00300030003  "
"1"," 2.892979e-03"
"1"," 2.802544e-03"
"1"," 2.713179e-03"
"1","
29.003500350035 "
"1"," 2.889235e-03"
"1"," 2.798904e-03"
"1"," 2.709642e-03"
"1","
29.00400040004  "
"1"," 2.885490e-03"
"1"," 2.795265e-03"
"1"," 2.706105e-03"
"1","
29.004500450045 "
"1"," 2.881747e-03"
"1"," 2.791627e-03"
"1"," 2.702569e-03"
"1","
29.00500050005  "
"1"," 2.878004e-03"
"1"," 2.787989e-03"
"1"," 2.699033e-03"
"1","
"
"1","                "
"1","        lag39"
"1","        lag40"
"1","        lag41"
"1","
29              "
"1"," 2.648871e-03"
"1"," 2.571049e-03"
"1"," 2.504025e-03"
"1","
29.000500050005 "
"1"," 2.645425e-03"
"1"," 2.567687e-03"
"1"," 2.500732e-03"
"1","
29.00100010001  "
"1"," 2.641980e-03"
"1"," 2.564325e-03"
"1"," 2.497439e-03"
"1","
29.001500150015 "
"1"," 2.638535e-03"
"1"," 2.560964e-03"
"1"," 2.494146e-03"
"1","
29.00200020002  "
"1"," 2.635091e-03"
"1"," 2.557604e-03"
"1"," 2.490855e-03"
"1","
29.002500250025 "
"1"," 2.631648e-03"
"1"," 2.554244e-03"
"1"," 2.487564e-03"
"1","
29.00300030003  "
"1"," 2.628205e-03"
"1"," 2.550885e-03"
"1"," 2.484273e-03"
"1","
29.003500350035 "
"1"," 2.624762e-03"
"1"," 2.547526e-03"
"1"," 2.480983e-03"
"1","
29.00400040004  "
"1"," 2.621321e-03"
"1"," 2.544168e-03"
"1"," 2.477694e-03"
"1","
29.004500450045 "
"1"," 2.617880e-03"
"1"," 2.540811e-03"
"1"," 2.474406e-03"
"1","
29.00500050005  "
"1"," 2.614439e-03"
"1"," 2.537454e-03"
"1"," 2.471118e-03"
"1","
"
"1","                "
"1","        lag42"
"1","        lag43"
"1","        lag44"
"1","
29              "
"1"," 2.450464e-03"
"1"," 2.412392e-03"
"1"," 2.390989e-03"
"1","
29.000500050005 "
"1"," 2.447221e-03"
"1"," 2.409180e-03"
"1"," 2.387786e-03"
"1","
29.00100010001  "
"1"," 2.443979e-03"
"1"," 2.405968e-03"
"1"," 2.384585e-03"
"1","
29.001500150015 "
"1"," 2.440737e-03"
"1"," 2.402757e-03"
"1"," 2.381384e-03"
"1","
29.00200020002  "
"1"," 2.437496e-03"
"1"," 2.399547e-03"
"1"," 2.378184e-03"
"1","
29.002500250025 "
"1"," 2.434256e-03"
"1"," 2.396338e-03"
"1"," 2.374985e-03"
"1","
29.00300030003  "
"1"," 2.431016e-03"
"1"," 2.393129e-03"
"1"," 2.371786e-03"
"1","
29.003500350035 "
"1"," 2.427777e-03"
"1"," 2.389921e-03"
"1"," 2.368588e-03"
"1","
29.00400040004  "
"1"," 2.424539e-03"
"1"," 2.386714e-03"
"1"," 2.365391e-03"
"1","
29.004500450045 "
"1"," 2.421301e-03"
"1"," 2.383507e-03"
"1"," 2.362194e-03"
"1","
29.00500050005  "
"1"," 2.418064e-03"
"1"," 2.380301e-03"
"1"," 2.358999e-03"
"1","
"
"1","                "
"1","        lag45"
"1","        lag46"
"1","        lag47"
"1","
29              "
"1"," 2.386439e-03"
"1"," 2.397891e-03"
"1"," 2.423536e-03"
"1","
29.000500050005 "
"1"," 2.383226e-03"
"1"," 2.394650e-03"
"1"," 2.420250e-03"
"1","
29.00100010001  "
"1"," 2.380014e-03"
"1"," 2.391409e-03"
"1"," 2.416964e-03"
"1","
29.001500150015 "
"1"," 2.376803e-03"
"1"," 2.388169e-03"
"1"," 2.413680e-03"
"1","
29.00200020002  "
"1"," 2.373593e-03"
"1"," 2.384930e-03"
"1"," 2.410397e-03"
"1","
29.002500250025 "
"1"," 2.370383e-03"
"1"," 2.381692e-03"
"1"," 2.407114e-03"
"1","
29.00300030003  "
"1"," 2.367175e-03"
"1"," 2.378455e-03"
"1"," 2.403833e-03"
"1","
29.003500350035 "
"1"," 2.363967e-03"
"1"," 2.375218e-03"
"1"," 2.400552e-03"
"1","
29.00400040004  "
"1"," 2.360759e-03"
"1"," 2.371982e-03"
"1"," 2.397272e-03"
"1","
29.004500450045 "
"1"," 2.357553e-03"
"1"," 2.368747e-03"
"1"," 2.393993e-03"
"1","
29.00500050005  "
"1"," 2.354347e-03"
"1"," 2.365513e-03"
"1"," 2.390714e-03"
"1","
"
"1","                "
"1","        lag48"
"1","        lag49"
"1","        lag50"
"1","
29              "
"1"," 2.460780e-03"
"1"," 2.506483e-03"
"1"," 2.557192e-03"
"1","
29.000500050005 "
"1"," 2.457437e-03"
"1"," 2.503076e-03"
"1"," 2.553717e-03"
"1","
29.00100010001  "
"1"," 2.454096e-03"
"1"," 2.499670e-03"
"1"," 2.550243e-03"
"1","
29.001500150015 "
"1"," 2.450755e-03"
"1"," 2.496265e-03"
"1"," 2.546770e-03"
"1","
29.00200020002  "
"1"," 2.447415e-03"
"1"," 2.492861e-03"
"1"," 2.543298e-03"
"1","
29.002500250025 "
"1"," 2.444076e-03"
"1"," 2.489458e-03"
"1"," 2.539827e-03"
"1","
29.00300030003  "
"1"," 2.440738e-03"
"1"," 2.486056e-03"
"1"," 2.536357e-03"
"1","
29.003500350035 "
"1"," 2.437401e-03"
"1"," 2.482654e-03"
"1"," 2.532888e-03"
"1","
29.00400040004  "
"1"," 2.434065e-03"
"1"," 2.479254e-03"
"1"," 2.529420e-03"
"1","
29.004500450045 "
"1"," 2.430729e-03"
"1"," 2.475854e-03"
"1"," 2.525953e-03"
"1","
29.00500050005  "
"1"," 2.427395e-03"
"1"," 2.472455e-03"
"1"," 2.522486e-03"
"1","
"
"1","                "
"1","        lag51"
"1","        lag52"
"1","        lag53"
"1","
29              "
"1"," 2.609345e-03"
"1"," 2.659434e-03"
"1"," 2.704108e-03"
"1","
29.000500050005 "
"1"," 2.605803e-03"
"1"," 2.655830e-03"
"1"," 2.700452e-03"
"1","
29.00100010001  "
"1"," 2.602263e-03"
"1"," 2.652228e-03"
"1"," 2.696798e-03"
"1","
29.001500150015 "
"1"," 2.598723e-03"
"1"," 2.648627e-03"
"1"," 2.693144e-03"
"1","
29.00200020002  "
"1"," 2.595184e-03"
"1"," 2.645026e-03"
"1"," 2.689492e-03"
"1","
29.002500250025 "
"1"," 2.591646e-03"
"1"," 2.641427e-03"
"1"," 2.685840e-03"
"1","
29.00300030003  "
"1"," 2.588109e-03"
"1"," 2.637829e-03"
"1"," 2.682190e-03"
"1","
29.003500350035 "
"1"," 2.584574e-03"
"1"," 2.634231e-03"
"1"," 2.678540e-03"
"1","
29.00400040004  "
"1"," 2.581039e-03"
"1"," 2.630635e-03"
"1"," 2.674892e-03"
"1","
29.004500450045 "
"1"," 2.577505e-03"
"1"," 2.627039e-03"
"1"," 2.671244e-03"
"1","
29.00500050005  "
"1"," 2.573972e-03"
"1"," 2.623445e-03"
"1"," 2.667598e-03"
"1","
"
"1","                "
"1","        lag54"
"1","        lag55"
"1","        lag56"
"1","
29              "
"1"," 2.740250e-03"
"1"," 2.765023e-03"
"1"," 2.775912e-03"
"1","
29.000500050005 "
"1"," 2.736555e-03"
"1"," 2.761306e-03"
"1"," 2.772192e-03"
"1","
29.00100010001  "
"1"," 2.732862e-03"
"1"," 2.757591e-03"
"1"," 2.768474e-03"
"1","
29.001500150015 "
"1"," 2.729170e-03"
"1"," 2.753876e-03"
"1"," 2.764757e-03"
"1","
29.00200020002  "
"1"," 2.725478e-03"
"1"," 2.750163e-03"
"1"," 2.761041e-03"
"1","
29.002500250025 "
"1"," 2.721788e-03"
"1"," 2.746450e-03"
"1"," 2.757325e-03"
"1","
29.00300030003  "
"1"," 2.718099e-03"
"1"," 2.742738e-03"
"1"," 2.753611e-03"
"1","
29.003500350035 "
"1"," 2.714410e-03"
"1"," 2.739028e-03"
"1"," 2.749898e-03"
"1","
29.00400040004  "
"1"," 2.710723e-03"
"1"," 2.735318e-03"
"1"," 2.746185e-03"
"1","
29.004500450045 "
"1"," 2.707036e-03"
"1"," 2.731609e-03"
"1"," 2.742474e-03"
"1","
29.00500050005  "
"1"," 2.703351e-03"
"1"," 2.727901e-03"
"1"," 2.738764e-03"
"1","
"
"1","                "
"1","        lag57"
"1","        lag58"
"1","        lag59"
"1","
29              "
"1"," 2.770782e-03"
"1"," 2.748843e-03"
"1"," 2.711260e-03"
"1","
29.000500050005 "
"1"," 2.767082e-03"
"1"," 2.745186e-03"
"1"," 2.707666e-03"
"1","
29.00100010001  "
"1"," 2.763383e-03"
"1"," 2.741530e-03"
"1"," 2.704073e-03"
"1","
29.001500150015 "
"1"," 2.759686e-03"
"1"," 2.737874e-03"
"1"," 2.700481e-03"
"1","
29.00200020002  "
"1"," 2.755989e-03"
"1"," 2.734220e-03"
"1"," 2.696889e-03"
"1","
29.002500250025 "
"1"," 2.752293e-03"
"1"," 2.730566e-03"
"1"," 2.693299e-03"
"1","
29.00300030003  "
"1"," 2.748598e-03"
"1"," 2.726914e-03"
"1"," 2.689709e-03"
"1","
29.003500350035 "
"1"," 2.744904e-03"
"1"," 2.723262e-03"
"1"," 2.686121e-03"
"1","
29.00400040004  "
"1"," 2.741212e-03"
"1"," 2.719611e-03"
"1"," 2.682533e-03"
"1","
29.004500450045 "
"1"," 2.737520e-03"
"1"," 2.715962e-03"
"1"," 2.678946e-03"
"1","
29.00500050005  "
"1"," 2.733828e-03"
"1"," 2.712313e-03"
"1"," 2.675360e-03"
"1","
"
"1","                "
"1","        lag60"
"1","        lag61"
"1","        lag62"
"1","
29              "
"1"," 2.659920e-03"
"1"," 2.597355e-03"
"1"," 2.526821e-03"
"1","
29.000500050005 "
"1"," 2.656407e-03"
"1"," 2.593937e-03"
"1"," 2.523507e-03"
"1","
29.00100010001  "
"1"," 2.652894e-03"
"1"," 2.590519e-03"
"1"," 2.520193e-03"
"1","
29.001500150015 "
"1"," 2.649383e-03"
"1"," 2.587103e-03"
"1"," 2.516880e-03"
"1","
29.00200020002  "
"1"," 2.645873e-03"
"1"," 2.583687e-03"
"1"," 2.513568e-03"
"1","
29.002500250025 "
"1"," 2.642363e-03"
"1"," 2.580272e-03"
"1"," 2.510257e-03"
"1","
29.00300030003  "
"1"," 2.638855e-03"
"1"," 2.576859e-03"
"1"," 2.506946e-03"
"1","
29.003500350035 "
"1"," 2.635347e-03"
"1"," 2.573445e-03"
"1"," 2.503637e-03"
"1","
29.00400040004  "
"1"," 2.631840e-03"
"1"," 2.570033e-03"
"1"," 2.500328e-03"
"1","
29.004500450045 "
"1"," 2.628334e-03"
"1"," 2.566622e-03"
"1"," 2.497020e-03"
"1","
29.00500050005  "
"1"," 2.624829e-03"
"1"," 2.563211e-03"
"1"," 2.493712e-03"
"1","
"
"1","                "
"1","        lag63"
"1","        lag64"
"1","        lag65"
"1","
29              "
"1"," 2.452405e-03"
"1"," 2.379135e-03"
"1"," 2.313045e-03"
"1","
29.000500050005 "
"1"," 2.449197e-03"
"1"," 2.376027e-03"
"1"," 2.310023e-03"
"1","
29.00100010001  "
"1"," 2.445989e-03"
"1"," 2.372920e-03"
"1"," 2.307001e-03"
"1","
29.001500150015 "
"1"," 2.442782e-03"
"1"," 2.369813e-03"
"1"," 2.303980e-03"
"1","
29.00200020002  "
"1"," 2.439576e-03"
"1"," 2.366707e-03"
"1"," 2.300960e-03"
"1","
29.002500250025 "
"1"," 2.436371e-03"
"1"," 2.363602e-03"
"1"," 2.297941e-03"
"1","
29.00300030003  "
"1"," 2.433166e-03"
"1"," 2.360498e-03"
"1"," 2.294922e-03"
"1","
29.003500350035 "
"1"," 2.429962e-03"
"1"," 2.357395e-03"
"1"," 2.291904e-03"
"1","
29.00400040004  "
"1"," 2.426759e-03"
"1"," 2.354292e-03"
"1"," 2.288887e-03"
"1","
29.004500450045 "
"1"," 2.423557e-03"
"1"," 2.351190e-03"
"1"," 2.285871e-03"
"1","
29.00500050005  "
"1"," 2.420355e-03"
"1"," 2.348089e-03"
"1"," 2.282855e-03"
"1","
"
"1","                "
"1","        lag66"
"1","        lag67"
"1","        lag68"
"1","
29              "
"1"," 2.261115e-03"
"1"," 2.230961e-03"
"1"," 2.230191e-03"
"1","
29.000500050005 "
"1"," 2.258153e-03"
"1"," 2.228023e-03"
"1"," 2.227228e-03"
"1","
29.00100010001  "
"1"," 2.255192e-03"
"1"," 2.225085e-03"
"1"," 2.224266e-03"
"1","
29.001500150015 "
"1"," 2.252231e-03"
"1"," 2.222147e-03"
"1"," 2.221304e-03"
"1","
29.00200020002  "
"1"," 2.249271e-03"
"1"," 2.219211e-03"
"1"," 2.218343e-03"
"1","
29.002500250025 "
"1"," 2.246312e-03"
"1"," 2.216275e-03"
"1"," 2.215383e-03"
"1","
29.00300030003  "
"1"," 2.243353e-03"
"1"," 2.213340e-03"
"1"," 2.212424e-03"
"1","
29.003500350035 "
"1"," 2.240396e-03"
"1"," 2.210405e-03"
"1"," 2.209465e-03"
"1","
29.00400040004  "
"1"," 2.237439e-03"
"1"," 2.207472e-03"
"1"," 2.206508e-03"
"1","
29.004500450045 "
"1"," 2.234482e-03"
"1"," 2.204539e-03"
"1"," 2.203551e-03"
"1","
29.00500050005  "
"1"," 2.231527e-03"
"1"," 2.201607e-03"
"1"," 2.200595e-03"
"1","
"
"1","                "
"1","        lag69"
"1","        lag70"
"1","        lag71"
"1","
29              "
"1"," 2.265456e-03"
"1"," 2.341454e-03"
"1"," 2.460286e-03"
"1","
29.000500050005 "
"1"," 2.262412e-03"
"1"," 2.338269e-03"
"1"," 2.456898e-03"
"1","
29.00100010001  "
"1"," 2.259369e-03"
"1"," 2.335085e-03"
"1"," 2.453511e-03"
"1","
29.001500150015 "
"1"," 2.256328e-03"
"1"," 2.331902e-03"
"1"," 2.450125e-03"
"1","
29.00200020002  "
"1"," 2.253287e-03"
"1"," 2.328720e-03"
"1"," 2.446740e-03"
"1","
29.002500250025 "
"1"," 2.250246e-03"
"1"," 2.325539e-03"
"1"," 2.443356e-03"
"1","
29.00300030003  "
"1"," 2.247207e-03"
"1"," 2.322358e-03"
"1"," 2.439973e-03"
"1","
29.003500350035 "
"1"," 2.244168e-03"
"1"," 2.319179e-03"
"1"," 2.436592e-03"
"1","
29.00400040004  "
"1"," 2.241131e-03"
"1"," 2.316000e-03"
"1"," 2.433211e-03"
"1","
29.004500450045 "
"1"," 2.238094e-03"
"1"," 2.312823e-03"
"1"," 2.429831e-03"
"1","
29.00500050005  "
"1"," 2.235058e-03"
"1"," 2.309646e-03"
"1"," 2.426452e-03"
"1","
"
"1","                "
"1","        lag72"
"1","        lag73"
"1","        lag74"
"1","
29              "
"1"," 2.621438e-03"
"1"," 2.822358e-03"
"1"," 3.059275e-03"
"1","
29.000500050005 "
"1"," 2.617789e-03"
"1"," 2.818394e-03"
"1"," 3.054949e-03"
"1","
29.00100010001  "
"1"," 2.614140e-03"
"1"," 2.814431e-03"
"1"," 3.050624e-03"
"1","
29.001500150015 "
"1"," 2.610493e-03"
"1"," 2.810469e-03"
"1"," 3.046300e-03"
"1","
29.00200020002  "
"1"," 2.606847e-03"
"1"," 2.806508e-03"
"1"," 3.041978e-03"
"1","
29.002500250025 "
"1"," 2.603202e-03"
"1"," 2.802548e-03"
"1"," 3.037657e-03"
"1","
29.00300030003  "
"1"," 2.599558e-03"
"1"," 2.798590e-03"
"1"," 3.033337e-03"
"1","
29.003500350035 "
"1"," 2.595915e-03"
"1"," 2.794633e-03"
"1"," 3.029019e-03"
"1","
29.00400040004  "
"1"," 2.592273e-03"
"1"," 2.790677e-03"
"1"," 3.024702e-03"
"1","
29.004500450045 "
"1"," 2.588632e-03"
"1"," 2.786722e-03"
"1"," 3.020386e-03"
"1","
29.00500050005  "
"1"," 2.584993e-03"
"1"," 2.782769e-03"
"1"," 3.016072e-03"
"1","
"
"1","                "
"1","        lag75"
"1","        lag76"
"1","        lag77"
"1","
29              "
"1"," 3.327950e-03"
"1"," 3.624189e-03"
"1"," 3.944113e-03"
"1","
29.000500050005 "
"1"," 3.323221e-03"
"1"," 3.619022e-03"
"1"," 3.938479e-03"
"1","
29.00100010001  "
"1"," 3.318494e-03"
"1"," 3.613857e-03"
"1"," 3.932847e-03"
"1","
29.001500150015 "
"1"," 3.313767e-03"
"1"," 3.608694e-03"
"1"," 3.927217e-03"
"1","
29.00200020002  "
"1"," 3.309043e-03"
"1"," 3.603532e-03"
"1"," 3.921588e-03"
"1","
29.002500250025 "
"1"," 3.304320e-03"
"1"," 3.598372e-03"
"1"," 3.915961e-03"
"1","
29.00300030003  "
"1"," 3.299598e-03"
"1"," 3.593213e-03"
"1"," 3.910336e-03"
"1","
29.003500350035 "
"1"," 3.294878e-03"
"1"," 3.588056e-03"
"1"," 3.904712e-03"
"1","
29.00400040004  "
"1"," 3.290159e-03"
"1"," 3.582901e-03"
"1"," 3.899091e-03"
"1","
29.004500450045 "
"1"," 3.285442e-03"
"1"," 3.577747e-03"
"1"," 3.893471e-03"
"1","
29.00500050005  "
"1"," 3.280726e-03"
"1"," 3.572595e-03"
"1"," 3.887853e-03"
"1","
"
"1","                "
"1","        lag78"
"1","        lag79"
"1","        lag80"
"1","
29              "
"1"," 4.284262e-03"
"1"," 4.641591e-03"
"1"," 5.013432e-03"
"1","
29.000500050005 "
"1"," 4.278135e-03"
"1"," 4.634950e-03"
"1"," 5.006259e-03"
"1","
29.00100010001  "
"1"," 4.272010e-03"
"1"," 4.628311e-03"
"1"," 4.999089e-03"
"1","
29.001500150015 "
"1"," 4.265888e-03"
"1"," 4.621675e-03"
"1"," 4.991920e-03"
"1","
29.00200020002  "
"1"," 4.259767e-03"
"1"," 4.615040e-03"
"1"," 4.984754e-03"
"1","
29.002500250025 "
"1"," 4.253648e-03"
"1"," 4.608408e-03"
"1"," 4.977590e-03"
"1","
29.00300030003  "
"1"," 4.247531e-03"
"1"," 4.601777e-03"
"1"," 4.970428e-03"
"1","
29.003500350035 "
"1"," 4.241415e-03"
"1"," 4.595149e-03"
"1"," 4.963268e-03"
"1","
29.00400040004  "
"1"," 4.235302e-03"
"1"," 4.588522e-03"
"1"," 4.956110e-03"
"1","
29.004500450045 "
"1"," 4.229191e-03"
"1"," 4.581898e-03"
"1"," 4.948955e-03"
"1","
29.00500050005  "
"1"," 4.223081e-03"
"1"," 4.575276e-03"
"1"," 4.941802e-03"
"1","
"
"1","                "
"1","        lag81"
"1","        lag82"
"1","        lag83"
"1","
29              "
"1"," 5.397436e-03"
"1"," 5.791510e-03"
"1"," 6.193773e-03"
"1","
29.000500050005 "
"1"," 5.389715e-03"
"1"," 5.783229e-03"
"1"," 6.184922e-03"
"1","
29.00100010001  "
"1"," 5.381997e-03"
"1"," 5.774951e-03"
"1"," 6.176075e-03"
"1","
29.001500150015 "
"1"," 5.374282e-03"
"1"," 5.766676e-03"
"1"," 6.167230e-03"
"1","
29.00200020002  "
"1"," 5.366568e-03"
"1"," 5.758404e-03"
"1"," 6.158388e-03"
"1","
29.002500250025 "
"1"," 5.358857e-03"
"1"," 5.750133e-03"
"1"," 6.149548e-03"
"1","
29.00300030003  "
"1"," 5.351149e-03"
"1"," 5.741866e-03"
"1"," 6.140711e-03"
"1","
29.003500350035 "
"1"," 5.343443e-03"
"1"," 5.733601e-03"
"1"," 6.131877e-03"
"1","
29.00400040004  "
"1"," 5.335739e-03"
"1"," 5.725338e-03"
"1"," 6.123045e-03"
"1","
29.004500450045 "
"1"," 5.328037e-03"
"1"," 5.717078e-03"
"1"," 6.114217e-03"
"1","
29.00500050005  "
"1"," 5.320338e-03"
"1"," 5.708820e-03"
"1"," 6.105390e-03"
"1","
"
"1","                "
"1","        lag84"
"1","        lag85"
"1","
29              "
"1"," 6.602512e-03"
"1"," 7.016146e-03"
"1","
29.000500050005 "
"1"," 6.593083e-03"
"1"," 7.006134e-03"
"1","
29.00100010001  "
"1"," 6.583658e-03"
"1"," 6.996124e-03"
"1","
29.001500150015 "
"1"," 6.574235e-03"
"1"," 6.986118e-03"
"1","
29.00200020002  "
"1"," 6.564815e-03"
"1"," 6.976115e-03"
"1","
29.002500250025 "
"1"," 6.555399e-03"
"1"," 6.966115e-03"
"1","
29.00300030003  "
"1"," 6.545984e-03"
"1"," 6.956118e-03"
"1","
29.003500350035 "
"1"," 6.536573e-03"
"1"," 6.946124e-03"
"1","
29.00400040004  "
"1"," 6.527165e-03"
"1"," 6.936133e-03"
"1","
29.004500450045 "
"1"," 6.517759e-03"
"1"," 6.926145e-03"
"1","
29.00500050005  "
"1"," 6.508357e-03"
"1"," 6.916160e-03"
"1","
"
"1"," [ reached 'max' / getOption(""max.print"") -- omitted"
"1"," 9989 rows"
"1"," ]
"
"1","
"
"1","$allfit
"
"1","              29 "
"1"," 29.000500050005 "
"1","  29.00100010001 "
"1","
"
"1","    7.404523e-02 "
"1","    7.382782e-02 "
"1","    7.361068e-02 "
"1","
"
"1"," 29.001500150015 "
"1","  29.00200020002 "
"1"," 29.002500250025 "
"1","
"
"1","    7.339380e-02 "
"1","    7.317720e-02 "
"1","    7.296087e-02 "
"1","
"
"1","  29.00300030003 "
"1"," 29.003500350035 "
"1","  29.00400040004 "
"1","
"
"1","    7.274480e-02 "
"1","    7.252901e-02 "
"1","    7.231348e-02 "
"1","
"
"1"," 29.004500450045 "
"1","  29.00500050005 "
"1"," 29.005500550055 "
"1","
"
"1","    7.209823e-02 "
"1","    7.188324e-02 "
"1","    7.166853e-02 "
"1","
"
"1","  29.00600060006 "
"1"," 29.006500650065 "
"1","  29.00700070007 "
"1","
"
"1","    7.145408e-02 "
"1","    7.123991e-02 "
"1","    7.102601e-02 "
"1","
"
"1"," 29.007500750075 "
"1","  29.00800080008 "
"1"," 29.008500850085 "
"1","
"
"1","    7.081237e-02 "
"1","    7.059901e-02 "
"1","    7.038592e-02 "
"1","
"
"1","  29.00900090009 "
"1"," 29.009500950095 "
"1","   29.0100010001 "
"1","
"
"1","    7.017311e-02 "
"1","    6.996056e-02 "
"1","    6.974829e-02 "
"1","
"
"1"," 29.010501050105 "
"1","  29.01100110011 "
"1"," 29.011501150115 "
"1","
"
"1","    6.953628e-02 "
"1","    6.932455e-02 "
"1","    6.911310e-02 "
"1","
"
"1","  29.01200120012 "
"1"," 29.012501250125 "
"1","  29.01300130013 "
"1","
"
"1","    6.890191e-02 "
"1","    6.869100e-02 "
"1","    6.848036e-02 "
"1","
"
"1"," 29.013501350135 "
"1","  29.01400140014 "
"1"," 29.014501450145 "
"1","
"
"1","    6.826999e-02 "
"1","    6.805990e-02 "
"1","    6.785008e-02 "
"1","
"
"1","  29.01500150015 "
"1"," 29.015501550155 "
"1","  29.01600160016 "
"1","
"
"1","    6.764053e-02 "
"1","    6.743125e-02 "
"1","    6.722225e-02 "
"1","
"
"1"," 29.016501650165 "
"1","  29.01700170017 "
"1"," 29.017501750175 "
"1","
"
"1","    6.701353e-02 "
"1","    6.680508e-02 "
"1","    6.659690e-02 "
"1","
"
"1","  29.01800180018 "
"1"," 29.018501850185 "
"1","  29.01900190019 "
"1","
"
"1","    6.638899e-02 "
"1","    6.618137e-02 "
"1","    6.597401e-02 "
"1","
"
"1"," 29.019501950195 "
"1","   29.0200020002 "
"1"," 29.020502050205 "
"1","
"
"1","    6.576693e-02 "
"1","    6.556013e-02 "
"1","    6.535360e-02 "
"1","
"
"1","  29.02100210021 "
"1"," 29.021502150215 "
"1","  29.02200220022 "
"1","
"
"1","    6.514735e-02 "
"1","    6.494137e-02 "
"1","    6.473567e-02 "
"1","
"
"1"," 29.022502250225 "
"1","  29.02300230023 "
"1"," 29.023502350235 "
"1","
"
"1","    6.453024e-02 "
"1","    6.432509e-02 "
"1","    6.412022e-02 "
"1","
"
"1","  29.02400240024 "
"1"," 29.024502450245 "
"1","  29.02500250025 "
"1","
"
"1","    6.391562e-02 "
"1","    6.371130e-02 "
"1","    6.350725e-02 "
"1","
"
"1"," 29.025502550255 "
"1","  29.02600260026 "
"1"," 29.026502650265 "
"1","
"
"1","    6.330349e-02 "
"1","    6.310000e-02 "
"1","    6.289678e-02 "
"1","
"
"1","  29.02700270027 "
"1"," 29.027502750275 "
"1","  29.02800280028 "
"1","
"
"1","    6.269385e-02 "
"1","    6.249119e-02 "
"1","    6.228881e-02 "
"1","
"
"1"," 29.028502850285 "
"1","  29.02900290029 "
"1"," 29.029502950295 "
"1","
"
"1","    6.208670e-02 "
"1","    6.188488e-02 "
"1","    6.168333e-02 "
"1","
"
"1","   29.0300030003 "
"1"," 29.030503050305 "
"1","  29.03100310031 "
"1","
"
"1","    6.148207e-02 "
"1","    6.128108e-02 "
"1","    6.108037e-02 "
"1","
"
"1"," 29.031503150315 "
"1","  29.03200320032 "
"1"," 29.032503250325 "
"1","
"
"1","    6.087993e-02 "
"1","    6.067978e-02 "
"1","    6.047991e-02 "
"1","
"
"1","  29.03300330033 "
"1"," 29.033503350335 "
"1","  29.03400340034 "
"1","
"
"1","    6.028031e-02 "
"1","    6.008100e-02 "
"1","    5.988196e-02 "
"1","
"
"1"," 29.034503450345 "
"1","  29.03500350035 "
"1"," 29.035503550355 "
"1","
"
"1","    5.968321e-02 "
"1","    5.948473e-02 "
"1","    5.928654e-02 "
"1","
"
"1","  29.03600360036 "
"1"," 29.036503650365 "
"1","  29.03700370037 "
"1","
"
"1","    5.908862e-02 "
"1","    5.889099e-02 "
"1","    5.869363e-02 "
"1","
"
"1"," 29.037503750375 "
"1","  29.03800380038 "
"1"," 29.038503850385 "
"1","
"
"1","    5.849656e-02 "
"1","    5.829977e-02 "
"1","    5.810326e-02 "
"1","
"
"1","  29.03900390039 "
"1"," 29.039503950395 "
"1","   29.0400040004 "
"1","
"
"1","    5.790703e-02 "
"1","    5.771108e-02 "
"1","    5.751541e-02 "
"1","
"
"1"," 29.040504050405 "
"1","  29.04100410041 "
"1"," 29.041504150415 "
"1","
"
"1","    5.732003e-02 "
"1","    5.712493e-02 "
"1","    5.693011e-02 "
"1","
"
"1","  29.04200420042 "
"1"," 29.042504250425 "
"1","  29.04300430043 "
"1","
"
"1","    5.673557e-02 "
"1","    5.654131e-02 "
"1","    5.634734e-02 "
"1","
"
"1"," 29.043504350435 "
"1","  29.04400440044 "
"1"," 29.044504450445 "
"1","
"
"1","    5.615365e-02 "
"1","    5.596024e-02 "
"1","    5.576712e-02 "
"1","
"
"1","  29.04500450045 "
"1"," 29.045504550455 "
"1","  29.04600460046 "
"1","
"
"1","    5.557428e-02 "
"1","    5.538172e-02 "
"1","    5.518945e-02 "
"1","
"
"1"," 29.046504650465 "
"1","  29.04700470047 "
"1"," 29.047504750475 "
"1","
"
"1","    5.499746e-02 "
"1","    5.480575e-02 "
"1","    5.461433e-02 "
"1","
"
"1","  29.04800480048 "
"1"," 29.048504850485 "
"1","29.0490049004901 "
"1","
"
"1","    5.442319e-02 "
"1","    5.423234e-02 "
"1","    5.404177e-02 "
"1","
"
"1"," 29.049504950495 "
"1","29.0500050005001 "
"1","29.0505050505051 "
"1","
"
"1","    5.385149e-02 "
"1","    5.366149e-02 "
"1","    5.347177e-02 "
"1","
"
"1","29.0510051005101 "
"1","29.0515051505151 "
"1","29.0520052005201 "
"1","
"
"1","    5.328234e-02 "
"1","    5.309320e-02 "
"1","    5.290434e-02 "
"1","
"
"1","29.0525052505251 "
"1","29.0530053005301 "
"1","29.0535053505351 "
"1","
"
"1","    5.271577e-02 "
"1","    5.252749e-02 "
"1","    5.233949e-02 "
"1","
"
"1","29.0540054005401 "
"1","29.0545054505451 "
"1","29.0550055005501 "
"1","
"
"1","    5.215177e-02 "
"1","    5.196435e-02 "
"1","    5.177721e-02 "
"1","
"
"1","29.0555055505551 "
"1","29.0560056005601 "
"1","29.0565056505651 "
"1","
"
"1","    5.159035e-02 "
"1","    5.140378e-02 "
"1","    5.121751e-02 "
"1","
"
"1","29.0570057005701 "
"1","29.0575057505751 "
"1","29.0580058005801 "
"1","
"
"1","    5.103151e-02 "
"1","    5.084581e-02 "
"1","    5.066039e-02 "
"1","
"
"1","29.0585058505851 "
"1","29.0590059005901 "
"1","29.0595059505951 "
"1","
"
"1","    5.047526e-02 "
"1","    5.029042e-02 "
"1","    5.010586e-02 "
"1","
"
"1","29.0600060006001 "
"1","29.0605060506051 "
"1","29.0610061006101 "
"1","
"
"1","    4.992160e-02 "
"1","    4.973762e-02 "
"1","    4.955393e-02 "
"1","
"
"1","29.0615061506151 "
"1","29.0620062006201 "
"1","29.0625062506251 "
"1","
"
"1","    4.937053e-02 "
"1","    4.918742e-02 "
"1","    4.900460e-02 "
"1","
"
"1","29.0630063006301 "
"1","29.0635063506351 "
"1","29.0640064006401 "
"1","
"
"1","    4.882207e-02 "
"1","    4.863982e-02 "
"1","    4.845787e-02 "
"1","
"
"1","29.0645064506451 "
"1","29.0650065006501 "
"1","29.0655065506551 "
"1","
"
"1","    4.827620e-02 "
"1","    4.809483e-02 "
"1","    4.791375e-02 "
"1","
"
"1","29.0660066006601 "
"1","29.0665066506651 "
"1","29.0670067006701 "
"1","
"
"1","    4.773295e-02 "
"1","    4.755245e-02 "
"1","    4.737223e-02 "
"1","
"
"1","29.0675067506751 "
"1","29.0680068006801 "
"1","29.0685068506851 "
"1","
"
"1","    4.719231e-02 "
"1","    4.701268e-02 "
"1","    4.683334e-02 "
"1","
"
"1","29.0690069006901 "
"1","29.0695069506951 "
"1","29.0700070007001 "
"1","
"
"1","    4.665429e-02 "
"1","    4.647553e-02 "
"1","    4.629706e-02 "
"1","
"
"1","29.0705070507051 "
"1","29.0710071007101 "
"1","29.0715071507151 "
"1","
"
"1","    4.611889e-02 "
"1","    4.594101e-02 "
"1","    4.576342e-02 "
"1","
"
"1","29.0720072007201 "
"1","29.0725072507251 "
"1","29.0730073007301 "
"1","
"
"1","    4.558612e-02 "
"1","    4.540911e-02 "
"1","    4.523239e-02 "
"1","
"
"1","29.0735073507351 "
"1","29.0740074007401 "
"1","29.0745074507451 "
"1","
"
"1","    4.505597e-02 "
"1","    4.487984e-02 "
"1","    4.470401e-02 "
"1","
"
"1","29.0750075007501 "
"1","29.0755075507551 "
"1","29.0760076007601 "
"1","
"
"1","    4.452847e-02 "
"1","    4.435322e-02 "
"1","    4.417826e-02 "
"1","
"
"1","29.0765076507651 "
"1","29.0770077007701 "
"1","29.0775077507751 "
"1","
"
"1","    4.400360e-02 "
"1","    4.382923e-02 "
"1","    4.365516e-02 "
"1","
"
"1","29.0780078007801 "
"1","29.0785078507851 "
"1","29.0790079007901 "
"1","
"
"1","    4.348138e-02 "
"1","    4.330789e-02 "
"1","    4.313470e-02 "
"1","
"
"1","29.0795079507951 "
"1","29.0800080008001 "
"1","29.0805080508051 "
"1","
"
"1","    4.296180e-02 "
"1","    4.278920e-02 "
"1","    4.261689e-02 "
"1","
"
"1","29.0810081008101 "
"1","29.0815081508151 "
"1","29.0820082008201 "
"1","
"
"1","    4.244488e-02 "
"1","    4.227316e-02 "
"1","    4.210174e-02 "
"1","
"
"1","29.0825082508251 "
"1","29.0830083008301 "
"1","29.0835083508351 "
"1","
"
"1","    4.193062e-02 "
"1","    4.175979e-02 "
"1","    4.158925e-02 "
"1","
"
"1","29.0840084008401 "
"1","29.0845084508451 "
"1","29.0850085008501 "
"1","
"
"1","    4.141901e-02 "
"1","    4.124907e-02 "
"1","    4.107943e-02 "
"1","
"
"1","29.0855085508551 "
"1","29.0860086008601 "
"1","29.0865086508651 "
"1","
"
"1","    4.091008e-02 "
"1","    4.074103e-02 "
"1","    4.057227e-02 "
"1","
"
"1","29.0870087008701 "
"1","29.0875087508751 "
"1","29.0880088008801 "
"1","
"
"1","    4.040381e-02 "
"1","    4.023565e-02 "
"1","    4.006779e-02 "
"1","
"
"1","29.0885088508851 "
"1","29.0890089008901 "
"1","29.0895089508951 "
"1","
"
"1","    3.990023e-02 "
"1","    3.973296e-02 "
"1","    3.956599e-02 "
"1","
"
"1","29.0900090009001 "
"1","29.0905090509051 "
"1","29.0910091009101 "
"1","
"
"1","    3.939932e-02 "
"1","    3.923294e-02 "
"1","    3.906687e-02 "
"1","
"
"1","29.0915091509151 "
"1","29.0920092009201 "
"1","29.0925092509251 "
"1","
"
"1","    3.890109e-02 "
"1","    3.873561e-02 "
"1","    3.857043e-02 "
"1","
"
"1","29.0930093009301 "
"1","29.0935093509351 "
"1","29.0940094009401 "
"1","
"
"1","    3.840555e-02 "
"1","    3.824097e-02 "
"1","    3.807669e-02 "
"1","
"
"1","29.0945094509451 "
"1","29.0950095009501 "
"1","29.0955095509551 "
"1","
"
"1","    3.791271e-02 "
"1","    3.774903e-02 "
"1","    3.758565e-02 "
"1","
"
"1","29.0960096009601 "
"1","29.0965096509651 "
"1","29.0970097009701 "
"1","
"
"1","    3.742256e-02 "
"1","    3.725978e-02 "
"1","    3.709730e-02 "
"1","
"
"1","29.0975097509751 "
"1","29.0980098009801 "
"1","29.0985098509851 "
"1","
"
"1","    3.693512e-02 "
"1","    3.677324e-02 "
"1","    3.661166e-02 "
"1","
"
"1","29.0990099009901 "
"1","29.0995099509951 "
"1","29.1000100010001 "
"1","
"
"1","    3.645038e-02 "
"1","    3.628941e-02 "
"1","    3.612873e-02 "
"1","
"
"1","29.1005100510051 "
"1","29.1010101010101 "
"1","29.1015101510151 "
"1","
"
"1","    3.596836e-02 "
"1","    3.580828e-02 "
"1","    3.564851e-02 "
"1","
"
"1","29.1020102010201 "
"1","29.1025102510251 "
"1","29.1030103010301 "
"1","
"
"1","    3.548904e-02 "
"1","    3.532988e-02 "
"1","    3.517101e-02 "
"1","
"
"1","29.1035103510351 "
"1","29.1040104010401 "
"1","29.1045104510451 "
"1","
"
"1","    3.501245e-02 "
"1","    3.485419e-02 "
"1","    3.469624e-02 "
"1","
"
"1","29.1050105010501 "
"1","29.1055105510551 "
"1","29.1060106010601 "
"1","
"
"1","    3.453858e-02 "
"1","    3.438123e-02 "
"1","    3.422419e-02 "
"1","
"
"1","29.1065106510651 "
"1","29.1070107010701 "
"1","29.1075107510751 "
"1","
"
"1","    3.406744e-02 "
"1","    3.391101e-02 "
"1","    3.375487e-02 "
"1","
"
"1","29.1080108010801 "
"1","29.1085108510851 "
"1","29.1090109010901 "
"1","
"
"1","    3.359904e-02 "
"1","    3.344351e-02 "
"1","    3.328829e-02 "
"1","
"
"1","29.1095109510951 "
"1","29.1100110011001 "
"1","29.1105110511051 "
"1","
"
"1","    3.313337e-02 "
"1","    3.297876e-02 "
"1","    3.282445e-02 "
"1","
"
"1","29.1110111011101 "
"1","29.1115111511151 "
"1","29.1120112011201 "
"1","
"
"1","    3.267044e-02 "
"1","    3.251674e-02 "
"1","    3.236335e-02 "
"1","
"
"1","29.1125112511251 "
"1","29.1130113011301 "
"1","29.1135113511351 "
"1","
"
"1","    3.221026e-02 "
"1","    3.205748e-02 "
"1","    3.190500e-02 "
"1","
"
"1","29.1140114011401 "
"1","29.1145114511451 "
"1","29.1150115011501 "
"1","
"
"1","    3.175283e-02 "
"1","    3.160097e-02 "
"1","    3.144941e-02 "
"1","
"
"1","29.1155115511551 "
"1","29.1160116011601 "
"1","29.1165116511651 "
"1","
"
"1","    3.129816e-02 "
"1","    3.114721e-02 "
"1","    3.099657e-02 "
"1","
"
"1","29.1170117011701 "
"1","29.1175117511751 "
"1","29.1180118011801 "
"1","
"
"1","    3.084624e-02 "
"1","    3.069622e-02 "
"1","    3.054650e-02 "
"1","
"
"1","29.1185118511851 "
"1","29.1190119011901 "
"1","29.1195119511951 "
"1","
"
"1","    3.039709e-02 "
"1","    3.024799e-02 "
"1","    3.009919e-02 "
"1","
"
"1","29.1200120012001 "
"1","29.1205120512051 "
"1","29.1210121012101 "
"1","
"
"1","    2.995071e-02 "
"1","    2.980253e-02 "
"1","    2.965466e-02 "
"1","
"
"1","29.1215121512151 "
"1","29.1220122012201 "
"1","29.1225122512251 "
"1","
"
"1","    2.950710e-02 "
"1","    2.935984e-02 "
"1","    2.921290e-02 "
"1","
"
"1","29.1230123012301 "
"1","29.1235123512351 "
"1","29.1240124012401 "
"1","
"
"1","    2.906626e-02 "
"1","    2.891994e-02 "
"1","    2.877392e-02 "
"1","
"
"1","29.1245124512451 "
"1","29.1250125012501 "
"1","29.1255125512551 "
"1","
"
"1","    2.862821e-02 "
"1","    2.848282e-02 "
"1","    2.833773e-02 "
"1","
"
"1","29.1260126012601 "
"1","29.1265126512651 "
"1","29.1270127012701 "
"1","
"
"1","    2.819295e-02 "
"1","    2.804848e-02 "
"1","    2.790432e-02 "
"1","
"
"1","29.1275127512751 "
"1","29.1280128012801 "
"1","29.1285128512851 "
"1","
"
"1","    2.776048e-02 "
"1","    2.761694e-02 "
"1","    2.747371e-02 "
"1","
"
"1","29.1290129012901 "
"1","29.1295129512951 "
"1","29.1300130013001 "
"1","
"
"1","    2.733080e-02 "
"1","    2.718819e-02 "
"1","    2.704590e-02 "
"1","
"
"1","29.1305130513051 "
"1","29.1310131013101 "
"1","29.1315131513151 "
"1","
"
"1","    2.690392e-02 "
"1","    2.676225e-02 "
"1","    2.662089e-02 "
"1","
"
"1","29.1320132013201 "
"1","29.1325132513251 "
"1","29.1330133013301 "
"1","
"
"1","    2.647984e-02 "
"1","    2.633911e-02 "
"1","    2.619869e-02 "
"1","
"
"1","29.1335133513351 "
"1","29.1340134013401 "
"1","29.1345134513451 "
"1","
"
"1","    2.605858e-02 "
"1","    2.591878e-02 "
"1","    2.577929e-02 "
"1","
"
"1","29.1350135013501 "
"1","29.1355135513551 "
"1","29.1360136013601 "
"1","
"
"1","    2.564012e-02 "
"1","    2.550126e-02 "
"1","    2.536272e-02 "
"1","
"
"1","29.1365136513651 "
"1","29.1370137013701 "
"1","29.1375137513751 "
"1","
"
"1","    2.522448e-02 "
"1","    2.508657e-02 "
"1","    2.494896e-02 "
"1","
"
"1","29.1380138013801 "
"1","29.1385138513851 "
"1","29.1390139013901 "
"1","
"
"1","    2.481167e-02 "
"1","    2.467469e-02 "
"1","    2.453803e-02 "
"1","
"
"1","29.1395139513951 "
"1","29.1400140014001 "
"1","29.1405140514051 "
"1","
"
"1","    2.440168e-02 "
"1","    2.426565e-02 "
"1","    2.412993e-02 "
"1","
"
"1","29.1410141014101 "
"1","29.1415141514151 "
"1","29.1420142014201 "
"1","
"
"1","    2.399452e-02 "
"1","    2.385943e-02 "
"1","    2.372466e-02 "
"1","
"
"1","29.1425142514251 "
"1","29.1430143014301 "
"1","29.1435143514351 "
"1","
"
"1","    2.359020e-02 "
"1","    2.345606e-02 "
"1","    2.332223e-02 "
"1","
"
"1","29.1440144014401 "
"1","29.1445144514451 "
"1","29.1450145014501 "
"1","
"
"1","    2.318871e-02 "
"1","    2.305552e-02 "
"1","    2.292264e-02 "
"1","
"
"1","29.1455145514551 "
"1","29.1460146014601 "
"1","29.1465146514651 "
"1","
"
"1","    2.279007e-02 "
"1","    2.265783e-02 "
"1","    2.252590e-02 "
"1","
"
"1","29.1470147014701 "
"1","29.1475147514751 "
"1","29.1480148014801 "
"1","
"
"1","    2.239428e-02 "
"1","    2.226299e-02 "
"1","    2.213201e-02 "
"1","
"
"1","29.1485148514851 "
"1","29.1490149014901 "
"1","29.1495149514951 "
"1","
"
"1","    2.200134e-02 "
"1","    2.187100e-02 "
"1","    2.174097e-02 "
"1","
"
"1","29.1500150015002 "
"1","29.1505150515051 "
"1","29.1510151015102 "
"1","
"
"1","    2.161126e-02 "
"1","    2.148187e-02 "
"1","    2.135280e-02 "
"1","
"
"1","29.1515151515152 "
"1","29.1520152015202 "
"1","29.1525152515252 "
"1","
"
"1","    2.122404e-02 "
"1","    2.109561e-02 "
"1","    2.096749e-02 "
"1","
"
"1","29.1530153015302 "
"1","29.1535153515352 "
"1","29.1540154015402 "
"1","
"
"1","    2.083969e-02 "
"1","    2.071221e-02 "
"1","    2.058505e-02 "
"1","
"
"1","29.1545154515452 "
"1","29.1550155015502 "
"1","29.1555155515552 "
"1","
"
"1","    2.045821e-02 "
"1","    2.033168e-02 "
"1","    2.020548e-02 "
"1","
"
"1","29.1560156015602 "
"1","29.1565156515652 "
"1","29.1570157015702 "
"1","
"
"1","    2.007960e-02 "
"1","    1.995403e-02 "
"1","    1.982879e-02 "
"1","
"
"1","29.1575157515752 "
"1","29.1580158015802 "
"1","29.1585158515852 "
"1","
"
"1","    1.970387e-02 "
"1","    1.957927e-02 "
"1","    1.945498e-02 "
"1","
"
"1","29.1590159015902 "
"1","29.1595159515952 "
"1","29.1600160016002 "
"1","
"
"1","    1.933102e-02 "
"1","    1.920738e-02 "
"1","    1.908406e-02 "
"1","
"
"1","29.1605160516052 "
"1","29.1610161016102 "
"1","29.1615161516152 "
"1","
"
"1","    1.896107e-02 "
"1","    1.883839e-02 "
"1","    1.871603e-02 "
"1","
"
"1","29.1620162016202 "
"1","29.1625162516252 "
"1","29.1630163016302 "
"1","
"
"1","    1.859400e-02 "
"1","    1.847229e-02 "
"1","    1.835090e-02 "
"1","
"
"1","29.1635163516352 "
"1","29.1640164016402 "
"1","29.1645164516452 "
"1","
"
"1","    1.822983e-02 "
"1","    1.810909e-02 "
"1","    1.798867e-02 "
"1","
"
"1","29.1650165016502 "
"1","29.1655165516552 "
"1","29.1660166016602 "
"1","
"
"1","    1.786857e-02 "
"1","    1.774879e-02 "
"1","    1.762934e-02 "
"1","
"
"1","29.1665166516652 "
"1","29.1670167016702 "
"1","29.1675167516752 "
"1","
"
"1","    1.751021e-02 "
"1","    1.739140e-02 "
"1","    1.727292e-02 "
"1","
"
"1","29.1680168016802 "
"1","29.1685168516852 "
"1","29.1690169016902 "
"1","
"
"1","    1.715476e-02 "
"1","    1.703692e-02 "
"1","    1.691941e-02 "
"1","
"
"1","29.1695169516952 "
"1","29.1700170017002 "
"1","29.1705170517052 "
"1","
"
"1","    1.680222e-02 "
"1","    1.668536e-02 "
"1","    1.656882e-02 "
"1","
"
"1","29.1710171017102 "
"1","29.1715171517152 "
"1","29.1720172017202 "
"1","
"
"1","    1.645261e-02 "
"1","    1.633672e-02 "
"1","    1.622116e-02 "
"1","
"
"1","29.1725172517252 "
"1","29.1730173017302 "
"1","29.1735173517352 "
"1","
"
"1","    1.610592e-02 "
"1","    1.599101e-02 "
"1","    1.587642e-02 "
"1","
"
"1","29.1740174017402 "
"1","29.1745174517452 "
"1","29.1750175017502 "
"1","
"
"1","    1.576216e-02 "
"1","    1.564822e-02 "
"1","    1.553461e-02 "
"1","
"
"1","29.1755175517552 "
"1","29.1760176017602 "
"1","29.1765176517652 "
"1","
"
"1","    1.542132e-02 "
"1","    1.530837e-02 "
"1","    1.519574e-02 "
"1","
"
"1","29.1770177017702 "
"1","29.1775177517752 "
"1","29.1780178017802 "
"1","
"
"1","    1.508343e-02 "
"1","    1.497145e-02 "
"1","    1.485980e-02 "
"1","
"
"1","29.1785178517852 "
"1","29.1790179017902 "
"1","29.1795179517952 "
"1","
"
"1","    1.474848e-02 "
"1","    1.463748e-02 "
"1","    1.452681e-02 "
"1","
"
"1","29.1800180018002 "
"1","29.1805180518052 "
"1","29.1810181018102 "
"1","
"
"1","    1.441647e-02 "
"1","    1.430646e-02 "
"1","    1.419677e-02 "
"1","
"
"1","29.1815181518152 "
"1","29.1820182018202 "
"1","29.1825182518252 "
"1","
"
"1","    1.408742e-02 "
"1","    1.397839e-02 "
"1","    1.386969e-02 "
"1","
"
"1","29.1830183018302 "
"1","29.1835183518352 "
"1","29.1840184018402 "
"1","
"
"1","    1.376132e-02 "
"1","    1.365327e-02 "
"1","    1.354556e-02 "
"1","
"
"1","29.1845184518452 "
"1","29.1850185018502 "
"1","29.1855185518552 "
"1","
"
"1","    1.343817e-02 "
"1","    1.333112e-02 "
"1","    1.322439e-02 "
"1","
"
"1","29.1860186018602 "
"1","29.1865186518652 "
"1","29.1870187018702 "
"1","
"
"1","    1.311800e-02 "
"1","    1.301193e-02 "
"1","    1.290619e-02 "
"1","
"
"1","29.1875187518752 "
"1","29.1880188018802 "
"1","29.1885188518852 "
"1","
"
"1","    1.280079e-02 "
"1","    1.269571e-02 "
"1","    1.259096e-02 "
"1","
"
"1","29.1890189018902 "
"1","29.1895189518952 "
"1","29.1900190019002 "
"1","
"
"1","    1.248655e-02 "
"1","    1.238247e-02 "
"1","    1.227871e-02 "
"1","
"
"1","29.1905190519052 "
"1","29.1910191019102 "
"1","29.1915191519152 "
"1","
"
"1","    1.217529e-02 "
"1","    1.207220e-02 "
"1","    1.196944e-02 "
"1","
"
"1","29.1920192019202 "
"1","29.1925192519252 "
"1","29.1930193019302 "
"1","
"
"1","    1.186701e-02 "
"1","    1.176491e-02 "
"1","    1.166315e-02 "
"1","
"
"1","29.1935193519352 "
"1","29.1940194019402 "
"1","29.1945194519452 "
"1","
"
"1","    1.156172e-02 "
"1","    1.146062e-02 "
"1","    1.135985e-02 "
"1","
"
"1","29.1950195019502 "
"1","29.1955195519552 "
"1","29.1960196019602 "
"1","
"
"1","    1.125941e-02 "
"1","    1.115931e-02 "
"1","    1.105954e-02 "
"1","
"
"1","29.1965196519652 "
"1","29.1970197019702 "
"1","29.1975197519752 "
"1","
"
"1","    1.096011e-02 "
"1","    1.086100e-02 "
"1","    1.076223e-02 "
"1","
"
"1","29.1980198019802 "
"1","29.1985198519852 "
"1","29.1990199019902 "
"1","
"
"1","    1.066380e-02 "
"1","    1.056570e-02 "
"1","    1.046793e-02 "
"1","
"
"1","29.1995199519952 "
"1","29.2000200020002 "
"1","29.2005200520052 "
"1","
"
"1","    1.037049e-02 "
"1","    1.027339e-02 "
"1","    1.017663e-02 "
"1","
"
"1","29.2010201020102 "
"1","29.2015201520152 "
"1","29.2020202020202 "
"1","
"
"1","    1.008019e-02 "
"1","    9.984098e-03 "
"1","    9.888337e-03 "
"1","
"
"1","29.2025202520252 "
"1","29.2030203020302 "
"1","29.2035203520352 "
"1","
"
"1","    9.792910e-03 "
"1","    9.697819e-03 "
"1","    9.603063e-03 "
"1","
"
"1","29.2040204020402 "
"1","29.2045204520452 "
"1","29.2050205020502 "
"1","
"
"1","    9.508642e-03 "
"1","    9.414557e-03 "
"1","    9.320808e-03 "
"1","
"
"1","29.2055205520552 "
"1","29.2060206020602 "
"1","29.2065206520652 "
"1","
"
"1","    9.227396e-03 "
"1","    9.134319e-03 "
"1","    9.041579e-03 "
"1","
"
"1","29.2070207020702 "
"1","29.2075207520752 "
"1","29.2080208020802 "
"1","
"
"1","    8.949175e-03 "
"1","    8.857108e-03 "
"1","    8.765377e-03 "
"1","
"
"1","29.2085208520852 "
"1","29.2090209020902 "
"1","29.2095209520952 "
"1","
"
"1","    8.673984e-03 "
"1","    8.582928e-03 "
"1","    8.492209e-03 "
"1","
"
"1","29.2100210021002 "
"1","29.2105210521052 "
"1","29.2110211021102 "
"1","
"
"1","    8.401828e-03 "
"1","    8.311785e-03 "
"1","    8.222079e-03 "
"1","
"
"1","29.2115211521152 "
"1","29.2120212021202 "
"1","29.2125212521252 "
"1","
"
"1","    8.132711e-03 "
"1","    8.043682e-03 "
"1","    7.954991e-03 "
"1","
"
"1","29.2130213021302 "
"1","29.2135213521352 "
"1","29.2140214021402 "
"1","
"
"1","    7.866638e-03 "
"1","    7.778624e-03 "
"1","    7.690949e-03 "
"1","
"
"1","29.2145214521452 "
"1","29.2150215021502 "
"1","29.2155215521552 "
"1","
"
"1","    7.603613e-03 "
"1","    7.516616e-03 "
"1","    7.429958e-03 "
"1","
"
"1","29.2160216021602 "
"1","29.2165216521652 "
"1","29.2170217021702 "
"1","
"
"1","    7.343640e-03 "
"1","    7.257661e-03 "
"1","    7.172022e-03 "
"1","
"
"1","29.2175217521752 "
"1","29.2180218021802 "
"1","29.2185218521852 "
"1","
"
"1","    7.086724e-03 "
"1","    7.001765e-03 "
"1","    6.917147e-03 "
"1","
"
"1","29.2190219021902 "
"1","29.2195219521952 "
"1","29.2200220022002 "
"1","
"
"1","    6.832869e-03 "
"1","    6.748932e-03 "
"1","    6.665335e-03 "
"1","
"
"1","29.2205220522052 "
"1","29.2210221022102 "
"1","29.2215221522152 "
"1","
"
"1","    6.582080e-03 "
"1","    6.499165e-03 "
"1","    6.416592e-03 "
"1","
"
"1","29.2220222022202 "
"1","29.2225222522252 "
"1","29.2230223022302 "
"1","
"
"1","    6.334361e-03 "
"1","    6.252471e-03 "
"1","    6.170922e-03 "
"1","
"
"1","29.2235223522352 "
"1","29.2240224022402 "
"1","29.2245224522452 "
"1","
"
"1","    6.089716e-03 "
"1","    6.008852e-03 "
"1","    5.928330e-03 "
"1","
"
"1","29.2250225022502 "
"1","29.2255225522552 "
"1","29.2260226022602 "
"1","
"
"1","    5.848151e-03 "
"1","    5.768314e-03 "
"1","    5.688820e-03 "
"1","
"
"1","29.2265226522652 "
"1","29.2270227022702 "
"1","29.2275227522752 "
"1","
"
"1","    5.609669e-03 "
"1","    5.530861e-03 "
"1","    5.452396e-03 "
"1","
"
"1","29.2280228022802 "
"1","29.2285228522852 "
"1","29.2290229022902 "
"1","
"
"1","    5.374275e-03 "
"1","    5.296497e-03 "
"1","    5.219063e-03 "
"1","
"
"1","29.2295229522952 "
"1","29.2300230023002 "
"1","29.2305230523052 "
"1","
"
"1","    5.141973e-03 "
"1","    5.065227e-03 "
"1","    4.988825e-03 "
"1","
"
"1","29.2310231023102 "
"1","29.2315231523152 "
"1","29.2320232023202 "
"1","
"
"1","    4.912768e-03 "
"1","    4.837055e-03 "
"1","    4.761687e-03 "
"1","
"
"1","29.2325232523252 "
"1","29.2330233023302 "
"1","29.2335233523352 "
"1","
"
"1","    4.686664e-03 "
"1","    4.611986e-03 "
"1","    4.537653e-03 "
"1","
"
"1","29.2340234023402 "
"1","29.2345234523452 "
"1","29.2350235023502 "
"1","
"
"1","    4.463666e-03 "
"1","    4.390024e-03 "
"1","    4.316728e-03 "
"1","
"
"1","29.2355235523552 "
"1","29.2360236023602 "
"1","29.2365236523652 "
"1","
"
"1","    4.243778e-03 "
"1","    4.171174e-03 "
"1","    4.098916e-03 "
"1","
"
"1","29.2370237023702 "
"1","29.2375237523752 "
"1","29.2380238023802 "
"1","
"
"1","    4.027004e-03 "
"1","    3.955439e-03 "
"1","    3.884221e-03 "
"1","
"
"1","29.2385238523852 "
"1","29.2390239023902 "
"1","29.2395239523952 "
"1","
"
"1","    3.813350e-03 "
"1","    3.742825e-03 "
"1","    3.672648e-03 "
"1","
"
"1","29.2400240024002 "
"1","29.2405240524052 "
"1","29.2410241024102 "
"1","
"
"1","    3.602818e-03 "
"1","    3.533336e-03 "
"1","    3.464202e-03 "
"1","
"
"1","29.2415241524152 "
"1","29.2420242024202 "
"1","29.2425242524252 "
"1","
"
"1","    3.395415e-03 "
"1","    3.326976e-03 "
"1","    3.258886e-03 "
"1","
"
"1","29.2430243024302 "
"1","29.2435243524352 "
"1","29.2440244024402 "
"1","
"
"1","    3.191144e-03 "
"1","    3.123750e-03 "
"1","    3.056705e-03 "
"1","
"
"1","29.2445244524452 "
"1","29.2450245024502 "
"1","29.2455245524552 "
"1","
"
"1","    2.990009e-03 "
"1","    2.923662e-03 "
"1","    2.857664e-03 "
"1","
"
"1","29.2460246024602 "
"1","29.2465246524652 "
"1","29.2470247024702 "
"1","
"
"1","    2.792016e-03 "
"1","    2.726717e-03 "
"1","    2.661767e-03 "
"1","
"
"1","29.2475247524752 "
"1","29.2480248024802 "
"1","29.2485248524853 "
"1","
"
"1","    2.597168e-03 "
"1","    2.532918e-03 "
"1","    2.469019e-03 "
"1","
"
"1","29.2490249024902 "
"1","29.2495249524952 "
"1","29.2500250025003 "
"1","
"
"1","    2.405470e-03 "
"1","    2.342271e-03 "
"1","    2.279424e-03 "
"1","
"
"1","29.2505250525052 "
"1","29.2510251025103 "
"1","29.2515251525153 "
"1","
"
"1","    2.216926e-03 "
"1","    2.154780e-03 "
"1","    2.092985e-03 "
"1","
"
"1","29.2520252025203 "
"1","29.2525252525253 "
"1","29.2530253025303 "
"1","
"
"1","    2.031542e-03 "
"1","    1.970450e-03 "
"1","    1.909709e-03 "
"1","
"
"1","29.2535253525353 "
"1","29.2540254025403 "
"1","29.2545254525453 "
"1","
"
"1","    1.849321e-03 "
"1","    1.789284e-03 "
"1","    1.729599e-03 "
"1","
"
"1","29.2550255025503 "
"1","29.2555255525553 "
"1","29.2560256025603 "
"1","
"
"1","    1.670267e-03 "
"1","    1.611287e-03 "
"1","    1.552660e-03 "
"1","
"
"1","29.2565256525653 "
"1","29.2570257025703 "
"1","29.2575257525753 "
"1","
"
"1","    1.494386e-03 "
"1","    1.436464e-03 "
"1","    1.378896e-03 "
"1","
"
"1","29.2580258025803 "
"1","29.2585258525853 "
"1","29.2590259025903 "
"1","
"
"1","    1.321681e-03 "
"1","    1.264819e-03 "
"1","    1.208311e-03 "
"1","
"
"1","29.2595259525953 "
"1","29.2600260026003 "
"1","29.2605260526053 "
"1","
"
"1","    1.152157e-03 "
"1","    1.096357e-03 "
"1","    1.040911e-03 "
"1","
"
"1","29.2610261026103 "
"1","29.2615261526153 "
"1","29.2620262026203 "
"1","
"
"1","    9.858191e-04 "
"1","    9.310817e-04 "
"1","    8.766989e-04 "
"1","
"
"1","29.2625262526253 "
"1","29.2630263026303 "
"1","29.2635263526353 "
"1","
"
"1","    8.226708e-04 "
"1","    7.689977e-04 "
"1","    7.156797e-04 "
"1","
"
"1","29.2640264026403 "
"1","29.2645264526453 "
"1","29.2650265026503 "
"1","
"
"1","    6.627169e-04 "
"1","    6.101095e-04 "
"1","    5.578578e-04 "
"1","
"
"1","29.2655265526553 "
"1","29.2660266026603 "
"1","29.2665266526653 "
"1","
"
"1","    5.059617e-04 "
"1","    4.544216e-04 "
"1","    4.032376e-04 "
"1","
"
"1","29.2670267026703 "
"1","29.2675267526753 "
"1","29.2680268026803 "
"1","
"
"1","    3.524098e-04 "
"1","    3.019385e-04 "
"1","    2.518237e-04 "
"1","
"
"1","29.2685268526853 "
"1","29.2690269026903 "
"1","29.2695269526953 "
"1","
"
"1","    2.020656e-04 "
"1","    1.526644e-04 "
"1","    1.036203e-04 "
"1","
"
"1","29.2700270027003 "
"1","29.2705270527053 "
"1","29.2710271027103 "
"1","
"
"1","    5.493345e-05 "
"1","    6.603975e-06 "
"1","   -4.136795e-05 "
"1","
"
"1","29.2715271527153 "
"1","29.2720272027203 "
"1","29.2725272527253 "
"1","
"
"1","   -8.898215e-05 "
"1","   -1.362385e-04 "
"1","   -1.831367e-04 "
"1","
"
"1","29.2730273027303 "
"1","29.2735273527353 "
"1","29.2740274027403 "
"1","
"
"1","   -2.296768e-04 "
"1","   -2.758584e-04 "
"1","   -3.216816e-04 "
"1","
"
"1","29.2745274527453 "
"1","29.2750275027503 "
"1","29.2755275527553 "
"1","
"
"1","   -3.671460e-04 "
"1","   -4.122515e-04 "
"1","   -4.569981e-04 "
"1","
"
"1","29.2760276027603 "
"1","29.2765276527653 "
"1","29.2770277027703 "
"1","
"
"1","   -5.013854e-04 "
"1","   -5.454133e-04 "
"1","   -5.890817e-04 "
"1","
"
"1","29.2775277527753 "
"1","29.2780278027803 "
"1","29.2785278527853 "
"1","
"
"1","   -6.323905e-04 "
"1","   -6.753393e-04 "
"1","   -7.179282e-04 "
"1","
"
"1","29.2790279027903 "
"1","29.2795279527953 "
"1","29.2800280028003 "
"1","
"
"1","   -7.601568e-04 "
"1","   -8.020251e-04 "
"1","   -8.435329e-04 "
"1","
"
"1","29.2805280528053 "
"1","29.2810281028103 "
"1","29.2815281528153 "
"1","
"
"1","   -8.846800e-04 "
"1","   -9.254663e-04 "
"1","   -9.658916e-04 "
"1","
"
"1","29.2820282028203 "
"1","29.2825282528253 "
"1","29.2830283028303 "
"1","
"
"1","   -1.005956e-03 "
"1","   -1.045658e-03 "
"1","   -1.085000e-03 "
"1","
"
"1","29.2835283528353 "
"1","29.2840284028403 "
"1","29.2845284528453 "
"1","
"
"1","   -1.123979e-03 "
"1","   -1.162597e-03 "
"1","   -1.200853e-03 "
"1","
"
"1","29.2850285028503 "
"1","29.2855285528553 "
"1","29.2860286028603 "
"1","
"
"1","   -1.238746e-03 "
"1","   -1.276278e-03 "
"1","   -1.313446e-03 "
"1","
"
"1","29.2865286528653 "
"1","29.2870287028703 "
"1","29.2875287528753 "
"1","
"
"1","   -1.350253e-03 "
"1","   -1.386696e-03 "
"1","   -1.422776e-03 "
"1","
"
"1","29.2880288028803 "
"1","29.2885288528853 "
"1","29.2890289028903 "
"1","
"
"1","   -1.458493e-03 "
"1","   -1.493847e-03 "
"1","   -1.528838e-03 "
"1","
"
"1","29.2895289528953 "
"1","29.2900290029003 "
"1","29.2905290529053 "
"1","
"
"1","   -1.563465e-03 "
"1","   -1.597728e-03 "
"1","   -1.631627e-03 "
"1","
"
"1","29.2910291029103 "
"1","29.2915291529153 "
"1","29.2920292029203 "
"1","
"
"1","   -1.665162e-03 "
"1","   -1.698332e-03 "
"1","   -1.731138e-03 "
"1","
"
"1","29.2925292529253 "
"1","29.2930293029303 "
"1","29.2935293529353 "
"1","
"
"1","   -1.763580e-03 "
"1","   -1.795657e-03 "
"1","   -1.827368e-03 "
"1","
"
"1","29.2940294029403 "
"1","29.2945294529453 "
"1","29.2950295029503 "
"1","
"
"1","   -1.858715e-03 "
"1","   -1.889696e-03 "
"1","   -1.920312e-03 "
"1","
"
"1","29.2955295529553 "
"1","29.2960296029603 "
"1","29.2965296529653 "
"1","
"
"1","   -1.950563e-03 "
"1","   -1.980447e-03 "
"1","   -2.009966e-03 "
"1","
"
"1","29.2970297029703 "
"1","29.2975297529753 "
"1","29.2980298029803 "
"1","
"
"1","   -2.039118e-03 "
"1","   -2.067905e-03 "
"1","   -2.096324e-03 "
"1","
"
"1","29.2985298529853 "
"1","29.2990299029903 "
"1","29.2995299529953 "
"1","
"
"1","   -2.124378e-03 "
"1","   -2.152064e-03 "
"1","   -2.179384e-03 "
"1","
"
"1","29.3000300030003 "
"1","29.3005300530053 "
"1","29.3010301030103 "
"1","
"
"1","   -2.206336e-03 "
"1","   -2.232921e-03 "
"1","   -2.259139e-03 "
"1","
"
"1","29.3015301530153 "
"1","29.3020302030203 "
"1","29.3025302530253 "
"1","
"
"1","   -2.284989e-03 "
"1","   -2.310472e-03 "
"1","   -2.335586e-03 "
"1","
"
"1","29.3030303030303 "
"1","29.3035303530353 "
"1","29.3040304030403 "
"1","
"
"1","   -2.360333e-03 "
"1","   -2.384711e-03 "
"1","   -2.408721e-03 "
"1","
"
"1","29.3045304530453 "
"1","29.3050305030503 "
"1","29.3055305530553 "
"1","
"
"1","   -2.432362e-03 "
"1","   -2.455635e-03 "
"1","   -2.478538e-03 "
"1","
"
"1","29.3060306030603 "
"1","29.3065306530653 "
"1","29.3070307030703 "
"1","
"
"1","   -2.501073e-03 "
"1","   -2.523238e-03 "
"1","   -2.545034e-03 "
"1","
"
"1","29.3075307530753 "
"1","29.3080308030803 "
"1","29.3085308530853 "
"1","
"
"1","   -2.566461e-03 "
"1","   -2.587518e-03 "
"1","   -2.608204e-03 "
"1","
"
"1","29.3090309030903 "
"1","29.3095309530953 "
"1","29.3100310031003 "
"1","
"
"1","   -2.628521e-03 "
"1","   -2.648468e-03 "
"1","   -2.668044e-03 "
"1","
"
"1","29.3105310531053 "
"1","29.3110311031103 "
"1","29.3115311531153 "
"1","
"
"1","   -2.687250e-03 "
"1","   -2.706085e-03 "
"1","   -2.724549e-03 "
"1","
"
"1","29.3120312031203 "
"1","29.3125312531253 "
"1","29.3130313031303 "
"1","
"
"1","   -2.742642e-03 "
"1","   -2.760364e-03 "
"1","   -2.777714e-03 "
"1","
"
"1","29.3135313531353 "
"1","29.3140314031403 "
"1","29.3145314531453 "
"1","
"
"1","   -2.794693e-03 "
"1","   -2.811301e-03 "
"1","   -2.827536e-03 "
"1","
"
"1","29.3150315031503 "
"1","29.3155315531553 "
"1","29.3160316031603 "
"1","
"
"1","   -2.843400e-03 "
"1","   -2.858891e-03 "
"1","   -2.874010e-03 "
"1","
"
"1","29.3165316531653 "
"1","29.3170317031703 "
"1","29.3175317531753 "
"1","
"
"1","   -2.888756e-03 "
"1","   -2.903130e-03 "
"1","   -2.917131e-03 "
"1","
"
"1","29.3180318031803 "
"1","29.3185318531853 "
"1","29.3190319031903 "
"1","
"
"1","   -2.930759e-03 "
"1","   -2.944013e-03 "
"1","   -2.956895e-03 "
"1","
"
"1","29.3195319531953 "
"1","29.3200320032003 "
"1","29.3205320532053 "
"1","
"
"1","   -2.969403e-03 "
"1","   -2.981537e-03 "
"1","   -2.993297e-03 "
"1","
"
"1","29.3210321032103 "
"1","29.3215321532153 "
"1","29.3220322032203 "
"1","
"
"1","   -3.004684e-03 "
"1","   -3.015696e-03 "
"1","   -3.026334e-03 "
"1","
"
"1","29.3225322532253 "
"1","29.3230323032303 "
"1","29.3235323532353 "
"1","
"
"1","   -3.036597e-03 "
"1","   -3.046486e-03 "
"1","   -3.056000e-03 "
"1","
"
"1","29.3240324032403 "
"1","29.3245324532453 "
"1","29.3250325032503 "
"1","
"
"1","   -3.065139e-03 "
"1","   -3.073903e-03 "
"1","   -3.082292e-03 "
"1","
"
"1","29.3255325532553 "
"1","29.3260326032603 "
"1","29.3265326532653 "
"1","
"
"1","   -3.090305e-03 "
"1","   -3.097943e-03 "
"1","   -3.105204e-03 "
"1","
"
"1","29.3270327032703 "
"1","29.3275327532753 "
"1","29.3280328032803 "
"1","
"
"1","   -3.112090e-03 "
"1","   -3.118600e-03 "
"1","   -3.124733e-03 "
"1","
"
"1","29.3285328532853 "
"1","29.3290329032903 "
"1","29.3295329532953 "
"1","
"
"1","   -3.130490e-03 "
"1","   -3.135870e-03 "
"1","   -3.140874e-03 "
"1","
"
"1","29.3300330033003 "
"1","29.3305330533053 "
"1","29.3310331033103 "
"1","
"
"1","   -3.145500e-03 "
"1","   -3.149750e-03 "
"1","   -3.153622e-03 "
"1","
"
"1","29.3315331533153 "
"1","29.3320332033203 "
"1","29.3325332533253 "
"1","
"
"1","   -3.157117e-03 "
"1","   -3.160234e-03 "
"1","   -3.162973e-03 "
"1","
"
"1","29.3330333033303 "
"1","29.3335333533353 "
"1","29.3340334033403 "
"1","
"
"1","   -3.165335e-03 "
"1","   -3.167318e-03 "
"1","   -3.168923e-03 "
"1","
"
"1","29.3345334533453 "
"1","29.3350335033503 "
"1","29.3355335533553 "
"1","
"
"1","   -3.170150e-03 "
"1","   -3.170998e-03 "
"1","   -3.171467e-03 "
"1","
"
"1","29.3360336033603 "
"1","29.3365336533653 "
"1","29.3370337033703 "
"1","
"
"1","   -3.171557e-03 "
"1","   -3.171269e-03 "
"1","   -3.170601e-03 "
"1","
"
"1","29.3375337533753 "
"1","29.3380338033803 "
"1","29.3385338533853 "
"1","
"
"1","   -3.169553e-03 "
"1","   -3.168126e-03 "
"1","   -3.166320e-03 "
"1","
"
"1","29.3390339033903 "
"1","29.3395339533953 "
"1","29.3400340034003 "
"1","
"
"1","   -3.164133e-03 "
"1","   -3.161567e-03 "
"1","   -3.158620e-03 "
"1","
"
"1","29.3405340534053 "
"1","29.3410341034103 "
"1","29.3415341534153 "
"1","
"
"1","   -3.155292e-03 "
"1","   -3.151585e-03 "
"1","   -3.147496e-03 "
"1","
"
"1","29.3420342034203 "
"1","29.3425342534253 "
"1","29.3430343034303 "
"1","
"
"1","   -3.143027e-03 "
"1","   -3.138176e-03 "
"1","   -3.132944e-03 "
"1","
"
"1","29.3435343534353 "
"1","29.3440344034403 "
"1","29.3445344534453 "
"1","
"
"1","   -3.127331e-03 "
"1","   -3.121337e-03 "
"1","   -3.114960e-03 "
"1","
"
"1","29.3450345034503 "
"1","29.3455345534553 "
"1","29.3460346034603 "
"1","
"
"1","   -3.108202e-03 "
"1","   -3.101062e-03 "
"1","   -3.093539e-03 "
"1","
"
"1","29.3465346534653 "
"1","29.3470347034703 "
"1","29.3475347534753 "
"1","
"
"1","   -3.085635e-03 "
"1","   -3.077347e-03 "
"1","   -3.068677e-03 "
"1","
"
"1","29.3480348034803 "
"1","29.3485348534853 "
"1","29.3490349034903 "
"1","
"
"1","   -3.059624e-03 "
"1","   -3.050188e-03 "
"1","   -3.040369e-03 "
"1","
"
"1","29.3495349534954 "
"1","29.3500350035003 "
"1","29.3505350535054 "
"1","
"
"1","   -3.030167e-03 "
"1","   -3.019581e-03 "
"1","   -3.008611e-03 "
"1","
"
"1","29.3510351035104 "
"1","29.3515351535153 "
"1","29.3520352035204 "
"1","
"
"1","   -2.997257e-03 "
"1","   -2.985520e-03 "
"1","   -2.973398e-03 "
"1","
"
"1","29.3525352535254 "
"1","29.3530353035304 "
"1","29.3535353535354 "
"1","
"
"1","   -2.960892e-03 "
"1","   -2.948002e-03 "
"1","   -2.934726e-03 "
"1","
"
"1","29.3540354035404 "
"1","29.3545354535454 "
"1","29.3550355035504 "
"1","
"
"1","   -2.921066e-03 "
"1","   -2.907021e-03 "
"1","   -2.892591e-03 "
"1","
"
"1","29.3555355535554 "
"1","29.3560356035604 "
"1","29.3565356535654 "
"1","
"
"1","   -2.877775e-03 "
"1","   -2.862574e-03 "
"1","   -2.846988e-03 "
"1","
"
"1","29.3570357035704 "
"1","29.3575357535754 "
"1","29.3580358035804 "
"1","
"
"1","   -2.831015e-03 "
"1","   -2.814657e-03 "
"1","   -2.797912e-03 "
"1","
"
"1","29.3585358535854 "
"1","29.3590359035904 "
"1","29.3595359535954 "
"1","
"
"1","   -2.780781e-03 "
"1","   -2.763264e-03 "
"1","   -2.745360e-03 "
"1","
"
"1","29.3600360036004 "
"1","29.3605360536054 "
"1","29.3610361036104 "
"1","
"
"1","   -2.727069e-03 "
"1","   -2.708391e-03 "
"1","   -2.689326e-03 "
"1","
"
"1","29.3615361536154 "
"1","29.3620362036204 "
"1","29.3625362536254 "
"1","
"
"1","   -2.669874e-03 "
"1","   -2.650034e-03 "
"1","   -2.629807e-03 "
"1","
"
"1","29.3630363036304 "
"1","29.3635363536354 "
"1","29.3640364036404 "
"1","
"
"1","   -2.609192e-03 "
"1","   -2.588188e-03 "
"1","   -2.566797e-03 "
"1","
"
"1","29.3645364536454 "
"1","29.3650365036504 "
"1","29.3655365536554 "
"1","
"
"1","   -2.545018e-03 "
"1","   -2.522850e-03 "
"1","   -2.500293e-03 "
"1","
"
"1","29.3660366036604 "
"1","29.3665366536654 "
"1","29.3670367036704 "
"1","
"
"1","   -2.477348e-03 "
"1","   -2.454014e-03 "
"1","   -2.430290e-03 "
"1","
"
"1","29.3675367536754 "
"1","29.3680368036804 "
"1","29.3685368536854 "
"1","
"
"1","   -2.406178e-03 "
"1","   -2.381676e-03 "
"1","   -2.356784e-03 "
"1","
"
"1","29.3690369036904 "
"1","29.3695369536954 "
"1","29.3700370037004 "
"1","
"
"1","   -2.331502e-03 "
"1","   -2.305831e-03 "
"1","   -2.279770e-03 "
"1","
"
"1","29.3705370537054 "
"1","29.3710371037104 "
"1","29.3715371537154 "
"1","
"
"1","   -2.253318e-03 "
"1","   -2.226476e-03 "
"1","   -2.199243e-03 "
"1","
"
"1","29.3720372037204 "
"1","29.3725372537254 "
"1","29.3730373037304 "
"1","
"
"1","   -2.171620e-03 "
"1","   -2.143605e-03 "
"1","   -2.115200e-03 "
"1","
"
"1","29.3735373537354 "
"1","29.3740374037404 "
"1","29.3745374537454 "
"1","
"
"1","   -2.086403e-03 "
"1","   -2.057215e-03 "
"1","   -2.027635e-03 "
"1","
"
"1","29.3750375037504 "
"1","29.3755375537554 "
"1","29.3760376037604 "
"1","
"
"1","   -1.997664e-03 "
"1","   -1.967301e-03 "
"1","   -1.936545e-03 "
"1","
"
"1","29.3765376537654 "
"1","29.3770377037704 "
"1","29.3775377537754 "
"1","
"
"1","   -1.905398e-03 "
"1","   -1.873858e-03 "
"1","   -1.841925e-03 "
"1","
"
"1","29.3780378037804 "
"1","29.3785378537854 "
"1","29.3790379037904 "
"1","
"
"1","   -1.809600e-03 "
"1","   -1.776882e-03 "
"1","   -1.743771e-03 "
"1","
"
"1","29.3795379537954 "
"1","29.3800380038004 "
"1","29.3805380538054 "
"1","
"
"1","   -1.710267e-03 "
"1","   -1.676369e-03 "
"1","   -1.642077e-03 "
"1","
"
"1","29.3810381038104 "
"1","29.3815381538154 "
"1","29.3820382038204 "
"1","
"
"1","   -1.607392e-03 "
"1","   -1.572314e-03 "
"1","   -1.536841e-03 "
"1","
"
"1","29.3825382538254 "
"1","29.3830383038304 "
"1","29.3835383538354 "
"1","
"
"1","   -1.500974e-03 "
"1","   -1.464712e-03 "
"1","   -1.428056e-03 "
"1","
"
"1","29.3840384038404 "
"1","29.3845384538454 "
"1","29.3850385038504 "
"1","
"
"1","   -1.391005e-03 "
"1","   -1.353560e-03 "
"1","   -1.315719e-03 "
"1","
"
"1","29.3855385538554 "
"1","29.3860386038604 "
"1","29.3865386538654 "
"1","
"
"1","   -1.277484e-03 "
"1","   -1.238853e-03 "
"1","   -1.199826e-03 "
"1","
"
"1","29.3870387038704 "
"1","29.3875387538754 "
"1","29.3880388038804 "
"1","
"
"1","   -1.160404e-03 "
"1","   -1.120586e-03 "
"1","   -1.080371e-03 "
"1","
"
"1","29.3885388538854 "
"1","29.3890389038904 "
"1","29.3895389538954 "
"1","
"
"1","   -1.039761e-03 "
"1","   -9.987546e-04 "
"1","   -9.573514e-04 "
"1","
"
"1","29.3900390039004 "
"1","29.3905390539054 "
"1","29.3910391039104 "
"1","
"
"1","   -9.155517e-04 "
"1","   -8.733550e-04 "
"1","   -8.307614e-04 "
"1","
"
"1","29.3915391539154 "
"1","29.3920392039204 "
"1","29.3925392539254 "
"1","
"
"1","   -7.877707e-04 "
"1","   -7.443826e-04 "
"1","   -7.005971e-04 "
"1","
"
"1","29.3930393039304 "
"1","29.3935393539354 "
"1","29.3940394039404 "
"1","
"
"1","   -6.564138e-04 "
"1","   -6.118328e-04 "
"1","   -5.668538e-04 "
"1","
"
"1","29.3945394539454 "
"1","29.3950395039504 "
"1","29.3955395539554 "
"1","
"
"1","   -5.214767e-04 "
"1","   -4.757013e-04 "
"1","   -4.295273e-04 "
"1","
"
"1","29.3960396039604 "
"1","29.3965396539654 "
"1","29.3970397039704 "
"1","
"
"1","   -3.829548e-04 "
"1","   -3.359834e-04 "
"1","   -2.886131e-04 "
"1","
"
"1","29.3975397539754 "
"1","29.3980398039804 "
"1","29.3985398539854 "
"1","
"
"1","   -2.408437e-04 "
"1","   -1.926750e-04 "
"1","   -1.441068e-04 "
"1","
"
"1","29.3990399039904 "
"1","29.3995399539954 "
"1","29.4000400040004 "
"1","
"
"1","   -9.513899e-05 "
"1","   -4.577141e-05 "
"1","    3.996125e-06 "
"1","
"
"1","29.4005400540054 "
"1","29.4010401040104 "
"1","29.4015401540154 "
"1","
"
"1","    5.416370e-05 "
"1","    1.047312e-04 "
"1","    1.556984e-04 "
"1","
"
"1","29.4020402040204 "
"1","29.4025402540254 "
"1","29.4030403040304 "
"1","
"
"1","    2.070651e-04 "
"1","    2.588312e-04 "
"1","    3.109965e-04 "
"1","
"
"1","29.4035403540354 "
"1","29.4040404040404 "
"1","29.4045404540454 "
"1","
"
"1","    3.635607e-04 "
"1","    4.165238e-04 "
"1","    4.698854e-04 "
"1","
"
"1","29.4050405040504 "
"1","29.4055405540554 "
"1","29.4060406040604 "
"1","
"
"1","    5.236456e-04 "
"1","    5.778039e-04 "
"1","    6.323604e-04 "
"1","
"
"1","29.4065406540654 "
"1","29.4070407040704 "
"1","29.4075407540754 "
"1","
"
"1","    6.873148e-04 "
"1","    7.426668e-04 "
"1","    7.984164e-04 "
"1","
"
"1","29.4080408040804 "
"1","29.4085408540854 "
"1","29.4090409040904 "
"1","
"
"1","    8.545634e-04 "
"1","    9.111075e-04 "
"1","    9.680485e-04 "
"1","
"
"1","29.4095409540954 "
"1","29.4100410041004 "
"1","29.4105410541054 "
"1","
"
"1","    1.025386e-03 "
"1","    1.083121e-03 "
"1","    1.141252e-03 "
"1","
"
"1","29.4110411041104 "
"1","29.4115411541154 "
"1","29.4120412041204 "
"1","
"
"1","    1.199779e-03 "
"1","    1.258702e-03 "
"1","    1.318021e-03 "
"1","
"
"1","29.4125412541254 "
"1","29.4130413041304 "
"1","29.4135413541354 "
"1","
"
"1","    1.377736e-03 "
"1","    1.437847e-03 "
"1","    1.498352e-03 "
"1","
"
"1","29.4140414041404 "
"1","29.4145414541454 "
"1","29.4150415041504 "
"1","
"
"1","    1.559253e-03 "
"1","    1.620549e-03 "
"1","    1.682240e-03 "
"1","
"
"1","29.4155415541554 "
"1","29.4160416041604 "
"1","29.4165416541654 "
"1","
"
"1","    1.744325e-03 "
"1","    1.806804e-03 "
"1","    1.869678e-03 "
"1","
"
"1","29.4170417041704 "
"1","29.4175417541754 "
"1","29.4180418041804 "
"1","
"
"1","    1.932946e-03 "
"1","    1.996608e-03 "
"1","    2.060664e-03 "
"1","
"
"1","29.4185418541854 "
"1","29.4190419041904 "
"1","29.4195419541954 "
"1","
"
"1","    2.125113e-03 "
"1","    2.189955e-03 "
"1","    2.255191e-03 "
"1","
"
"1","29.4200420042004 "
"1","29.4205420542054 "
"1","29.4210421042104 "
"1","
"
"1","    2.320819e-03 "
"1","    2.386840e-03 "
"1","    2.453254e-03 "
"1","
"
"1","29.4215421542154 "
"1","29.4220422042204 "
"1","29.4225422542254 "
"1","
"
"1","    2.520060e-03 "
"1","    2.587259e-03 "
"1","    2.654850e-03 "
"1","
"
"1","29.4230423042304 "
"1","29.4235423542354 "
"1","29.4240424042404 "
"1","
"
"1","    2.722832e-03 "
"1","    2.791206e-03 "
"1","    2.859972e-03 "
"1","
"
"1","29.4245424542454 "
"1","29.4250425042504 "
"1","29.4255425542554 "
"1","
"
"1","    2.929129e-03 "
"1","    2.998677e-03 "
"1","    3.068616e-03 "
"1","
"
"1","29.4260426042604 "
"1","29.4265426542654 "
"1","29.4270427042704 "
"1","
"
"1","    3.138946e-03 "
"1","    3.209666e-03 "
"1","    3.280777e-03 "
"1","
"
"1","29.4275427542754 "
"1","29.4280428042804 "
"1","29.4285428542854 "
"1","
"
"1","    3.352278e-03 "
"1","    3.424169e-03 "
"1","    3.496450e-03 "
"1","
"
"1","29.4290429042904 "
"1","29.4295429542954 "
"1","29.4300430043004 "
"1","
"
"1","    3.569120e-03 "
"1","    3.642181e-03 "
"1","    3.715630e-03 "
"1","
"
"1","29.4305430543054 "
"1","29.4310431043104 "
"1","29.4315431543154 "
"1","
"
"1","    3.789469e-03 "
"1","    3.863696e-03 "
"1","    3.938312e-03 "
"1","
"
"1","29.4320432043204 "
"1","29.4325432543254 "
"1","29.4330433043304 "
"1","
"
"1","    4.013317e-03 "
"1","    4.088710e-03 "
"1","    4.164492e-03 "
"1","
"
"1","29.4335433543354 "
"1","29.4340434043404 "
"1","29.4345434543454 "
"1","
"
"1","    4.240661e-03 "
"1","    4.317219e-03 "
"1","    4.394164e-03 "
"1","
"
"1","29.4350435043504 "
"1","29.4355435543554 "
"1","29.4360436043604 "
"1","
"
"1","    4.471496e-03 "
"1","    4.549216e-03 "
"1","    4.627323e-03 "
"1","
"
"1","29.4365436543654 "
"1","29.4370437043704 "
"1","29.4375437543754 "
"1","
"
"1","    4.705817e-03 "
"1","    4.784697e-03 "
"1","    4.863965e-03 "
"1","
"
"1","29.4380438043804 "
"1","29.4385438543854 "
"1","29.4390439043904 "
"1","
"
"1","    4.943618e-03 "
"1","    5.023658e-03 "
"1","    5.104084e-03 "
"1","
"
"1","29.4395439543954 "
"1","29.4400440044004 "
"1","29.4405440544054 "
"1","
"
"1","    5.184896e-03 "
"1","    5.266093e-03 "
"1","    5.347676e-03 "
"1","
"
"1","29.4410441044104 "
"1","29.4415441544154 "
"1","29.4420442044204 "
"1","
"
"1","    5.429644e-03 "
"1","    5.511997e-03 "
"1","    5.594735e-03 "
"1","
"
"1","29.4425442544254 "
"1","29.4430443044304 "
"1","29.4435443544354 "
"1","
"
"1","    5.677858e-03 "
"1","    5.761366e-03 "
"1","    5.845257e-03 "
"1","
"
"1","29.4440444044404 "
"1","29.4445444544454 "
"1","29.4450445044504 "
"1","
"
"1","    5.929534e-03 "
"1","    6.014194e-03 "
"1","    6.099237e-03 "
"1","
"
"1","29.4455445544554 "
"1","29.4460446044604 "
"1","29.4465446544654 "
"1","
"
"1","    6.184665e-03 "
"1","    6.270476e-03 "
"1","    6.356670e-03 "
"1","
"
"1","29.4470447044704 "
"1","29.4475447544754 "
"1","29.4480448044804 "
"1","
"
"1","    6.443248e-03 "
"1","    6.530208e-03 "
"1","    6.617551e-03 "
"1","
"
"1","29.4485448544854 "
"1","29.4490449044904 "
"1","29.4495449544955 "
"1","
"
"1","    6.705277e-03 "
"1","    6.793385e-03 "
"1","    6.881875e-03 "
"1","
"
"1","29.4500450045004 "
"1","29.4505450545055 "
"1","29.4510451045105 "
"1","
"
"1","    6.970747e-03 "
"1","    7.060001e-03 "
"1","    7.149637e-03 "
"1","
"
"1","29.4515451545155 "
"1","29.4520452045205 "
"1","29.4525452545255 "
"1","
"
"1","    7.239654e-03 "
"1","    7.330053e-03 "
"1","    7.420832e-03 "
"1","
"
"1","29.4530453045305 "
"1","29.4535453545355 "
"1","29.4540454045405 "
"1","
"
"1","    7.511993e-03 "
"1","    7.603534e-03 "
"1","    7.695455e-03 "
"1","
"
"1","29.4545454545455 "
"1","29.4550455045505 "
"1","29.4555455545555 "
"1","
"
"1","    7.787758e-03 "
"1","    7.880440e-03 "
"1","    7.973502e-03 "
"1","
"
"1","29.4560456045605 "
"1","29.4565456545655 "
"1","29.4570457045705 "
"1","
"
"1","    8.066944e-03 "
"1","    8.160766e-03 "
"1","    8.254967e-03 "
"1","
"
"1","29.4575457545755 "
"1","29.4580458045805 "
"1","29.4585458545855 "
"1","
"
"1","    8.349548e-03 "
"1","    8.444507e-03 "
"1","    8.539846e-03 "
"1","
"
"1","29.4590459045905 "
"1","29.4595459545955 "
"1","29.4600460046005 "
"1","
"
"1","    8.635563e-03 "
"1","    8.731658e-03 "
"1","    8.828132e-03 "
"1","
"
"1","29.4605460546055 "
"1","29.4610461046105 "
"1","29.4615461546155 "
"1","
"
"1","    8.924985e-03 "
"1","    9.022215e-03 "
"1","    9.119823e-03 "
"1","
"
"1","29.4620462046205 "
"1","29.4625462546255 "
"1","29.4630463046305 "
"1","
"
"1","    9.217809e-03 "
"1","    9.316172e-03 "
"1","    9.414912e-03 "
"1","
"
"1","29.4635463546355 "
"1","29.4640464046405 "
"1","29.4645464546455 "
"1","
"
"1","    9.514030e-03 "
"1","    9.613524e-03 "
"1","    9.713395e-03 "
"1","
"
"1","29.4650465046505 "
"1","29.4655465546555 "
"1","29.4660466046605 "
"1","
"
"1","    9.813643e-03 "
"1","    9.914267e-03 "
"1","    1.001527e-02 "
"1","
"
"1","29.4665466546655 "
"1","29.4670467046705 "
"1","29.4675467546755 "
"1","
"
"1","    1.011664e-02 "
"1","    1.021839e-02 "
"1","    1.032052e-02 "
"1","
"
"1","29.4680468046805 "
"1","29.4685468546855 "
"1","29.4690469046905 "
"1","
"
"1","    1.042303e-02 "
"1","    1.052590e-02 "
"1","    1.062916e-02 "
"1","
"
"1","29.4695469546955 "
"1","29.4700470047005 "
"1","29.4705470547055 "
"1","
"
"1","    1.073278e-02 "
"1","    1.083679e-02 "
"1","    1.094117e-02 "
"1","
"
"1","29.4710471047105 "
"1","29.4715471547155 "
"1","29.4720472047205 "
"1","
"
"1","    1.104592e-02 "
"1","    1.115104e-02 "
"1","    1.125654e-02 "
"1","
"
"1","29.4725472547255 "
"1","29.4730473047305 "
"1","29.4735473547355 "
"1","
"
"1","    1.136242e-02 "
"1","    1.146866e-02 "
"1","    1.157528e-02 "
"1","
"
"1","29.4740474047405 "
"1","29.4745474547455 "
"1","29.4750475047505 "
"1","
"
"1","    1.168228e-02 "
"1","    1.178965e-02 "
"1","    1.189739e-02 "
"1","
"
"1","29.4755475547555 "
"1","29.4760476047605 "
"1","29.4765476547655 "
"1","
"
"1","    1.200550e-02 "
"1","    1.211398e-02 "
"1","    1.222284e-02 "
"1","
"
"1","29.4770477047705 "
"1","29.4775477547755 "
"1","29.4780478047805 "
"1","
"
"1","    1.233207e-02 "
"1","    1.244167e-02 "
"1","    1.255164e-02 "
"1","
"
"1","29.4785478547855 "
"1","29.4790479047905 "
"1","29.4795479547955 "
"1","
"
"1","    1.266199e-02 "
"1","    1.277271e-02 "
"1","    1.288379e-02 "
"1","
"
"1","29.4800480048005 "
"1","29.4805480548055 "
"1","29.4810481048105 "
"1","
"
"1","    1.299525e-02 "
"1","    1.310708e-02 "
"1","    1.321928e-02 "
"1","
"
"1","29.4815481548155 "
"1","29.4820482048205 "
"1","29.4825482548255 "
"1","
"
"1","    1.333185e-02 "
"1","    1.344479e-02 "
"1","    1.355811e-02 "
"1","
"
"1","29.4830483048305 "
"1","29.4835483548355 "
"1","29.4840484048405 "
"1","
"
"1","    1.367179e-02 "
"1","    1.378584e-02 "
"1","    1.390026e-02 "
"1","
"
"1","29.4845484548455 "
"1","29.4850485048505 "
"1","29.4855485548555 "
"1","
"
"1","    1.401505e-02 "
"1","    1.413021e-02 "
"1","    1.424574e-02 "
"1","
"
"1","29.4860486048605 "
"1","29.4865486548655 "
"1","29.4870487048705 "
"1","
"
"1","    1.436163e-02 "
"1","    1.447790e-02 "
"1","    1.459453e-02 "
"1","
"
"1","29.4875487548755 "
"1","29.4880488048805 "
"1","29.4885488548855 "
"1","
"
"1","    1.471154e-02 "
"1","    1.482891e-02 "
"1","    1.494664e-02 "
"1","
"
"1","29.4890489048905 "
"1","29.4895489548955 "
"1","29.4900490049005 "
"1","
"
"1","    1.506475e-02 "
"1","    1.518322e-02 "
"1","    1.530207e-02 "
"1","
"
"1","29.4905490549055 "
"1","29.4910491049105 "
"1","29.4915491549155 "
"1","
"
"1","    1.542127e-02 "
"1","    1.554085e-02 "
"1","    1.566079e-02 "
"1","
"
"1","29.4920492049205 "
"1","29.4925492549255 "
"1","29.4930493049305 "
"1","
"
"1","    1.578110e-02 "
"1","    1.590178e-02 "
"1","    1.602282e-02 "
"1","
"
"1","29.4935493549355 "
"1","29.4940494049405 "
"1","29.4945494549455 "
"1","
"
"1","    1.614423e-02 "
"1","    1.626600e-02 "
"1","    1.638814e-02 "
"1","
"
"1","29.4950495049505 "
"1","29.4955495549555 "
"1","29.4960496049605 "
"1","
"
"1","    1.651065e-02 "
"1","    1.663352e-02 "
"1","    1.675675e-02 "
"1","
"
"1","29.4965496549655 "
"1","29.4970497049705 "
"1","29.4975497549755 "
"1","
"
"1","    1.688036e-02 "
"1","    1.700432e-02 "
"1","    1.712865e-02 "
"1","
"
"1","29.4980498049805 "
"1","29.4985498549855 "
"1","29.4990499049905 "
"1","
"
"1","    1.725335e-02 "
"1","    1.737841e-02 "
"1","    1.750383e-02 "
"1","
"
"1","29.4995499549955 "
"1","
"
"1","    1.762962e-02 "
"1","
"
"1"," [ reached 'max' / getOption(""max.print"") -- omitted 9000 entries ]
"
"1","
"
"1","$allse
"
"1","              29 "
"1"," 29.000500050005 "
"1","  29.00100010001 "
"1","
"
"1","    8.111673e-02 "
"1","    8.099773e-02 "
"1","    8.087879e-02 "
"1","
"
"1"," 29.001500150015 "
"1","  29.00200020002 "
"1"," 29.002500250025 "
"1","
"
"1","    8.075991e-02 "
"1","    8.064109e-02 "
"1","    8.052233e-02 "
"1","
"
"1","  29.00300030003 "
"1"," 29.003500350035 "
"1","  29.00400040004 "
"1","
"
"1","    8.040363e-02 "
"1","    8.028498e-02 "
"1","    8.016640e-02 "
"1","
"
"1"," 29.004500450045 "
"1","  29.00500050005 "
"1"," 29.005500550055 "
"1","
"
"1","    8.004788e-02 "
"1","    7.992942e-02 "
"1","    7.981101e-02 "
"1","
"
"1","  29.00600060006 "
"1"," 29.006500650065 "
"1","  29.00700070007 "
"1","
"
"1","    7.969267e-02 "
"1","    7.957438e-02 "
"1","    7.945616e-02 "
"1","
"
"1"," 29.007500750075 "
"1","  29.00800080008 "
"1"," 29.008500850085 "
"1","
"
"1","    7.933799e-02 "
"1","    7.921989e-02 "
"1","    7.910184e-02 "
"1","
"
"1","  29.00900090009 "
"1"," 29.009500950095 "
"1","   29.0100010001 "
"1","
"
"1","    7.898385e-02 "
"1","    7.886592e-02 "
"1","    7.874805e-02 "
"1","
"
"1"," 29.010501050105 "
"1","  29.01100110011 "
"1"," 29.011501150115 "
"1","
"
"1","    7.863024e-02 "
"1","    7.851249e-02 "
"1","    7.839480e-02 "
"1","
"
"1","  29.01200120012 "
"1"," 29.012501250125 "
"1","  29.01300130013 "
"1","
"
"1","    7.827717e-02 "
"1","    7.815960e-02 "
"1","    7.804208e-02 "
"1","
"
"1"," 29.013501350135 "
"1","  29.01400140014 "
"1"," 29.014501450145 "
"1","
"
"1","    7.792463e-02 "
"1","    7.780723e-02 "
"1","    7.768990e-02 "
"1","
"
"1","  29.01500150015 "
"1"," 29.015501550155 "
"1","  29.01600160016 "
"1","
"
"1","    7.757262e-02 "
"1","    7.745540e-02 "
"1","    7.733824e-02 "
"1","
"
"1"," 29.016501650165 "
"1","  29.01700170017 "
"1"," 29.017501750175 "
"1","
"
"1","    7.722114e-02 "
"1","    7.710410e-02 "
"1","    7.698711e-02 "
"1","
"
"1","  29.01800180018 "
"1"," 29.018501850185 "
"1","  29.01900190019 "
"1","
"
"1","    7.687019e-02 "
"1","    7.675333e-02 "
"1","    7.663652e-02 "
"1","
"
"1"," 29.019501950195 "
"1","   29.0200020002 "
"1"," 29.020502050205 "
"1","
"
"1","    7.651977e-02 "
"1","    7.640308e-02 "
"1","    7.628645e-02 "
"1","
"
"1","  29.02100210021 "
"1"," 29.021502150215 "
"1","  29.02200220022 "
"1","
"
"1","    7.616988e-02 "
"1","    7.605337e-02 "
"1","    7.593692e-02 "
"1","
"
"1"," 29.022502250225 "
"1","  29.02300230023 "
"1"," 29.023502350235 "
"1","
"
"1","    7.582052e-02 "
"1","    7.570419e-02 "
"1","    7.558791e-02 "
"1","
"
"1","  29.02400240024 "
"1"," 29.024502450245 "
"1","  29.02500250025 "
"1","
"
"1","    7.547169e-02 "
"1","    7.535553e-02 "
"1","    7.523943e-02 "
"1","
"
"1"," 29.025502550255 "
"1","  29.02600260026 "
"1"," 29.026502650265 "
"1","
"
"1","    7.512338e-02 "
"1","    7.500740e-02 "
"1","    7.489147e-02 "
"1","
"
"1","  29.02700270027 "
"1"," 29.027502750275 "
"1","  29.02800280028 "
"1","
"
"1","    7.477560e-02 "
"1","    7.465979e-02 "
"1","    7.454404e-02 "
"1","
"
"1"," 29.028502850285 "
"1","  29.02900290029 "
"1"," 29.029502950295 "
"1","
"
"1","    7.442835e-02 "
"1","    7.431271e-02 "
"1","    7.419714e-02 "
"1","
"
"1","   29.0300030003 "
"1"," 29.030503050305 "
"1","  29.03100310031 "
"1","
"
"1","    7.408162e-02 "
"1","    7.396616e-02 "
"1","    7.385075e-02 "
"1","
"
"1"," 29.031503150315 "
"1","  29.03200320032 "
"1"," 29.032503250325 "
"1","
"
"1","    7.373541e-02 "
"1","    7.362012e-02 "
"1","    7.350490e-02 "
"1","
"
"1","  29.03300330033 "
"1"," 29.033503350335 "
"1","  29.03400340034 "
"1","
"
"1","    7.338973e-02 "
"1","    7.327462e-02 "
"1","    7.315956e-02 "
"1","
"
"1"," 29.034503450345 "
"1","  29.03500350035 "
"1"," 29.035503550355 "
"1","
"
"1","    7.304457e-02 "
"1","    7.292963e-02 "
"1","    7.281475e-02 "
"1","
"
"1","  29.03600360036 "
"1"," 29.036503650365 "
"1","  29.03700370037 "
"1","
"
"1","    7.269993e-02 "
"1","    7.258516e-02 "
"1","    7.247046e-02 "
"1","
"
"1"," 29.037503750375 "
"1","  29.03800380038 "
"1"," 29.038503850385 "
"1","
"
"1","    7.235581e-02 "
"1","    7.224122e-02 "
"1","    7.212668e-02 "
"1","
"
"1","  29.03900390039 "
"1"," 29.039503950395 "
"1","   29.0400040004 "
"1","
"
"1","    7.201221e-02 "
"1","    7.189779e-02 "
"1","    7.178343e-02 "
"1","
"
"1"," 29.040504050405 "
"1","  29.04100410041 "
"1"," 29.041504150415 "
"1","
"
"1","    7.166913e-02 "
"1","    7.155488e-02 "
"1","    7.144069e-02 "
"1","
"
"1","  29.04200420042 "
"1"," 29.042504250425 "
"1","  29.04300430043 "
"1","
"
"1","    7.132656e-02 "
"1","    7.121249e-02 "
"1","    7.109848e-02 "
"1","
"
"1"," 29.043504350435 "
"1","  29.04400440044 "
"1"," 29.044504450445 "
"1","
"
"1","    7.098452e-02 "
"1","    7.087062e-02 "
"1","    7.075677e-02 "
"1","
"
"1","  29.04500450045 "
"1"," 29.045504550455 "
"1","  29.04600460046 "
"1","
"
"1","    7.064299e-02 "
"1","    7.052926e-02 "
"1","    7.041559e-02 "
"1","
"
"1"," 29.046504650465 "
"1","  29.04700470047 "
"1"," 29.047504750475 "
"1","
"
"1","    7.030197e-02 "
"1","    7.018841e-02 "
"1","    7.007491e-02 "
"1","
"
"1","  29.04800480048 "
"1"," 29.048504850485 "
"1","29.0490049004901 "
"1","
"
"1","    6.996147e-02 "
"1","    6.984809e-02 "
"1","    6.973476e-02 "
"1","
"
"1"," 29.049504950495 "
"1","29.0500050005001 "
"1","29.0505050505051 "
"1","
"
"1","    6.962148e-02 "
"1","    6.950827e-02 "
"1","    6.939511e-02 "
"1","
"
"1","29.0510051005101 "
"1","29.0515051505151 "
"1","29.0520052005201 "
"1","
"
"1","    6.928201e-02 "
"1","    6.916896e-02 "
"1","    6.905598e-02 "
"1","
"
"1","29.0525052505251 "
"1","29.0530053005301 "
"1","29.0535053505351 "
"1","
"
"1","    6.894304e-02 "
"1","    6.883017e-02 "
"1","    6.871735e-02 "
"1","
"
"1","29.0540054005401 "
"1","29.0545054505451 "
"1","29.0550055005501 "
"1","
"
"1","    6.860459e-02 "
"1","    6.849188e-02 "
"1","    6.837924e-02 "
"1","
"
"1","29.0555055505551 "
"1","29.0560056005601 "
"1","29.0565056505651 "
"1","
"
"1","    6.826664e-02 "
"1","    6.815411e-02 "
"1","    6.804163e-02 "
"1","
"
"1","29.0570057005701 "
"1","29.0575057505751 "
"1","29.0580058005801 "
"1","
"
"1","    6.792921e-02 "
"1","    6.781684e-02 "
"1","    6.770453e-02 "
"1","
"
"1","29.0585058505851 "
"1","29.0590059005901 "
"1","29.0595059505951 "
"1","
"
"1","    6.759228e-02 "
"1","    6.748008e-02 "
"1","    6.736794e-02 "
"1","
"
"1","29.0600060006001 "
"1","29.0605060506051 "
"1","29.0610061006101 "
"1","
"
"1","    6.725585e-02 "
"1","    6.714382e-02 "
"1","    6.703185e-02 "
"1","
"
"1","29.0615061506151 "
"1","29.0620062006201 "
"1","29.0625062506251 "
"1","
"
"1","    6.691993e-02 "
"1","    6.680807e-02 "
"1","    6.669627e-02 "
"1","
"
"1","29.0630063006301 "
"1","29.0635063506351 "
"1","29.0640064006401 "
"1","
"
"1","    6.658452e-02 "
"1","    6.647282e-02 "
"1","    6.636119e-02 "
"1","
"
"1","29.0645064506451 "
"1","29.0650065006501 "
"1","29.0655065506551 "
"1","
"
"1","    6.624961e-02 "
"1","    6.613808e-02 "
"1","    6.602661e-02 "
"1","
"
"1","29.0660066006601 "
"1","29.0665066506651 "
"1","29.0670067006701 "
"1","
"
"1","    6.591519e-02 "
"1","    6.580383e-02 "
"1","    6.569253e-02 "
"1","
"
"1","29.0675067506751 "
"1","29.0680068006801 "
"1","29.0685068506851 "
"1","
"
"1","    6.558128e-02 "
"1","    6.547009e-02 "
"1","    6.535895e-02 "
"1","
"
"1","29.0690069006901 "
"1","29.0695069506951 "
"1","29.0700070007001 "
"1","
"
"1","    6.524787e-02 "
"1","    6.513684e-02 "
"1","    6.502587e-02 "
"1","
"
"1","29.0705070507051 "
"1","29.0710071007101 "
"1","29.0715071507151 "
"1","
"
"1","    6.491496e-02 "
"1","    6.480410e-02 "
"1","    6.469329e-02 "
"1","
"
"1","29.0720072007201 "
"1","29.0725072507251 "
"1","29.0730073007301 "
"1","
"
"1","    6.458254e-02 "
"1","    6.447184e-02 "
"1","    6.436120e-02 "
"1","
"
"1","29.0735073507351 "
"1","29.0740074007401 "
"1","29.0745074507451 "
"1","
"
"1","    6.425062e-02 "
"1","    6.414009e-02 "
"1","    6.402961e-02 "
"1","
"
"1","29.0750075007501 "
"1","29.0755075507551 "
"1","29.0760076007601 "
"1","
"
"1","    6.391919e-02 "
"1","    6.380882e-02 "
"1","    6.369851e-02 "
"1","
"
"1","29.0765076507651 "
"1","29.0770077007701 "
"1","29.0775077507751 "
"1","
"
"1","    6.358826e-02 "
"1","    6.347805e-02 "
"1","    6.336791e-02 "
"1","
"
"1","29.0780078007801 "
"1","29.0785078507851 "
"1","29.0790079007901 "
"1","
"
"1","    6.325781e-02 "
"1","    6.314777e-02 "
"1","    6.303779e-02 "
"1","
"
"1","29.0795079507951 "
"1","29.0800080008001 "
"1","29.0805080508051 "
"1","
"
"1","    6.292786e-02 "
"1","    6.281799e-02 "
"1","    6.270816e-02 "
"1","
"
"1","29.0810081008101 "
"1","29.0815081508151 "
"1","29.0820082008201 "
"1","
"
"1","    6.259840e-02 "
"1","    6.248869e-02 "
"1","    6.237903e-02 "
"1","
"
"1","29.0825082508251 "
"1","29.0830083008301 "
"1","29.0835083508351 "
"1","
"
"1","    6.226942e-02 "
"1","    6.215987e-02 "
"1","    6.205038e-02 "
"1","
"
"1","29.0840084008401 "
"1","29.0845084508451 "
"1","29.0850085008501 "
"1","
"
"1","    6.194093e-02 "
"1","    6.183155e-02 "
"1","    6.172221e-02 "
"1","
"
"1","29.0855085508551 "
"1","29.0860086008601 "
"1","29.0865086508651 "
"1","
"
"1","    6.161293e-02 "
"1","    6.150370e-02 "
"1","    6.139453e-02 "
"1","
"
"1","29.0870087008701 "
"1","29.0875087508751 "
"1","29.0880088008801 "
"1","
"
"1","    6.128541e-02 "
"1","    6.117635e-02 "
"1","    6.106733e-02 "
"1","
"
"1","29.0885088508851 "
"1","29.0890089008901 "
"1","29.0895089508951 "
"1","
"
"1","    6.095838e-02 "
"1","    6.084947e-02 "
"1","    6.074062e-02 "
"1","
"
"1","29.0900090009001 "
"1","29.0905090509051 "
"1","29.0910091009101 "
"1","
"
"1","    6.063182e-02 "
"1","    6.052307e-02 "
"1","    6.041438e-02 "
"1","
"
"1","29.0915091509151 "
"1","29.0920092009201 "
"1","29.0925092509251 "
"1","
"
"1","    6.030574e-02 "
"1","    6.019716e-02 "
"1","    6.008863e-02 "
"1","
"
"1","29.0930093009301 "
"1","29.0935093509351 "
"1","29.0940094009401 "
"1","
"
"1","    5.998015e-02 "
"1","    5.987172e-02 "
"1","    5.976335e-02 "
"1","
"
"1","29.0945094509451 "
"1","29.0950095009501 "
"1","29.0955095509551 "
"1","
"
"1","    5.965503e-02 "
"1","    5.954676e-02 "
"1","    5.943854e-02 "
"1","
"
"1","29.0960096009601 "
"1","29.0965096509651 "
"1","29.0970097009701 "
"1","
"
"1","    5.933038e-02 "
"1","    5.922227e-02 "
"1","    5.911421e-02 "
"1","
"
"1","29.0975097509751 "
"1","29.0980098009801 "
"1","29.0985098509851 "
"1","
"
"1","    5.900621e-02 "
"1","    5.889826e-02 "
"1","    5.879036e-02 "
"1","
"
"1","29.0990099009901 "
"1","29.0995099509951 "
"1","29.1000100010001 "
"1","
"
"1","    5.868251e-02 "
"1","    5.857471e-02 "
"1","    5.846697e-02 "
"1","
"
"1","29.1005100510051 "
"1","29.1010101010101 "
"1","29.1015101510151 "
"1","
"
"1","    5.835928e-02 "
"1","    5.825164e-02 "
"1","    5.814406e-02 "
"1","
"
"1","29.1020102010201 "
"1","29.1025102510251 "
"1","29.1030103010301 "
"1","
"
"1","    5.803652e-02 "
"1","    5.792904e-02 "
"1","    5.782161e-02 "
"1","
"
"1","29.1035103510351 "
"1","29.1040104010401 "
"1","29.1045104510451 "
"1","
"
"1","    5.771423e-02 "
"1","    5.760690e-02 "
"1","    5.749963e-02 "
"1","
"
"1","29.1050105010501 "
"1","29.1055105510551 "
"1","29.1060106010601 "
"1","
"
"1","    5.739241e-02 "
"1","    5.728523e-02 "
"1","    5.717811e-02 "
"1","
"
"1","29.1065106510651 "
"1","29.1070107010701 "
"1","29.1075107510751 "
"1","
"
"1","    5.707105e-02 "
"1","    5.696403e-02 "
"1","    5.685706e-02 "
"1","
"
"1","29.1080108010801 "
"1","29.1085108510851 "
"1","29.1090109010901 "
"1","
"
"1","    5.675015e-02 "
"1","    5.664329e-02 "
"1","    5.653647e-02 "
"1","
"
"1","29.1095109510951 "
"1","29.1100110011001 "
"1","29.1105110511051 "
"1","
"
"1","    5.642971e-02 "
"1","    5.632300e-02 "
"1","    5.621634e-02 "
"1","
"
"1","29.1110111011101 "
"1","29.1115111511151 "
"1","29.1120112011201 "
"1","
"
"1","    5.610974e-02 "
"1","    5.600318e-02 "
"1","    5.589667e-02 "
"1","
"
"1","29.1125112511251 "
"1","29.1130113011301 "
"1","29.1135113511351 "
"1","
"
"1","    5.579022e-02 "
"1","    5.568382e-02 "
"1","    5.557746e-02 "
"1","
"
"1","29.1140114011401 "
"1","29.1145114511451 "
"1","29.1150115011501 "
"1","
"
"1","    5.547116e-02 "
"1","    5.536491e-02 "
"1","    5.525870e-02 "
"1","
"
"1","29.1155115511551 "
"1","29.1160116011601 "
"1","29.1165116511651 "
"1","
"
"1","    5.515255e-02 "
"1","    5.504645e-02 "
"1","    5.494040e-02 "
"1","
"
"1","29.1170117011701 "
"1","29.1175117511751 "
"1","29.1180118011801 "
"1","
"
"1","    5.483440e-02 "
"1","    5.472845e-02 "
"1","    5.462255e-02 "
"1","
"
"1","29.1185118511851 "
"1","29.1190119011901 "
"1","29.1195119511951 "
"1","
"
"1","    5.451670e-02 "
"1","    5.441090e-02 "
"1","    5.430515e-02 "
"1","
"
"1","29.1200120012001 "
"1","29.1205120512051 "
"1","29.1210121012101 "
"1","
"
"1","    5.419945e-02 "
"1","    5.409380e-02 "
"1","    5.398819e-02 "
"1","
"
"1","29.1215121512151 "
"1","29.1220122012201 "
"1","29.1225122512251 "
"1","
"
"1","    5.388264e-02 "
"1","    5.377714e-02 "
"1","    5.367169e-02 "
"1","
"
"1","29.1230123012301 "
"1","29.1235123512351 "
"1","29.1240124012401 "
"1","
"
"1","    5.356628e-02 "
"1","    5.346093e-02 "
"1","    5.335563e-02 "
"1","
"
"1","29.1245124512451 "
"1","29.1250125012501 "
"1","29.1255125512551 "
"1","
"
"1","    5.325037e-02 "
"1","    5.314517e-02 "
"1","    5.304001e-02 "
"1","
"
"1","29.1260126012601 "
"1","29.1265126512651 "
"1","29.1270127012701 "
"1","
"
"1","    5.293490e-02 "
"1","    5.282984e-02 "
"1","    5.272483e-02 "
"1","
"
"1","29.1275127512751 "
"1","29.1280128012801 "
"1","29.1285128512851 "
"1","
"
"1","    5.261987e-02 "
"1","    5.251496e-02 "
"1","    5.241010e-02 "
"1","
"
"1","29.1290129012901 "
"1","29.1295129512951 "
"1","29.1300130013001 "
"1","
"
"1","    5.230528e-02 "
"1","    5.220051e-02 "
"1","    5.209580e-02 "
"1","
"
"1","29.1305130513051 "
"1","29.1310131013101 "
"1","29.1315131513151 "
"1","
"
"1","    5.199113e-02 "
"1","    5.188651e-02 "
"1","    5.178193e-02 "
"1","
"
"1","29.1320132013201 "
"1","29.1325132513251 "
"1","29.1330133013301 "
"1","
"
"1","    5.167741e-02 "
"1","    5.157293e-02 "
"1","    5.146850e-02 "
"1","
"
"1","29.1335133513351 "
"1","29.1340134013401 "
"1","29.1345134513451 "
"1","
"
"1","    5.136412e-02 "
"1","    5.125979e-02 "
"1","    5.115551e-02 "
"1","
"
"1","29.1350135013501 "
"1","29.1355135513551 "
"1","29.1360136013601 "
"1","
"
"1","    5.105127e-02 "
"1","    5.094708e-02 "
"1","    5.084294e-02 "
"1","
"
"1","29.1365136513651 "
"1","29.1370137013701 "
"1","29.1375137513751 "
"1","
"
"1","    5.073884e-02 "
"1","    5.063480e-02 "
"1","    5.053080e-02 "
"1","
"
"1","29.1380138013801 "
"1","29.1385138513851 "
"1","29.1390139013901 "
"1","
"
"1","    5.042685e-02 "
"1","    5.032294e-02 "
"1","    5.021909e-02 "
"1","
"
"1","29.1395139513951 "
"1","29.1400140014001 "
"1","29.1405140514051 "
"1","
"
"1","    5.011528e-02 "
"1","    5.001151e-02 "
"1","    4.990780e-02 "
"1","
"
"1","29.1410141014101 "
"1","29.1415141514151 "
"1","29.1420142014201 "
"1","
"
"1","    4.980413e-02 "
"1","    4.970051e-02 "
"1","    4.959693e-02 "
"1","
"
"1","29.1425142514251 "
"1","29.1430143014301 "
"1","29.1435143514351 "
"1","
"
"1","    4.949340e-02 "
"1","    4.938992e-02 "
"1","    4.928649e-02 "
"1","
"
"1","29.1440144014401 "
"1","29.1445144514451 "
"1","29.1450145014501 "
"1","
"
"1","    4.918310e-02 "
"1","    4.907975e-02 "
"1","    4.897646e-02 "
"1","
"
"1","29.1455145514551 "
"1","29.1460146014601 "
"1","29.1465146514651 "
"1","
"
"1","    4.887321e-02 "
"1","    4.877000e-02 "
"1","    4.866685e-02 "
"1","
"
"1","29.1470147014701 "
"1","29.1475147514751 "
"1","29.1480148014801 "
"1","
"
"1","    4.856373e-02 "
"1","    4.846067e-02 "
"1","    4.835765e-02 "
"1","
"
"1","29.1485148514851 "
"1","29.1490149014901 "
"1","29.1495149514951 "
"1","
"
"1","    4.825467e-02 "
"1","    4.815175e-02 "
"1","    4.804886e-02 "
"1","
"
"1","29.1500150015002 "
"1","29.1505150515051 "
"1","29.1510151015102 "
"1","
"
"1","    4.794603e-02 "
"1","    4.784323e-02 "
"1","    4.774049e-02 "
"1","
"
"1","29.1515151515152 "
"1","29.1520152015202 "
"1","29.1525152515252 "
"1","
"
"1","    4.763779e-02 "
"1","    4.753513e-02 "
"1","    4.743252e-02 "
"1","
"
"1","29.1530153015302 "
"1","29.1535153515352 "
"1","29.1540154015402 "
"1","
"
"1","    4.732995e-02 "
"1","    4.722743e-02 "
"1","    4.712496e-02 "
"1","
"
"1","29.1545154515452 "
"1","29.1550155015502 "
"1","29.1555155515552 "
"1","
"
"1","    4.702253e-02 "
"1","    4.692014e-02 "
"1","    4.681780e-02 "
"1","
"
"1","29.1560156015602 "
"1","29.1565156515652 "
"1","29.1570157015702 "
"1","
"
"1","    4.671550e-02 "
"1","    4.661325e-02 "
"1","    4.651104e-02 "
"1","
"
"1","29.1575157515752 "
"1","29.1580158015802 "
"1","29.1585158515852 "
"1","
"
"1","    4.640888e-02 "
"1","    4.630676e-02 "
"1","    4.620468e-02 "
"1","
"
"1","29.1590159015902 "
"1","29.1595159515952 "
"1","29.1600160016002 "
"1","
"
"1","    4.610265e-02 "
"1","    4.600067e-02 "
"1","    4.589872e-02 "
"1","
"
"1","29.1605160516052 "
"1","29.1610161016102 "
"1","29.1615161516152 "
"1","
"
"1","    4.579682e-02 "
"1","    4.569497e-02 "
"1","    4.559316e-02 "
"1","
"
"1","29.1620162016202 "
"1","29.1625162516252 "
"1","29.1630163016302 "
"1","
"
"1","    4.549139e-02 "
"1","    4.538966e-02 "
"1","    4.528798e-02 "
"1","
"
"1","29.1635163516352 "
"1","29.1640164016402 "
"1","29.1645164516452 "
"1","
"
"1","    4.518635e-02 "
"1","    4.508475e-02 "
"1","    4.498320e-02 "
"1","
"
"1","29.1650165016502 "
"1","29.1655165516552 "
"1","29.1660166016602 "
"1","
"
"1","    4.488169e-02 "
"1","    4.478023e-02 "
"1","    4.467880e-02 "
"1","
"
"1","29.1665166516652 "
"1","29.1670167016702 "
"1","29.1675167516752 "
"1","
"
"1","    4.457742e-02 "
"1","    4.447609e-02 "
"1","    4.437479e-02 "
"1","
"
"1","29.1680168016802 "
"1","29.1685168516852 "
"1","29.1690169016902 "
"1","
"
"1","    4.427354e-02 "
"1","    4.417233e-02 "
"1","    4.407117e-02 "
"1","
"
"1","29.1695169516952 "
"1","29.1700170017002 "
"1","29.1705170517052 "
"1","
"
"1","    4.397004e-02 "
"1","    4.386896e-02 "
"1","    4.376792e-02 "
"1","
"
"1","29.1710171017102 "
"1","29.1715171517152 "
"1","29.1720172017202 "
"1","
"
"1","    4.366692e-02 "
"1","    4.356597e-02 "
"1","    4.346505e-02 "
"1","
"
"1","29.1725172517252 "
"1","29.1730173017302 "
"1","29.1735173517352 "
"1","
"
"1","    4.336418e-02 "
"1","    4.326335e-02 "
"1","    4.316256e-02 "
"1","
"
"1","29.1740174017402 "
"1","29.1745174517452 "
"1","29.1750175017502 "
"1","
"
"1","    4.306182e-02 "
"1","    4.296111e-02 "
"1","    4.286045e-02 "
"1","
"
"1","29.1755175517552 "
"1","29.1760176017602 "
"1","29.1765176517652 "
"1","
"
"1","    4.275982e-02 "
"1","    4.265924e-02 "
"1","    4.255870e-02 "
"1","
"
"1","29.1770177017702 "
"1","29.1775177517752 "
"1","29.1780178017802 "
"1","
"
"1","    4.245820e-02 "
"1","    4.235774e-02 "
"1","    4.225732e-02 "
"1","
"
"1","29.1785178517852 "
"1","29.1790179017902 "
"1","29.1795179517952 "
"1","
"
"1","    4.215695e-02 "
"1","    4.205661e-02 "
"1","    4.195631e-02 "
"1","
"
"1","29.1800180018002 "
"1","29.1805180518052 "
"1","29.1810181018102 "
"1","
"
"1","    4.185606e-02 "
"1","    4.175584e-02 "
"1","    4.165567e-02 "
"1","
"
"1","29.1815181518152 "
"1","29.1820182018202 "
"1","29.1825182518252 "
"1","
"
"1","    4.155553e-02 "
"1","    4.145544e-02 "
"1","    4.135538e-02 "
"1","
"
"1","29.1830183018302 "
"1","29.1835183518352 "
"1","29.1840184018402 "
"1","
"
"1","    4.125537e-02 "
"1","    4.115539e-02 "
"1","    4.105546e-02 "
"1","
"
"1","29.1845184518452 "
"1","29.1850185018502 "
"1","29.1855185518552 "
"1","
"
"1","    4.095556e-02 "
"1","    4.085570e-02 "
"1","    4.075589e-02 "
"1","
"
"1","29.1860186018602 "
"1","29.1865186518652 "
"1","29.1870187018702 "
"1","
"
"1","    4.065611e-02 "
"1","    4.055637e-02 "
"1","    4.045667e-02 "
"1","
"
"1","29.1875187518752 "
"1","29.1880188018802 "
"1","29.1885188518852 "
"1","
"
"1","    4.035701e-02 "
"1","    4.025739e-02 "
"1","    4.015781e-02 "
"1","
"
"1","29.1890189018902 "
"1","29.1895189518952 "
"1","29.1900190019002 "
"1","
"
"1","    4.005826e-02 "
"1","    3.995876e-02 "
"1","    3.985929e-02 "
"1","
"
"1","29.1905190519052 "
"1","29.1910191019102 "
"1","29.1915191519152 "
"1","
"
"1","    3.975986e-02 "
"1","    3.966047e-02 "
"1","    3.956112e-02 "
"1","
"
"1","29.1920192019202 "
"1","29.1925192519252 "
"1","29.1930193019302 "
"1","
"
"1","    3.946181e-02 "
"1","    3.936253e-02 "
"1","    3.926330e-02 "
"1","
"
"1","29.1935193519352 "
"1","29.1940194019402 "
"1","29.1945194519452 "
"1","
"
"1","    3.916410e-02 "
"1","    3.906494e-02 "
"1","    3.896581e-02 "
"1","
"
"1","29.1950195019502 "
"1","29.1955195519552 "
"1","29.1960196019602 "
"1","
"
"1","    3.886673e-02 "
"1","    3.876768e-02 "
"1","    3.866867e-02 "
"1","
"
"1","29.1965196519652 "
"1","29.1970197019702 "
"1","29.1975197519752 "
"1","
"
"1","    3.856969e-02 "
"1","    3.847076e-02 "
"1","    3.837186e-02 "
"1","
"
"1","29.1980198019802 "
"1","29.1985198519852 "
"1","29.1990199019902 "
"1","
"
"1","    3.827299e-02 "
"1","    3.817417e-02 "
"1","    3.807538e-02 "
"1","
"
"1","29.1995199519952 "
"1","29.2000200020002 "
"1","29.2005200520052 "
"1","
"
"1","    3.797663e-02 "
"1","    3.787791e-02 "
"1","    3.777923e-02 "
"1","
"
"1","29.2010201020102 "
"1","29.2015201520152 "
"1","29.2020202020202 "
"1","
"
"1","    3.768059e-02 "
"1","    3.758198e-02 "
"1","    3.748341e-02 "
"1","
"
"1","29.2025202520252 "
"1","29.2030203020302 "
"1","29.2035203520352 "
"1","
"
"1","    3.738488e-02 "
"1","    3.728638e-02 "
"1","    3.718791e-02 "
"1","
"
"1","29.2040204020402 "
"1","29.2045204520452 "
"1","29.2050205020502 "
"1","
"
"1","    3.708949e-02 "
"1","    3.699110e-02 "
"1","    3.689274e-02 "
"1","
"
"1","29.2055205520552 "
"1","29.2060206020602 "
"1","29.2065206520652 "
"1","
"
"1","    3.679442e-02 "
"1","    3.669614e-02 "
"1","    3.659789e-02 "
"1","
"
"1","29.2070207020702 "
"1","29.2075207520752 "
"1","29.2080208020802 "
"1","
"
"1","    3.649967e-02 "
"1","    3.640149e-02 "
"1","    3.630335e-02 "
"1","
"
"1","29.2085208520852 "
"1","29.2090209020902 "
"1","29.2095209520952 "
"1","
"
"1","    3.620524e-02 "
"1","    3.610716e-02 "
"1","    3.600912e-02 "
"1","
"
"1","29.2100210021002 "
"1","29.2105210521052 "
"1","29.2110211021102 "
"1","
"
"1","    3.591112e-02 "
"1","    3.581315e-02 "
"1","    3.571521e-02 "
"1","
"
"1","29.2115211521152 "
"1","29.2120212021202 "
"1","29.2125212521252 "
"1","
"
"1","    3.561731e-02 "
"1","    3.551944e-02 "
"1","    3.542160e-02 "
"1","
"
"1","29.2130213021302 "
"1","29.2135213521352 "
"1","29.2140214021402 "
"1","
"
"1","    3.532380e-02 "
"1","    3.522603e-02 "
"1","    3.512830e-02 "
"1","
"
"1","29.2145214521452 "
"1","29.2150215021502 "
"1","29.2155215521552 "
"1","
"
"1","    3.503060e-02 "
"1","    3.493293e-02 "
"1","    3.483530e-02 "
"1","
"
"1","29.2160216021602 "
"1","29.2165216521652 "
"1","29.2170217021702 "
"1","
"
"1","    3.473770e-02 "
"1","    3.464013e-02 "
"1","    3.454260e-02 "
"1","
"
"1","29.2175217521752 "
"1","29.2180218021802 "
"1","29.2185218521852 "
"1","
"
"1","    3.444510e-02 "
"1","    3.434763e-02 "
"1","    3.425020e-02 "
"1","
"
"1","29.2190219021902 "
"1","29.2195219521952 "
"1","29.2200220022002 "
"1","
"
"1","    3.415279e-02 "
"1","    3.405542e-02 "
"1","    3.395808e-02 "
"1","
"
"1","29.2205220522052 "
"1","29.2210221022102 "
"1","29.2215221522152 "
"1","
"
"1","    3.386078e-02 "
"1","    3.376350e-02 "
"1","    3.366626e-02 "
"1","
"
"1","29.2220222022202 "
"1","29.2225222522252 "
"1","29.2230223022302 "
"1","
"
"1","    3.356905e-02 "
"1","    3.347187e-02 "
"1","    3.337473e-02 "
"1","
"
"1","29.2235223522352 "
"1","29.2240224022402 "
"1","29.2245224522452 "
"1","
"
"1","    3.327761e-02 "
"1","    3.318053e-02 "
"1","    3.308348e-02 "
"1","
"
"1","29.2250225022502 "
"1","29.2255225522552 "
"1","29.2260226022602 "
"1","
"
"1","    3.298646e-02 "
"1","    3.288947e-02 "
"1","    3.279251e-02 "
"1","
"
"1","29.2265226522652 "
"1","29.2270227022702 "
"1","29.2275227522752 "
"1","
"
"1","    3.269558e-02 "
"1","    3.259868e-02 "
"1","    3.250182e-02 "
"1","
"
"1","29.2280228022802 "
"1","29.2285228522852 "
"1","29.2290229022902 "
"1","
"
"1","    3.240498e-02 "
"1","    3.230818e-02 "
"1","    3.221140e-02 "
"1","
"
"1","29.2295229522952 "
"1","29.2300230023002 "
"1","29.2305230523052 "
"1","
"
"1","    3.211466e-02 "
"1","    3.201794e-02 "
"1","    3.192126e-02 "
"1","
"
"1","29.2310231023102 "
"1","29.2315231523152 "
"1","29.2320232023202 "
"1","
"
"1","    3.182460e-02 "
"1","    3.172798e-02 "
"1","    3.163138e-02 "
"1","
"
"1","29.2325232523252 "
"1","29.2330233023302 "
"1","29.2335233523352 "
"1","
"
"1","    3.153482e-02 "
"1","    3.143828e-02 "
"1","    3.134177e-02 "
"1","
"
"1","29.2340234023402 "
"1","29.2345234523452 "
"1","29.2350235023502 "
"1","
"
"1","    3.124529e-02 "
"1","    3.114884e-02 "
"1","    3.105242e-02 "
"1","
"
"1","29.2355235523552 "
"1","29.2360236023602 "
"1","29.2365236523652 "
"1","
"
"1","    3.095603e-02 "
"1","    3.085967e-02 "
"1","    3.076334e-02 "
"1","
"
"1","29.2370237023702 "
"1","29.2375237523752 "
"1","29.2380238023802 "
"1","
"
"1","    3.066703e-02 "
"1","    3.057075e-02 "
"1","    3.047450e-02 "
"1","
"
"1","29.2385238523852 "
"1","29.2390239023902 "
"1","29.2395239523952 "
"1","
"
"1","    3.037828e-02 "
"1","    3.028209e-02 "
"1","    3.018592e-02 "
"1","
"
"1","29.2400240024002 "
"1","29.2405240524052 "
"1","29.2410241024102 "
"1","
"
"1","    3.008979e-02 "
"1","    2.999368e-02 "
"1","    2.989759e-02 "
"1","
"
"1","29.2415241524152 "
"1","29.2420242024202 "
"1","29.2425242524252 "
"1","
"
"1","    2.980154e-02 "
"1","    2.970551e-02 "
"1","    2.960951e-02 "
"1","
"
"1","29.2430243024302 "
"1","29.2435243524352 "
"1","29.2440244024402 "
"1","
"
"1","    2.951354e-02 "
"1","    2.941759e-02 "
"1","    2.932167e-02 "
"1","
"
"1","29.2445244524452 "
"1","29.2450245024502 "
"1","29.2455245524552 "
"1","
"
"1","    2.922578e-02 "
"1","    2.912991e-02 "
"1","    2.903407e-02 "
"1","
"
"1","29.2460246024602 "
"1","29.2465246524652 "
"1","29.2470247024702 "
"1","
"
"1","    2.893825e-02 "
"1","    2.884247e-02 "
"1","    2.874670e-02 "
"1","
"
"1","29.2475247524752 "
"1","29.2480248024802 "
"1","29.2485248524853 "
"1","
"
"1","    2.865097e-02 "
"1","    2.855526e-02 "
"1","    2.845957e-02 "
"1","
"
"1","29.2490249024902 "
"1","29.2495249524952 "
"1","29.2500250025003 "
"1","
"
"1","    2.836391e-02 "
"1","    2.826828e-02 "
"1","    2.817267e-02 "
"1","
"
"1","29.2505250525052 "
"1","29.2510251025103 "
"1","29.2515251525153 "
"1","
"
"1","    2.807709e-02 "
"1","    2.798153e-02 "
"1","    2.788600e-02 "
"1","
"
"1","29.2520252025203 "
"1","29.2525252525253 "
"1","29.2530253025303 "
"1","
"
"1","    2.779049e-02 "
"1","    2.769501e-02 "
"1","    2.759955e-02 "
"1","
"
"1","29.2535253525353 "
"1","29.2540254025403 "
"1","29.2545254525453 "
"1","
"
"1","    2.750411e-02 "
"1","    2.740870e-02 "
"1","    2.731331e-02 "
"1","
"
"1","29.2550255025503 "
"1","29.2555255525553 "
"1","29.2560256025603 "
"1","
"
"1","    2.721795e-02 "
"1","    2.712261e-02 "
"1","    2.702730e-02 "
"1","
"
"1","29.2565256525653 "
"1","29.2570257025703 "
"1","29.2575257525753 "
"1","
"
"1","    2.693201e-02 "
"1","    2.683674e-02 "
"1","    2.674150e-02 "
"1","
"
"1","29.2580258025803 "
"1","29.2585258525853 "
"1","29.2590259025903 "
"1","
"
"1","    2.664628e-02 "
"1","    2.655108e-02 "
"1","    2.645590e-02 "
"1","
"
"1","29.2595259525953 "
"1","29.2600260026003 "
"1","29.2605260526053 "
"1","
"
"1","    2.636075e-02 "
"1","    2.626562e-02 "
"1","    2.617052e-02 "
"1","
"
"1","29.2610261026103 "
"1","29.2615261526153 "
"1","29.2620262026203 "
"1","
"
"1","    2.607543e-02 "
"1","    2.598037e-02 "
"1","    2.588533e-02 "
"1","
"
"1","29.2625262526253 "
"1","29.2630263026303 "
"1","29.2635263526353 "
"1","
"
"1","    2.579031e-02 "
"1","    2.569532e-02 "
"1","    2.560035e-02 "
"1","
"
"1","29.2640264026403 "
"1","29.2645264526453 "
"1","29.2650265026503 "
"1","
"
"1","    2.550539e-02 "
"1","    2.541046e-02 "
"1","    2.531555e-02 "
"1","
"
"1","29.2655265526553 "
"1","29.2660266026603 "
"1","29.2665266526653 "
"1","
"
"1","    2.522067e-02 "
"1","    2.512580e-02 "
"1","    2.503096e-02 "
"1","
"
"1","29.2670267026703 "
"1","29.2675267526753 "
"1","29.2680268026803 "
"1","
"
"1","    2.493613e-02 "
"1","    2.484133e-02 "
"1","    2.474655e-02 "
"1","
"
"1","29.2685268526853 "
"1","29.2690269026903 "
"1","29.2695269526953 "
"1","
"
"1","    2.465178e-02 "
"1","    2.455704e-02 "
"1","    2.446232e-02 "
"1","
"
"1","29.2700270027003 "
"1","29.2705270527053 "
"1","29.2710271027103 "
"1","
"
"1","    2.436762e-02 "
"1","    2.427294e-02 "
"1","    2.417828e-02 "
"1","
"
"1","29.2715271527153 "
"1","29.2720272027203 "
"1","29.2725272527253 "
"1","
"
"1","    2.408363e-02 "
"1","    2.398901e-02 "
"1","    2.389441e-02 "
"1","
"
"1","29.2730273027303 "
"1","29.2735273527353 "
"1","29.2740274027403 "
"1","
"
"1","    2.379983e-02 "
"1","    2.370526e-02 "
"1","    2.361072e-02 "
"1","
"
"1","29.2745274527453 "
"1","29.2750275027503 "
"1","29.2755275527553 "
"1","
"
"1","    2.351619e-02 "
"1","    2.342168e-02 "
"1","    2.332719e-02 "
"1","
"
"1","29.2760276027603 "
"1","29.2765276527653 "
"1","29.2770277027703 "
"1","
"
"1","    2.323272e-02 "
"1","    2.313827e-02 "
"1","    2.304384e-02 "
"1","
"
"1","29.2775277527753 "
"1","29.2780278027803 "
"1","29.2785278527853 "
"1","
"
"1","    2.294942e-02 "
"1","    2.285502e-02 "
"1","    2.276064e-02 "
"1","
"
"1","29.2790279027903 "
"1","29.2795279527953 "
"1","29.2800280028003 "
"1","
"
"1","    2.266628e-02 "
"1","    2.257194e-02 "
"1","    2.247761e-02 "
"1","
"
"1","29.2805280528053 "
"1","29.2810281028103 "
"1","29.2815281528153 "
"1","
"
"1","    2.238330e-02 "
"1","    2.228901e-02 "
"1","    2.219473e-02 "
"1","
"
"1","29.2820282028203 "
"1","29.2825282528253 "
"1","29.2830283028303 "
"1","
"
"1","    2.210047e-02 "
"1","    2.200623e-02 "
"1","    2.191201e-02 "
"1","
"
"1","29.2835283528353 "
"1","29.2840284028403 "
"1","29.2845284528453 "
"1","
"
"1","    2.181780e-02 "
"1","    2.172360e-02 "
"1","    2.162943e-02 "
"1","
"
"1","29.2850285028503 "
"1","29.2855285528553 "
"1","29.2860286028603 "
"1","
"
"1","    2.153527e-02 "
"1","    2.144112e-02 "
"1","    2.134699e-02 "
"1","
"
"1","29.2865286528653 "
"1","29.2870287028703 "
"1","29.2875287528753 "
"1","
"
"1","    2.125288e-02 "
"1","    2.115878e-02 "
"1","    2.106470e-02 "
"1","
"
"1","29.2880288028803 "
"1","29.2885288528853 "
"1","29.2890289028903 "
"1","
"
"1","    2.097063e-02 "
"1","    2.087658e-02 "
"1","    2.078254e-02 "
"1","
"
"1","29.2895289528953 "
"1","29.2900290029003 "
"1","29.2905290529053 "
"1","
"
"1","    2.068852e-02 "
"1","    2.059451e-02 "
"1","    2.050052e-02 "
"1","
"
"1","29.2910291029103 "
"1","29.2915291529153 "
"1","29.2920292029203 "
"1","
"
"1","    2.040654e-02 "
"1","    2.031257e-02 "
"1","    2.021862e-02 "
"1","
"
"1","29.2925292529253 "
"1","29.2930293029303 "
"1","29.2935293529353 "
"1","
"
"1","    2.012468e-02 "
"1","    2.003076e-02 "
"1","    1.993685e-02 "
"1","
"
"1","29.2940294029403 "
"1","29.2945294529453 "
"1","29.2950295029503 "
"1","
"
"1","    1.984295e-02 "
"1","    1.974907e-02 "
"1","    1.965520e-02 "
"1","
"
"1","29.2955295529553 "
"1","29.2960296029603 "
"1","29.2965296529653 "
"1","
"
"1","    1.956134e-02 "
"1","    1.946750e-02 "
"1","    1.937367e-02 "
"1","
"
"1","29.2970297029703 "
"1","29.2975297529753 "
"1","29.2980298029803 "
"1","
"
"1","    1.927985e-02 "
"1","    1.918604e-02 "
"1","    1.909225e-02 "
"1","
"
"1","29.2985298529853 "
"1","29.2990299029903 "
"1","29.2995299529953 "
"1","
"
"1","    1.899847e-02 "
"1","    1.890470e-02 "
"1","    1.881094e-02 "
"1","
"
"1","29.3000300030003 "
"1","29.3005300530053 "
"1","29.3010301030103 "
"1","
"
"1","    1.871719e-02 "
"1","    1.862346e-02 "
"1","    1.852974e-02 "
"1","
"
"1","29.3015301530153 "
"1","29.3020302030203 "
"1","29.3025302530253 "
"1","
"
"1","    1.843603e-02 "
"1","    1.834232e-02 "
"1","    1.824864e-02 "
"1","
"
"1","29.3030303030303 "
"1","29.3035303530353 "
"1","29.3040304030403 "
"1","
"
"1","    1.815496e-02 "
"1","    1.806129e-02 "
"1","    1.796763e-02 "
"1","
"
"1","29.3045304530453 "
"1","29.3050305030503 "
"1","29.3055305530553 "
"1","
"
"1","    1.787398e-02 "
"1","    1.778035e-02 "
"1","    1.768672e-02 "
"1","
"
"1","29.3060306030603 "
"1","29.3065306530653 "
"1","29.3070307030703 "
"1","
"
"1","    1.759310e-02 "
"1","    1.749950e-02 "
"1","    1.740590e-02 "
"1","
"
"1","29.3075307530753 "
"1","29.3080308030803 "
"1","29.3085308530853 "
"1","
"
"1","    1.731231e-02 "
"1","    1.721873e-02 "
"1","    1.712516e-02 "
"1","
"
"1","29.3090309030903 "
"1","29.3095309530953 "
"1","29.3100310031003 "
"1","
"
"1","    1.703160e-02 "
"1","    1.693805e-02 "
"1","    1.684451e-02 "
"1","
"
"1","29.3105310531053 "
"1","29.3110311031103 "
"1","29.3115311531153 "
"1","
"
"1","    1.675097e-02 "
"1","    1.665745e-02 "
"1","    1.656393e-02 "
"1","
"
"1","29.3120312031203 "
"1","29.3125312531253 "
"1","29.3130313031303 "
"1","
"
"1","    1.647042e-02 "
"1","    1.637692e-02 "
"1","    1.628343e-02 "
"1","
"
"1","29.3135313531353 "
"1","29.3140314031403 "
"1","29.3145314531453 "
"1","
"
"1","    1.618994e-02 "
"1","    1.609646e-02 "
"1","    1.600299e-02 "
"1","
"
"1","29.3150315031503 "
"1","29.3155315531553 "
"1","29.3160316031603 "
"1","
"
"1","    1.590953e-02 "
"1","    1.581607e-02 "
"1","    1.572262e-02 "
"1","
"
"1","29.3165316531653 "
"1","29.3170317031703 "
"1","29.3175317531753 "
"1","
"
"1","    1.562918e-02 "
"1","    1.553575e-02 "
"1","    1.544232e-02 "
"1","
"
"1","29.3180318031803 "
"1","29.3185318531853 "
"1","29.3190319031903 "
"1","
"
"1","    1.534889e-02 "
"1","    1.525548e-02 "
"1","    1.516207e-02 "
"1","
"
"1","29.3195319531953 "
"1","29.3200320032003 "
"1","29.3205320532053 "
"1","
"
"1","    1.506866e-02 "
"1","    1.497526e-02 "
"1","    1.488187e-02 "
"1","
"
"1","29.3210321032103 "
"1","29.3215321532153 "
"1","29.3220322032203 "
"1","
"
"1","    1.478848e-02 "
"1","    1.469510e-02 "
"1","    1.460172e-02 "
"1","
"
"1","29.3225322532253 "
"1","29.3230323032303 "
"1","29.3235323532353 "
"1","
"
"1","    1.450834e-02 "
"1","    1.441498e-02 "
"1","    1.432161e-02 "
"1","
"
"1","29.3240324032403 "
"1","29.3245324532453 "
"1","29.3250325032503 "
"1","
"
"1","    1.422825e-02 "
"1","    1.413490e-02 "
"1","    1.404155e-02 "
"1","
"
"1","29.3255325532553 "
"1","29.3260326032603 "
"1","29.3265326532653 "
"1","
"
"1","    1.394820e-02 "
"1","    1.385486e-02 "
"1","    1.376152e-02 "
"1","
"
"1","29.3270327032703 "
"1","29.3275327532753 "
"1","29.3280328032803 "
"1","
"
"1","    1.366818e-02 "
"1","    1.357485e-02 "
"1","    1.348152e-02 "
"1","
"
"1","29.3285328532853 "
"1","29.3290329032903 "
"1","29.3295329532953 "
"1","
"
"1","    1.338819e-02 "
"1","    1.329487e-02 "
"1","    1.320155e-02 "
"1","
"
"1","29.3300330033003 "
"1","29.3305330533053 "
"1","29.3310331033103 "
"1","
"
"1","    1.310823e-02 "
"1","    1.301492e-02 "
"1","    1.292160e-02 "
"1","
"
"1","29.3315331533153 "
"1","29.3320332033203 "
"1","29.3325332533253 "
"1","
"
"1","    1.282829e-02 "
"1","    1.273498e-02 "
"1","    1.264168e-02 "
"1","
"
"1","29.3330333033303 "
"1","29.3335333533353 "
"1","29.3340334033403 "
"1","
"
"1","    1.254837e-02 "
"1","    1.245507e-02 "
"1","    1.236176e-02 "
"1","
"
"1","29.3345334533453 "
"1","29.3350335033503 "
"1","29.3355335533553 "
"1","
"
"1","    1.226846e-02 "
"1","    1.217516e-02 "
"1","    1.208186e-02 "
"1","
"
"1","29.3360336033603 "
"1","29.3365336533653 "
"1","29.3370337033703 "
"1","
"
"1","    1.198856e-02 "
"1","    1.189526e-02 "
"1","    1.180196e-02 "
"1","
"
"1","29.3375337533753 "
"1","29.3380338033803 "
"1","29.3385338533853 "
"1","
"
"1","    1.170866e-02 "
"1","    1.161537e-02 "
"1","    1.152207e-02 "
"1","
"
"1","29.3390339033903 "
"1","29.3395339533953 "
"1","29.3400340034003 "
"1","
"
"1","    1.142877e-02 "
"1","    1.133547e-02 "
"1","    1.124217e-02 "
"1","
"
"1","29.3405340534053 "
"1","29.3410341034103 "
"1","29.3415341534153 "
"1","
"
"1","    1.114887e-02 "
"1","    1.105557e-02 "
"1","    1.096227e-02 "
"1","
"
"1","29.3420342034203 "
"1","29.3425342534253 "
"1","29.3430343034303 "
"1","
"
"1","    1.086896e-02 "
"1","    1.077566e-02 "
"1","    1.068235e-02 "
"1","
"
"1","29.3435343534353 "
"1","29.3440344034403 "
"1","29.3445344534453 "
"1","
"
"1","    1.058904e-02 "
"1","    1.049573e-02 "
"1","    1.040242e-02 "
"1","
"
"1","29.3450345034503 "
"1","29.3455345534553 "
"1","29.3460346034603 "
"1","
"
"1","    1.030910e-02 "
"1","    1.021578e-02 "
"1","    1.012247e-02 "
"1","
"
"1","29.3465346534653 "
"1","29.3470347034703 "
"1","29.3475347534753 "
"1","
"
"1","    1.002914e-02 "
"1","    9.935817e-03 "
"1","    9.842488e-03 "
"1","
"
"1","29.3480348034803 "
"1","29.3485348534853 "
"1","29.3490349034903 "
"1","
"
"1","    9.749156e-03 "
"1","    9.655821e-03 "
"1","    9.562482e-03 "
"1","
"
"1","29.3495349534954 "
"1","29.3500350035003 "
"1","29.3505350535054 "
"1","
"
"1","    9.469140e-03 "
"1","    9.375793e-03 "
"1","    9.282443e-03 "
"1","
"
"1","29.3510351035104 "
"1","29.3515351535153 "
"1","29.3520352035204 "
"1","
"
"1","    9.189088e-03 "
"1","    9.095729e-03 "
"1","    9.002365e-03 "
"1","
"
"1","29.3525352535254 "
"1","29.3530353035304 "
"1","29.3535353535354 "
"1","
"
"1","    8.908997e-03 "
"1","    8.815623e-03 "
"1","    8.722245e-03 "
"1","
"
"1","29.3540354035404 "
"1","29.3545354535454 "
"1","29.3550355035504 "
"1","
"
"1","    8.628862e-03 "
"1","    8.535473e-03 "
"1","    8.442078e-03 "
"1","
"
"1","29.3555355535554 "
"1","29.3560356035604 "
"1","29.3565356535654 "
"1","
"
"1","    8.348678e-03 "
"1","    8.255272e-03 "
"1","    8.161860e-03 "
"1","
"
"1","29.3570357035704 "
"1","29.3575357535754 "
"1","29.3580358035804 "
"1","
"
"1","    8.068441e-03 "
"1","    7.975017e-03 "
"1","    7.881585e-03 "
"1","
"
"1","29.3585358535854 "
"1","29.3590359035904 "
"1","29.3595359535954 "
"1","
"
"1","    7.788147e-03 "
"1","    7.694702e-03 "
"1","    7.601250e-03 "
"1","
"
"1","29.3600360036004 "
"1","29.3605360536054 "
"1","29.3610361036104 "
"1","
"
"1","    7.507791e-03 "
"1","    7.414324e-03 "
"1","    7.320850e-03 "
"1","
"
"1","29.3615361536154 "
"1","29.3620362036204 "
"1","29.3625362536254 "
"1","
"
"1","    7.227368e-03 "
"1","    7.133878e-03 "
"1","    7.040381e-03 "
"1","
"
"1","29.3630363036304 "
"1","29.3635363536354 "
"1","29.3640364036404 "
"1","
"
"1","    6.946874e-03 "
"1","    6.853360e-03 "
"1","    6.759837e-03 "
"1","
"
"1","29.3645364536454 "
"1","29.3650365036504 "
"1","29.3655365536554 "
"1","
"
"1","    6.666305e-03 "
"1","    6.572764e-03 "
"1","    6.479214e-03 "
"1","
"
"1","29.3660366036604 "
"1","29.3665366536654 "
"1","29.3670367036704 "
"1","
"
"1","    6.385655e-03 "
"1","    6.292086e-03 "
"1","    6.198508e-03 "
"1","
"
"1","29.3675367536754 "
"1","29.3680368036804 "
"1","29.3685368536854 "
"1","
"
"1","    6.104920e-03 "
"1","    6.011322e-03 "
"1","    5.917714e-03 "
"1","
"
"1","29.3690369036904 "
"1","29.3695369536954 "
"1","29.3700370037004 "
"1","
"
"1","    5.824096e-03 "
"1","    5.730467e-03 "
"1","    5.636827e-03 "
"1","
"
"1","29.3705370537054 "
"1","29.3710371037104 "
"1","29.3715371537154 "
"1","
"
"1","    5.543177e-03 "
"1","    5.449516e-03 "
"1","    5.355844e-03 "
"1","
"
"1","29.3720372037204 "
"1","29.3725372537254 "
"1","29.3730373037304 "
"1","
"
"1","    5.262160e-03 "
"1","    5.168465e-03 "
"1","    5.074758e-03 "
"1","
"
"1","29.3735373537354 "
"1","29.3740374037404 "
"1","29.3745374537454 "
"1","
"
"1","    4.981039e-03 "
"1","    4.887308e-03 "
"1","    4.793566e-03 "
"1","
"
"1","29.3750375037504 "
"1","29.3755375537554 "
"1","29.3760376037604 "
"1","
"
"1","    4.699810e-03 "
"1","    4.606043e-03 "
"1","    4.512262e-03 "
"1","
"
"1","29.3765376537654 "
"1","29.3770377037704 "
"1","29.3775377537754 "
"1","
"
"1","    4.418469e-03 "
"1","    4.324662e-03 "
"1","    4.230843e-03 "
"1","
"
"1","29.3780378037804 "
"1","29.3785378537854 "
"1","29.3790379037904 "
"1","
"
"1","    4.137010e-03 "
"1","    4.043163e-03 "
"1","    3.949303e-03 "
"1","
"
"1","29.3795379537954 "
"1","29.3800380038004 "
"1","29.3805380538054 "
"1","
"
"1","    3.855429e-03 "
"1","    3.761540e-03 "
"1","    3.667638e-03 "
"1","
"
"1","29.3810381038104 "
"1","29.3815381538154 "
"1","29.3820382038204 "
"1","
"
"1","    3.573721e-03 "
"1","    3.479789e-03 "
"1","    3.385843e-03 "
"1","
"
"1","29.3825382538254 "
"1","29.3830383038304 "
"1","29.3835383538354 "
"1","
"
"1","    3.291881e-03 "
"1","    3.197905e-03 "
"1","    3.103913e-03 "
"1","
"
"1","29.3840384038404 "
"1","29.3845384538454 "
"1","29.3850385038504 "
"1","
"
"1","    3.009905e-03 "
"1","    2.915882e-03 "
"1","    2.821843e-03 "
"1","
"
"1","29.3855385538554 "
"1","29.3860386038604 "
"1","29.3865386538654 "
"1","
"
"1","    2.727789e-03 "
"1","    2.633717e-03 "
"1","    2.539630e-03 "
"1","
"
"1","29.3870387038704 "
"1","29.3875387538754 "
"1","29.3880388038804 "
"1","
"
"1","    2.445526e-03 "
"1","    2.351405e-03 "
"1","    2.257267e-03 "
"1","
"
"1","29.3885388538854 "
"1","29.3890389038904 "
"1","29.3895389538954 "
"1","
"
"1","    2.163113e-03 "
"1","    2.068941e-03 "
"1","    1.974751e-03 "
"1","
"
"1","29.3900390039004 "
"1","29.3905390539054 "
"1","29.3910391039104 "
"1","
"
"1","    1.880544e-03 "
"1","    1.786319e-03 "
"1","    1.692077e-03 "
"1","
"
"1","29.3915391539154 "
"1","29.3920392039204 "
"1","29.3925392539254 "
"1","
"
"1","    1.597816e-03 "
"1","    1.503536e-03 "
"1","    1.409239e-03 "
"1","
"
"1","29.3930393039304 "
"1","29.3935393539354 "
"1","29.3940394039404 "
"1","
"
"1","    1.314922e-03 "
"1","    1.220587e-03 "
"1","    1.126233e-03 "
"1","
"
"1","29.3945394539454 "
"1","29.3950395039504 "
"1","29.3955395539554 "
"1","
"
"1","    1.031859e-03 "
"1","    9.374663e-04 "
"1","    8.430538e-04 "
"1","
"
"1","29.3960396039604 "
"1","29.3965396539654 "
"1","29.3970397039704 "
"1","
"
"1","    7.486216e-04 "
"1","    6.541694e-04 "
"1","    5.596972e-04 "
"1","
"
"1","29.3975397539754 "
"1","29.3980398039804 "
"1","29.3985398539854 "
"1","
"
"1","    4.652046e-04 "
"1","    3.706916e-04 "
"1","    2.761580e-04 "
"1","
"
"1","29.3990399039904 "
"1","29.3995399539954 "
"1","29.4000400040004 "
"1","
"
"1","    1.816036e-04 "
"1","    8.702811e-05 "
"1","    7.568514e-06 "
"1","
"
"1","29.4005400540054 "
"1","29.4010401040104 "
"1","29.4015401540154 "
"1","
"
"1","    1.021865e-04 "
"1","    1.968260e-04 "
"1","    2.914872e-04 "
"1","
"
"1","29.4020402040204 "
"1","29.4025402540254 "
"1","29.4030403040304 "
"1","
"
"1","    3.861702e-04 "
"1","    4.808751e-04 "
"1","    5.756023e-04 "
"1","
"
"1","29.4035403540354 "
"1","29.4040404040404 "
"1","29.4045404540454 "
"1","
"
"1","    6.703517e-04 "
"1","    7.651236e-04 "
"1","    8.599182e-04 "
"1","
"
"1","29.4050405040504 "
"1","29.4055405540554 "
"1","29.4060406040604 "
"1","
"
"1","    9.547354e-04 "
"1","    1.049576e-03 "
"1","    1.144439e-03 "
"1","
"
"1","29.4065406540654 "
"1","29.4070407040704 "
"1","29.4075407540754 "
"1","
"
"1","    1.239326e-03 "
"1","    1.334236e-03 "
"1","    1.429169e-03 "
"1","
"
"1","29.4080408040804 "
"1","29.4085408540854 "
"1","29.4090409040904 "
"1","
"
"1","    1.524126e-03 "
"1","    1.619107e-03 "
"1","    1.714112e-03 "
"1","
"
"1","29.4095409540954 "
"1","29.4100410041004 "
"1","29.4105410541054 "
"1","
"
"1","    1.809142e-03 "
"1","    1.904195e-03 "
"1","    1.999273e-03 "
"1","
"
"1","29.4110411041104 "
"1","29.4115411541154 "
"1","29.4120412041204 "
"1","
"
"1","    2.094376e-03 "
"1","    2.189504e-03 "
"1","    2.284656e-03 "
"1","
"
"1","29.4125412541254 "
"1","29.4130413041304 "
"1","29.4135413541354 "
"1","
"
"1","    2.379833e-03 "
"1","    2.475036e-03 "
"1","    2.570264e-03 "
"1","
"
"1","29.4140414041404 "
"1","29.4145414541454 "
"1","29.4150415041504 "
"1","
"
"1","    2.665518e-03 "
"1","    2.760797e-03 "
"1","    2.856103e-03 "
"1","
"
"1","29.4155415541554 "
"1","29.4160416041604 "
"1","29.4165416541654 "
"1","
"
"1","    2.951434e-03 "
"1","    3.046791e-03 "
"1","    3.142175e-03 "
"1","
"
"1","29.4170417041704 "
"1","29.4175417541754 "
"1","29.4180418041804 "
"1","
"
"1","    3.237585e-03 "
"1","    3.333022e-03 "
"1","    3.428485e-03 "
"1","
"
"1","29.4185418541854 "
"1","29.4190419041904 "
"1","29.4195419541954 "
"1","
"
"1","    3.523976e-03 "
"1","    3.619493e-03 "
"1","    3.715038e-03 "
"1","
"
"1","29.4200420042004 "
"1","29.4205420542054 "
"1","29.4210421042104 "
"1","
"
"1","    3.810609e-03 "
"1","    3.906209e-03 "
"1","    4.001836e-03 "
"1","
"
"1","29.4215421542154 "
"1","29.4220422042204 "
"1","29.4225422542254 "
"1","
"
"1","    4.097491e-03 "
"1","    4.193173e-03 "
"1","    4.288884e-03 "
"1","
"
"1","29.4230423042304 "
"1","29.4235423542354 "
"1","29.4240424042404 "
"1","
"
"1","    4.384623e-03 "
"1","    4.480391e-03 "
"1","    4.576187e-03 "
"1","
"
"1","29.4245424542454 "
"1","29.4250425042504 "
"1","29.4255425542554 "
"1","
"
"1","    4.672011e-03 "
"1","    4.767865e-03 "
"1","    4.863747e-03 "
"1","
"
"1","29.4260426042604 "
"1","29.4265426542654 "
"1","29.4270427042704 "
"1","
"
"1","    4.959658e-03 "
"1","    5.055599e-03 "
"1","    5.151569e-03 "
"1","
"
"1","29.4275427542754 "
"1","29.4280428042804 "
"1","29.4285428542854 "
"1","
"
"1","    5.247568e-03 "
"1","    5.343598e-03 "
"1","    5.439657e-03 "
"1","
"
"1","29.4290429042904 "
"1","29.4295429542954 "
"1","29.4300430043004 "
"1","
"
"1","    5.535746e-03 "
"1","    5.631865e-03 "
"1","    5.728014e-03 "
"1","
"
"1","29.4305430543054 "
"1","29.4310431043104 "
"1","29.4315431543154 "
"1","
"
"1","    5.824194e-03 "
"1","    5.920404e-03 "
"1","    6.016645e-03 "
"1","
"
"1","29.4320432043204 "
"1","29.4325432543254 "
"1","29.4330433043304 "
"1","
"
"1","    6.112916e-03 "
"1","    6.209219e-03 "
"1","    6.305553e-03 "
"1","
"
"1","29.4335433543354 "
"1","29.4340434043404 "
"1","29.4345434543454 "
"1","
"
"1","    6.401917e-03 "
"1","    6.498314e-03 "
"1","    6.594741e-03 "
"1","
"
"1","29.4350435043504 "
"1","29.4355435543554 "
"1","29.4360436043604 "
"1","
"
"1","    6.691201e-03 "
"1","    6.787692e-03 "
"1","    6.884215e-03 "
"1","
"
"1","29.4365436543654 "
"1","29.4370437043704 "
"1","29.4375437543754 "
"1","
"
"1","    6.980770e-03 "
"1","    7.077358e-03 "
"1","    7.173977e-03 "
"1","
"
"1","29.4380438043804 "
"1","29.4385438543854 "
"1","29.4390439043904 "
"1","
"
"1","    7.270629e-03 "
"1","    7.367314e-03 "
"1","    7.464032e-03 "
"1","
"
"1","29.4395439543954 "
"1","29.4400440044004 "
"1","29.4405440544054 "
"1","
"
"1","    7.560782e-03 "
"1","    7.657565e-03 "
"1","    7.754382e-03 "
"1","
"
"1","29.4410441044104 "
"1","29.4415441544154 "
"1","29.4420442044204 "
"1","
"
"1","    7.851232e-03 "
"1","    7.948115e-03 "
"1","    8.045032e-03 "
"1","
"
"1","29.4425442544254 "
"1","29.4430443044304 "
"1","29.4435443544354 "
"1","
"
"1","    8.141982e-03 "
"1","    8.238967e-03 "
"1","    8.335985e-03 "
"1","
"
"1","29.4440444044404 "
"1","29.4445444544454 "
"1","29.4450445044504 "
"1","
"
"1","    8.433037e-03 "
"1","    8.530124e-03 "
"1","    8.627245e-03 "
"1","
"
"1","29.4455445544554 "
"1","29.4460446044604 "
"1","29.4465446544654 "
"1","
"
"1","    8.724400e-03 "
"1","    8.821590e-03 "
"1","    8.918815e-03 "
"1","
"
"1","29.4470447044704 "
"1","29.4475447544754 "
"1","29.4480448044804 "
"1","
"
"1","    9.016075e-03 "
"1","    9.113370e-03 "
"1","    9.210700e-03 "
"1","
"
"1","29.4485448544854 "
"1","29.4490449044904 "
"1","29.4495449544955 "
"1","
"
"1","    9.308065e-03 "
"1","    9.405466e-03 "
"1","    9.502902e-03 "
"1","
"
"1","29.4500450045004 "
"1","29.4505450545055 "
"1","29.4510451045105 "
"1","
"
"1","    9.600374e-03 "
"1","    9.697881e-03 "
"1","    9.795425e-03 "
"1","
"
"1","29.4515451545155 "
"1","29.4520452045205 "
"1","29.4525452545255 "
"1","
"
"1","    9.893005e-03 "
"1","    9.990620e-03 "
"1","    1.008827e-02 "
"1","
"
"1","29.4530453045305 "
"1","29.4535453545355 "
"1","29.4540454045405 "
"1","
"
"1","    1.018596e-02 "
"1","    1.028369e-02 "
"1","    1.038145e-02 "
"1","
"
"1","29.4545454545455 "
"1","29.4550455045505 "
"1","29.4555455545555 "
"1","
"
"1","    1.047925e-02 "
"1","    1.057708e-02 "
"1","    1.067496e-02 "
"1","
"
"1","29.4560456045605 "
"1","29.4565456545655 "
"1","29.4570457045705 "
"1","
"
"1","    1.077287e-02 "
"1","    1.087081e-02 "
"1","    1.096880e-02 "
"1","
"
"1","29.4575457545755 "
"1","29.4580458045805 "
"1","29.4585458545855 "
"1","
"
"1","    1.106682e-02 "
"1","    1.116488e-02 "
"1","    1.126298e-02 "
"1","
"
"1","29.4590459045905 "
"1","29.4595459545955 "
"1","29.4600460046005 "
"1","
"
"1","    1.136112e-02 "
"1","    1.145929e-02 "
"1","    1.155750e-02 "
"1","
"
"1","29.4605460546055 "
"1","29.4610461046105 "
"1","29.4615461546155 "
"1","
"
"1","    1.165575e-02 "
"1","    1.175404e-02 "
"1","    1.185237e-02 "
"1","
"
"1","29.4620462046205 "
"1","29.4625462546255 "
"1","29.4630463046305 "
"1","
"
"1","    1.195074e-02 "
"1","    1.204914e-02 "
"1","    1.214759e-02 "
"1","
"
"1","29.4635463546355 "
"1","29.4640464046405 "
"1","29.4645464546455 "
"1","
"
"1","    1.224607e-02 "
"1","    1.234459e-02 "
"1","    1.244315e-02 "
"1","
"
"1","29.4650465046505 "
"1","29.4655465546555 "
"1","29.4660466046605 "
"1","
"
"1","    1.254176e-02 "
"1","    1.264040e-02 "
"1","    1.273908e-02 "
"1","
"
"1","29.4665466546655 "
"1","29.4670467046705 "
"1","29.4675467546755 "
"1","
"
"1","    1.283780e-02 "
"1","    1.293656e-02 "
"1","    1.303536e-02 "
"1","
"
"1","29.4680468046805 "
"1","29.4685468546855 "
"1","29.4690469046905 "
"1","
"
"1","    1.313420e-02 "
"1","    1.323308e-02 "
"1","    1.333200e-02 "
"1","
"
"1","29.4695469546955 "
"1","29.4700470047005 "
"1","29.4705470547055 "
"1","
"
"1","    1.343096e-02 "
"1","    1.352997e-02 "
"1","    1.362901e-02 "
"1","
"
"1","29.4710471047105 "
"1","29.4715471547155 "
"1","29.4720472047205 "
"1","
"
"1","    1.372810e-02 "
"1","    1.382722e-02 "
"1","    1.392639e-02 "
"1","
"
"1","29.4725472547255 "
"1","29.4730473047305 "
"1","29.4735473547355 "
"1","
"
"1","    1.402560e-02 "
"1","    1.412484e-02 "
"1","    1.422413e-02 "
"1","
"
"1","29.4740474047405 "
"1","29.4745474547455 "
"1","29.4750475047505 "
"1","
"
"1","    1.432347e-02 "
"1","    1.442284e-02 "
"1","    1.452226e-02 "
"1","
"
"1","29.4755475547555 "
"1","29.4760476047605 "
"1","29.4765476547655 "
"1","
"
"1","    1.462171e-02 "
"1","    1.472121e-02 "
"1","    1.482076e-02 "
"1","
"
"1","29.4770477047705 "
"1","29.4775477547755 "
"1","29.4780478047805 "
"1","
"
"1","    1.492034e-02 "
"1","    1.501997e-02 "
"1","    1.511964e-02 "
"1","
"
"1","29.4785478547855 "
"1","29.4790479047905 "
"1","29.4795479547955 "
"1","
"
"1","    1.521935e-02 "
"1","    1.531910e-02 "
"1","    1.541890e-02 "
"1","
"
"1","29.4800480048005 "
"1","29.4805480548055 "
"1","29.4810481048105 "
"1","
"
"1","    1.551874e-02 "
"1","    1.561862e-02 "
"1","    1.571855e-02 "
"1","
"
"1","29.4815481548155 "
"1","29.4820482048205 "
"1","29.4825482548255 "
"1","
"
"1","    1.581852e-02 "
"1","    1.591853e-02 "
"1","    1.601859e-02 "
"1","
"
"1","29.4830483048305 "
"1","29.4835483548355 "
"1","29.4840484048405 "
"1","
"
"1","    1.611869e-02 "
"1","    1.621884e-02 "
"1","    1.631902e-02 "
"1","
"
"1","29.4845484548455 "
"1","29.4850485048505 "
"1","29.4855485548555 "
"1","
"
"1","    1.641926e-02 "
"1","    1.651953e-02 "
"1","    1.661985e-02 "
"1","
"
"1","29.4860486048605 "
"1","29.4865486548655 "
"1","29.4870487048705 "
"1","
"
"1","    1.672022e-02 "
"1","    1.682063e-02 "
"1","    1.692108e-02 "
"1","
"
"1","29.4875487548755 "
"1","29.4880488048805 "
"1","29.4885488548855 "
"1","
"
"1","    1.702158e-02 "
"1","    1.712212e-02 "
"1","    1.722271e-02 "
"1","
"
"1","29.4890489048905 "
"1","29.4895489548955 "
"1","29.4900490049005 "
"1","
"
"1","    1.732334e-02 "
"1","    1.742402e-02 "
"1","    1.752474e-02 "
"1","
"
"1","29.4905490549055 "
"1","29.4910491049105 "
"1","29.4915491549155 "
"1","
"
"1","    1.762551e-02 "
"1","    1.772633e-02 "
"1","    1.782718e-02 "
"1","
"
"1","29.4920492049205 "
"1","29.4925492549255 "
"1","29.4930493049305 "
"1","
"
"1","    1.792809e-02 "
"1","    1.802904e-02 "
"1","    1.813004e-02 "
"1","
"
"1","29.4935493549355 "
"1","29.4940494049405 "
"1","29.4945494549455 "
"1","
"
"1","    1.823108e-02 "
"1","    1.833217e-02 "
"1","    1.843330e-02 "
"1","
"
"1","29.4950495049505 "
"1","29.4955495549555 "
"1","29.4960496049605 "
"1","
"
"1","    1.853448e-02 "
"1","    1.863571e-02 "
"1","    1.873698e-02 "
"1","
"
"1","29.4965496549655 "
"1","29.4970497049705 "
"1","29.4975497549755 "
"1","
"
"1","    1.883830e-02 "
"1","    1.893967e-02 "
"1","    1.904108e-02 "
"1","
"
"1","29.4980498049805 "
"1","29.4985498549855 "
"1","29.4990499049905 "
"1","
"
"1","    1.914254e-02 "
"1","    1.924405e-02 "
"1","    1.934561e-02 "
"1","
"
"1","29.4995499549955 "
"1","
"
"1","    1.944721e-02 "
"1","
"
"1"," [ reached 'max' / getOption(""max.print"") -- omitted 9000 entries ]
"
"1","
"
"1","$matlow
"
"1","                "
"1","          lag0"
"1","          lag1"
"1","          lag2"
"1","
29              "
"1"," -7.906985e-03"
"1"," -7.653346e-03"
"1"," -7.409763e-03"
"1","
29.000500050005 "
"1"," -7.896332e-03"
"1"," -7.643217e-03"
"1"," -7.400147e-03"
"1","
29.00100010001  "
"1"," -7.885681e-03"
"1"," -7.633091e-03"
"1"," -7.390533e-03"
"1","
29.001500150015 "
"1"," -7.875033e-03"
"1"," -7.622967e-03"
"1"," -7.380920e-03"
"1","
29.00200020002  "
"1"," -7.864389e-03"
"1"," -7.612845e-03"
"1"," -7.371310e-03"
"1","
29.002500250025 "
"1"," -7.853747e-03"
"1"," -7.602726e-03"
"1"," -7.361702e-03"
"1","
29.00300030003  "
"1"," -7.843108e-03"
"1"," -7.592609e-03"
"1"," -7.352095e-03"
"1","
29.003500350035 "
"1"," -7.832472e-03"
"1"," -7.582495e-03"
"1"," -7.342491e-03"
"1","
29.00400040004  "
"1"," -7.821839e-03"
"1"," -7.572383e-03"
"1"," -7.332888e-03"
"1","
29.004500450045 "
"1"," -7.811208e-03"
"1"," -7.562273e-03"
"1"," -7.323287e-03"
"1","
29.00500050005  "
"1"," -7.800581e-03"
"1"," -7.552166e-03"
"1"," -7.313688e-03"
"1","
"
"1","                "
"1","          lag3"
"1","          lag4"
"1","          lag5"
"1","
29              "
"1"," -7.178362e-03"
"1"," -6.961794e-03"
"1"," -6.763387e-03"
"1","
29.000500050005 "
"1"," -7.169244e-03"
"1"," -6.953154e-03"
"1"," -6.755204e-03"
"1","
29.00100010001  "
"1"," -7.160127e-03"
"1"," -6.944516e-03"
"1"," -6.747020e-03"
"1","
29.001500150015 "
"1"," -7.151012e-03"
"1"," -6.935878e-03"
"1"," -6.738838e-03"
"1","
29.00200020002  "
"1"," -7.141898e-03"
"1"," -6.927242e-03"
"1"," -6.730655e-03"
"1","
29.002500250025 "
"1"," -7.132785e-03"
"1"," -6.918606e-03"
"1"," -6.722473e-03"
"1","
29.00300030003  "
"1"," -7.123674e-03"
"1"," -6.909972e-03"
"1"," -6.714292e-03"
"1","
29.003500350035 "
"1"," -7.114564e-03"
"1"," -6.901338e-03"
"1"," -6.706111e-03"
"1","
29.00400040004  "
"1"," -7.105456e-03"
"1"," -6.892705e-03"
"1"," -6.697930e-03"
"1","
29.004500450045 "
"1"," -7.096349e-03"
"1"," -6.884073e-03"
"1"," -6.689750e-03"
"1","
29.00500050005  "
"1"," -7.087243e-03"
"1"," -6.875442e-03"
"1"," -6.681571e-03"
"1","
"
"1","                "
"1","          lag6"
"1","          lag7"
"1","          lag8"
"1","
29              "
"1"," -6.587357e-03"
"1"," -6.439040e-03"
"1"," -6.325155e-03"
"1","
29.000500050005 "
"1"," -6.579599e-03"
"1"," -6.431672e-03"
"1"," -6.318132e-03"
"1","
29.00100010001  "
"1"," -6.571842e-03"
"1"," -6.424305e-03"
"1"," -6.311109e-03"
"1","
29.001500150015 "
"1"," -6.564085e-03"
"1"," -6.416937e-03"
"1"," -6.304084e-03"
"1","
29.00200020002  "
"1"," -6.556328e-03"
"1"," -6.409568e-03"
"1"," -6.297059e-03"
"1","
29.002500250025 "
"1"," -6.548570e-03"
"1"," -6.402200e-03"
"1"," -6.290033e-03"
"1","
29.00300030003  "
"1"," -6.540813e-03"
"1"," -6.394830e-03"
"1"," -6.283005e-03"
"1","
29.003500350035 "
"1"," -6.533056e-03"
"1"," -6.387460e-03"
"1"," -6.275977e-03"
"1","
29.00400040004  "
"1"," -6.525299e-03"
"1"," -6.380090e-03"
"1"," -6.268948e-03"
"1","
29.004500450045 "
"1"," -6.517541e-03"
"1"," -6.372719e-03"
"1"," -6.261918e-03"
"1","
29.00500050005  "
"1"," -6.509784e-03"
"1"," -6.365347e-03"
"1"," -6.254887e-03"
"1","
"
"1","                "
"1","          lag9"
"1","         lag10"
"1","         lag11"
"1","
29              "
"1"," -6.253994e-03"
"1"," -6.235382e-03"
"1"," -6.280095e-03"
"1","
29.000500050005 "
"1"," -6.247259e-03"
"1"," -6.228862e-03"
"1"," -6.273702e-03"
"1","
29.00100010001  "
"1"," -6.240522e-03"
"1"," -6.222340e-03"
"1"," -6.267307e-03"
"1","
29.001500150015 "
"1"," -6.233784e-03"
"1"," -6.215817e-03"
"1"," -6.260910e-03"
"1","
29.00200020002  "
"1"," -6.227044e-03"
"1"," -6.209291e-03"
"1"," -6.254511e-03"
"1","
29.002500250025 "
"1"," -6.220304e-03"
"1"," -6.202764e-03"
"1"," -6.248110e-03"
"1","
29.00300030003  "
"1"," -6.213561e-03"
"1"," -6.196236e-03"
"1"," -6.241706e-03"
"1","
29.003500350035 "
"1"," -6.206818e-03"
"1"," -6.189705e-03"
"1"," -6.235301e-03"
"1","
29.00400040004  "
"1"," -6.200073e-03"
"1"," -6.183173e-03"
"1"," -6.228893e-03"
"1","
29.004500450045 "
"1"," -6.193326e-03"
"1"," -6.176638e-03"
"1"," -6.222483e-03"
"1","
29.00500050005  "
"1"," -6.186579e-03"
"1"," -6.170102e-03"
"1"," -6.216070e-03"
"1","
"
"1","                "
"1","         lag12"
"1","         lag13"
"1","         lag14"
"1","
29              "
"1"," -6.398372e-03"
"1"," -6.597357e-03"
"1"," -6.878056e-03"
"1","
29.000500050005 "
"1"," -6.392002e-03"
"1"," -6.590890e-03"
"1"," -6.871370e-03"
"1","
29.00100010001  "
"1"," -6.385629e-03"
"1"," -6.584421e-03"
"1"," -6.864680e-03"
"1","
29.001500150015 "
"1"," -6.379253e-03"
"1"," -6.577948e-03"
"1"," -6.857987e-03"
"1","
29.00200020002  "
"1"," -6.372875e-03"
"1"," -6.571473e-03"
"1"," -6.851290e-03"
"1","
29.002500250025 "
"1"," -6.366495e-03"
"1"," -6.564994e-03"
"1"," -6.844591e-03"
"1","
29.00300030003  "
"1"," -6.360112e-03"
"1"," -6.558513e-03"
"1"," -6.837889e-03"
"1","
29.003500350035 "
"1"," -6.353726e-03"
"1"," -6.552029e-03"
"1"," -6.831183e-03"
"1","
29.00400040004  "
"1"," -6.347338e-03"
"1"," -6.545542e-03"
"1"," -6.824474e-03"
"1","
29.004500450045 "
"1"," -6.340947e-03"
"1"," -6.539053e-03"
"1"," -6.817762e-03"
"1","
29.00500050005  "
"1"," -6.334554e-03"
"1"," -6.532560e-03"
"1"," -6.811047e-03"
"1","
"
"1","                "
"1","         lag15"
"1","         lag16"
"1","         lag17"
"1","
29              "
"1"," -7.233312e-03"
"1"," -7.648199e-03"
"1"," -8.102775e-03"
"1","
29.000500050005 "
"1"," -7.226289e-03"
"1"," -7.640744e-03"
"1"," -8.094819e-03"
"1","
29.00100010001  "
"1"," -7.219263e-03"
"1"," -7.633285e-03"
"1"," -8.086860e-03"
"1","
29.001500150015 "
"1"," -7.212233e-03"
"1"," -7.625822e-03"
"1"," -8.078896e-03"
"1","
29.00200020002  "
"1"," -7.205200e-03"
"1"," -7.618356e-03"
"1"," -8.070929e-03"
"1","
29.002500250025 "
"1"," -7.198164e-03"
"1"," -7.610887e-03"
"1"," -8.062958e-03"
"1","
29.00300030003  "
"1"," -7.191124e-03"
"1"," -7.603414e-03"
"1"," -8.054984e-03"
"1","
29.003500350035 "
"1"," -7.184080e-03"
"1"," -7.595937e-03"
"1"," -8.047005e-03"
"1","
29.00400040004  "
"1"," -7.177034e-03"
"1"," -7.588456e-03"
"1"," -8.039023e-03"
"1","
29.004500450045 "
"1"," -7.169984e-03"
"1"," -7.580972e-03"
"1"," -8.031037e-03"
"1","
29.00500050005  "
"1"," -7.162930e-03"
"1"," -7.573485e-03"
"1"," -8.023047e-03"
"1","
"
"1","                "
"1","         lag18"
"1","         lag19"
"1","         lag20"
"1","
29              "
"1"," -8.575588e-03"
"1"," -9.046372e-03"
"1"," -9.497393e-03"
"1","
29.000500050005 "
"1"," -8.567094e-03"
"1"," -9.037329e-03"
"1"," -9.487817e-03"
"1","
29.00100010001  "
"1"," -8.558595e-03"
"1"," -9.028283e-03"
"1"," -9.478237e-03"
"1","
29.001500150015 "
"1"," -8.550093e-03"
"1"," -9.019232e-03"
"1"," -9.468653e-03"
"1","
29.00200020002  "
"1"," -8.541587e-03"
"1"," -9.010178e-03"
"1"," -9.459065e-03"
"1","
29.002500250025 "
"1"," -8.533077e-03"
"1"," -9.001119e-03"
"1"," -9.449473e-03"
"1","
29.00300030003  "
"1"," -8.524563e-03"
"1"," -8.992057e-03"
"1"," -9.439877e-03"
"1","
29.003500350035 "
"1"," -8.516046e-03"
"1"," -8.982990e-03"
"1"," -9.430276e-03"
"1","
29.00400040004  "
"1"," -8.507524e-03"
"1"," -8.973920e-03"
"1"," -9.420672e-03"
"1","
29.004500450045 "
"1"," -8.498998e-03"
"1"," -8.964845e-03"
"1"," -9.411063e-03"
"1","
29.00500050005  "
"1"," -8.490469e-03"
"1"," -8.955767e-03"
"1"," -9.401451e-03"
"1","
"
"1","                "
"1","         lag21"
"1","         lag22"
"1","         lag23"
"1","
29              "
"1"," -9.913750e-03"
"1"," -1.028311e-02"
"1"," -1.059526e-02"
"1","
29.000500050005 "
"1"," -9.903675e-03"
"1"," -1.027259e-02"
"1"," -1.058436e-02"
"1","
29.00100010001  "
"1"," -9.893596e-03"
"1"," -1.026206e-02"
"1"," -1.057344e-02"
"1","
29.001500150015 "
"1"," -9.883513e-03"
"1"," -1.025153e-02"
"1"," -1.056253e-02"
"1","
29.00200020002  "
"1"," -9.873426e-03"
"1"," -1.024099e-02"
"1"," -1.055161e-02"
"1","
29.002500250025 "
"1"," -9.863335e-03"
"1"," -1.023045e-02"
"1"," -1.054068e-02"
"1","
29.00300030003  "
"1"," -9.853239e-03"
"1"," -1.021991e-02"
"1"," -1.052975e-02"
"1","
29.003500350035 "
"1"," -9.843140e-03"
"1"," -1.020936e-02"
"1"," -1.051882e-02"
"1","
29.00400040004  "
"1"," -9.833036e-03"
"1"," -1.019881e-02"
"1"," -1.050788e-02"
"1","
29.004500450045 "
"1"," -9.822928e-03"
"1"," -1.018825e-02"
"1"," -1.049694e-02"
"1","
29.00500050005  "
"1"," -9.812816e-03"
"1"," -1.017769e-02"
"1"," -1.048599e-02"
"1","
"
"1","                "
"1","         lag24"
"1","         lag25"
"1","         lag26"
"1","
29              "
"1"," -1.084169e-02"
"1"," -1.101519e-02"
"1"," -1.110961e-02"
"1","
29.000500050005 "
"1"," -1.083047e-02"
"1"," -1.100374e-02"
"1"," -1.109802e-02"
"1","
29.00100010001  "
"1"," -1.081925e-02"
"1"," -1.099229e-02"
"1"," -1.108643e-02"
"1","
29.001500150015 "
"1"," -1.080802e-02"
"1"," -1.098084e-02"
"1"," -1.107484e-02"
"1","
29.00200020002  "
"1"," -1.079679e-02"
"1"," -1.096938e-02"
"1"," -1.106324e-02"
"1","
29.002500250025 "
"1"," -1.078555e-02"
"1"," -1.095791e-02"
"1"," -1.105164e-02"
"1","
29.00300030003  "
"1"," -1.077431e-02"
"1"," -1.094644e-02"
"1"," -1.104003e-02"
"1","
29.003500350035 "
"1"," -1.076307e-02"
"1"," -1.093497e-02"
"1"," -1.102842e-02"
"1","
29.00400040004  "
"1"," -1.075182e-02"
"1"," -1.092349e-02"
"1"," -1.101680e-02"
"1","
29.004500450045 "
"1"," -1.074057e-02"
"1"," -1.091201e-02"
"1"," -1.100519e-02"
"1","
29.00500050005  "
"1"," -1.072931e-02"
"1"," -1.090053e-02"
"1"," -1.099356e-02"
"1","
"
"1","                "
"1","         lag27"
"1","         lag28"
"1","         lag29"
"1","
29              "
"1"," -1.111966e-02"
"1"," -1.104080e-02"
"1"," -1.086971e-02"
"1","
29.000500050005 "
"1"," -1.110803e-02"
"1"," -1.102923e-02"
"1"," -1.085830e-02"
"1","
29.00100010001  "
"1"," -1.109640e-02"
"1"," -1.101765e-02"
"1"," -1.084689e-02"
"1","
29.001500150015 "
"1"," -1.108476e-02"
"1"," -1.100608e-02"
"1"," -1.083547e-02"
"1","
29.00200020002  "
"1"," -1.107312e-02"
"1"," -1.099449e-02"
"1"," -1.082405e-02"
"1","
29.002500250025 "
"1"," -1.106147e-02"
"1"," -1.098291e-02"
"1"," -1.081263e-02"
"1","
29.00300030003  "
"1"," -1.104982e-02"
"1"," -1.097131e-02"
"1"," -1.080120e-02"
"1","
29.003500350035 "
"1"," -1.103817e-02"
"1"," -1.095972e-02"
"1"," -1.078977e-02"
"1","
29.00400040004  "
"1"," -1.102651e-02"
"1"," -1.094812e-02"
"1"," -1.077833e-02"
"1","
29.004500450045 "
"1"," -1.101485e-02"
"1"," -1.093652e-02"
"1"," -1.076690e-02"
"1","
29.00500050005  "
"1"," -1.100319e-02"
"1"," -1.092491e-02"
"1"," -1.075545e-02"
"1","
"
"1","                "
"1","         lag30"
"1","         lag31"
"1","         lag32"
"1","
29              "
"1"," -1.060972e-02"
"1"," -1.026851e-02"
"1"," -9.854254e-03"
"1","
29.000500050005 "
"1"," -1.059857e-02"
"1"," -1.025772e-02"
"1"," -9.843898e-03"
"1","
29.00100010001  "
"1"," -1.058742e-02"
"1"," -1.024692e-02"
"1"," -9.833538e-03"
"1","
29.001500150015 "
"1"," -1.057627e-02"
"1"," -1.023612e-02"
"1"," -9.823174e-03"
"1","
29.00200020002  "
"1"," -1.056511e-02"
"1"," -1.022532e-02"
"1"," -9.812807e-03"
"1","
29.002500250025 "
"1"," -1.055395e-02"
"1"," -1.021451e-02"
"1"," -9.802437e-03"
"1","
29.00300030003  "
"1"," -1.054279e-02"
"1"," -1.020370e-02"
"1"," -9.792063e-03"
"1","
29.003500350035 "
"1"," -1.053162e-02"
"1"," -1.019289e-02"
"1"," -9.781685e-03"
"1","
29.00400040004  "
"1"," -1.052045e-02"
"1"," -1.018207e-02"
"1"," -9.771305e-03"
"1","
29.004500450045 "
"1"," -1.050927e-02"
"1"," -1.017125e-02"
"1"," -9.760920e-03"
"1","
29.00500050005  "
"1"," -1.049809e-02"
"1"," -1.016043e-02"
"1"," -9.750533e-03"
"1","
"
"1","                "
"1","         lag33"
"1","         lag34"
"1","         lag35"
"1","
29              "
"1"," -9.375519e-03"
"1"," -8.841227e-03"
"1"," -8.260660e-03"
"1","
29.000500050005 "
"1"," -9.365669e-03"
"1"," -8.831943e-03"
"1"," -8.251992e-03"
"1","
29.00100010001  "
"1"," -9.355815e-03"
"1"," -8.822657e-03"
"1"," -8.243322e-03"
"1","
29.001500150015 "
"1"," -9.345958e-03"
"1"," -8.813367e-03"
"1"," -8.234648e-03"
"1","
29.00200020002  "
"1"," -9.336098e-03"
"1"," -8.804074e-03"
"1"," -8.225972e-03"
"1","
29.002500250025 "
"1"," -9.326235e-03"
"1"," -8.794778e-03"
"1"," -8.217293e-03"
"1","
29.00300030003  "
"1"," -9.316368e-03"
"1"," -8.785479e-03"
"1"," -8.208611e-03"
"1","
29.003500350035 "
"1"," -9.306498e-03"
"1"," -8.776177e-03"
"1"," -8.199926e-03"
"1","
29.00400040004  "
"1"," -9.296625e-03"
"1"," -8.766872e-03"
"1"," -8.191238e-03"
"1","
29.004500450045 "
"1"," -9.286749e-03"
"1"," -8.757564e-03"
"1"," -8.182548e-03"
"1","
29.00500050005  "
"1"," -9.276869e-03"
"1"," -8.748253e-03"
"1"," -8.173854e-03"
"1","
"
"1","                "
"1","         lag36"
"1","         lag37"
"1","         lag38"
"1","
29              "
"1"," -7.643440e-03"
"1"," -6.999492e-03"
"1"," -6.338973e-03"
"1","
29.000500050005 "
"1"," -7.635425e-03"
"1"," -6.992156e-03"
"1"," -6.332330e-03"
"1","
29.00100010001  "
"1"," -7.627408e-03"
"1"," -6.984818e-03"
"1"," -6.325685e-03"
"1","
29.001500150015 "
"1"," -7.619389e-03"
"1"," -6.977478e-03"
"1"," -6.319038e-03"
"1","
29.00200020002  "
"1"," -7.611366e-03"
"1"," -6.970136e-03"
"1"," -6.312389e-03"
"1","
29.002500250025 "
"1"," -7.603342e-03"
"1"," -6.962791e-03"
"1"," -6.305738e-03"
"1","
29.00300030003  "
"1"," -7.595314e-03"
"1"," -6.955444e-03"
"1"," -6.299085e-03"
"1","
29.003500350035 "
"1"," -7.587284e-03"
"1"," -6.948094e-03"
"1"," -6.292430e-03"
"1","
29.00400040004  "
"1"," -7.579252e-03"
"1"," -6.940743e-03"
"1"," -6.285772e-03"
"1","
29.004500450045 "
"1"," -7.571216e-03"
"1"," -6.933388e-03"
"1"," -6.279113e-03"
"1","
29.00500050005  "
"1"," -7.563178e-03"
"1"," -6.926032e-03"
"1"," -6.272451e-03"
"1","
"
"1","                "
"1","         lag39"
"1","         lag40"
"1","         lag41"
"1","
29              "
"1"," -5.672143e-03"
"1"," -5.009147e-03"
"1"," -4.359716e-03"
"1","
29.000500050005 "
"1"," -5.666194e-03"
"1"," -5.003882e-03"
"1"," -4.355114e-03"
"1","
29.00100010001  "
"1"," -5.660243e-03"
"1"," -4.998615e-03"
"1"," -4.350511e-03"
"1","
29.001500150015 "
"1"," -5.654291e-03"
"1"," -4.993347e-03"
"1"," -4.345907e-03"
"1","
29.00200020002  "
"1"," -5.648337e-03"
"1"," -4.988078e-03"
"1"," -4.341301e-03"
"1","
29.002500250025 "
"1"," -5.642381e-03"
"1"," -4.982807e-03"
"1"," -4.336695e-03"
"1","
29.00300030003  "
"1"," -5.636423e-03"
"1"," -4.977535e-03"
"1"," -4.332087e-03"
"1","
29.003500350035 "
"1"," -5.630463e-03"
"1"," -4.972261e-03"
"1"," -4.327478e-03"
"1","
29.00400040004  "
"1"," -5.624502e-03"
"1"," -4.966986e-03"
"1"," -4.322868e-03"
"1","
29.004500450045 "
"1"," -5.618539e-03"
"1"," -4.961709e-03"
"1"," -4.318257e-03"
"1","
29.00500050005  "
"1"," -5.612574e-03"
"1"," -4.956431e-03"
"1"," -4.313645e-03"
"1","
"
"1","                "
"1","         lag42"
"1","         lag43"
"1","         lag44"
"1","
29              "
"1"," -3.732773e-03"
"1"," -3.135991e-03"
"1"," -2.575383e-03"
"1","
29.000500050005 "
"1"," -3.728804e-03"
"1"," -3.132617e-03"
"1"," -2.572561e-03"
"1","
29.00100010001  "
"1"," -3.724834e-03"
"1"," -3.129242e-03"
"1"," -2.569738e-03"
"1","
29.001500150015 "
"1"," -3.720863e-03"
"1"," -3.125867e-03"
"1"," -2.566915e-03"
"1","
29.00200020002  "
"1"," -3.716891e-03"
"1"," -3.122491e-03"
"1"," -2.564092e-03"
"1","
29.002500250025 "
"1"," -3.712919e-03"
"1"," -3.119115e-03"
"1"," -2.561269e-03"
"1","
29.00300030003  "
"1"," -3.708945e-03"
"1"," -3.115738e-03"
"1"," -2.558446e-03"
"1","
29.003500350035 "
"1"," -3.704971e-03"
"1"," -3.112360e-03"
"1"," -2.555623e-03"
"1","
29.00400040004  "
"1"," -3.700996e-03"
"1"," -3.108983e-03"
"1"," -2.552800e-03"
"1","
29.004500450045 "
"1"," -3.697020e-03"
"1"," -3.105604e-03"
"1"," -2.549976e-03"
"1","
29.00500050005  "
"1"," -3.693043e-03"
"1"," -3.102226e-03"
"1"," -2.547152e-03"
"1","
"
"1","                "
"1","         lag45"
"1","         lag46"
"1","         lag47"
"1","
29              "
"1"," -2.055012e-03"
"1"," -1.576910e-03"
"1"," -1.141231e-03"
"1","
29.000500050005 "
"1"," -2.052696e-03"
"1"," -1.575055e-03"
"1"," -1.139793e-03"
"1","
29.00100010001  "
"1"," -2.050380e-03"
"1"," -1.573200e-03"
"1"," -1.138356e-03"
"1","
29.001500150015 "
"1"," -2.048065e-03"
"1"," -1.571346e-03"
"1"," -1.136920e-03"
"1","
29.00200020002  "
"1"," -2.045749e-03"
"1"," -1.569493e-03"
"1"," -1.135484e-03"
"1","
29.002500250025 "
"1"," -2.043434e-03"
"1"," -1.567640e-03"
"1"," -1.134050e-03"
"1","
29.00300030003  "
"1"," -2.041119e-03"
"1"," -1.565787e-03"
"1"," -1.132616e-03"
"1","
29.003500350035 "
"1"," -2.038804e-03"
"1"," -1.563935e-03"
"1"," -1.131183e-03"
"1","
29.00400040004  "
"1"," -2.036490e-03"
"1"," -1.562084e-03"
"1"," -1.129751e-03"
"1","
29.004500450045 "
"1"," -2.034175e-03"
"1"," -1.560233e-03"
"1"," -1.128319e-03"
"1","
29.00500050005  "
"1"," -2.031861e-03"
"1"," -1.558382e-03"
"1"," -1.126889e-03"
"1","
"
"1","                "
"1","         lag48"
"1","         lag49"
"1","         lag50"
"1","
29              "
"1"," -7.465957e-04"
"1"," -3.905487e-04"
"1"," -7.002167e-05"
"1","
29.000500050005 "
"1"," -7.455349e-04"
"1"," -3.898293e-04"
"1"," -6.961339e-05"
"1","
29.00100010001  "
"1"," -7.444752e-04"
"1"," -3.891114e-04"
"1"," -6.920672e-05"
"1","
29.001500150015 "
"1"," -7.434165e-04"
"1"," -3.883948e-04"
"1"," -6.880164e-05"
"1","
29.00200020002  "
"1"," -7.423590e-04"
"1"," -3.876796e-04"
"1"," -6.839817e-05"
"1","
29.002500250025 "
"1"," -7.413026e-04"
"1"," -3.869657e-04"
"1"," -6.799628e-05"
"1","
29.00300030003  "
"1"," -7.402473e-04"
"1"," -3.862532e-04"
"1"," -6.759599e-05"
"1","
29.003500350035 "
"1"," -7.391931e-04"
"1"," -3.855421e-04"
"1"," -6.719728e-05"
"1","
29.00400040004  "
"1"," -7.381400e-04"
"1"," -3.848323e-04"
"1"," -6.680017e-05"
"1","
29.004500450045 "
"1"," -7.370880e-04"
"1"," -3.841239e-04"
"1"," -6.640464e-05"
"1","
29.00500050005  "
"1"," -7.360371e-04"
"1"," -3.834168e-04"
"1"," -6.601070e-05"
"1","
"
"1","                "
"1","         lag51"
"1","         lag52"
"1","         lag53"
"1","
29              "
"1","  2.182624e-04"
"1","  4.774815e-04"
"1","  7.104993e-04"
"1","
29.000500050005 "
"1","  2.183850e-04"
"1","  4.773386e-04"
"1","  7.101070e-04"
"1","
29.00100010001  "
"1","  2.185057e-04"
"1","  4.771939e-04"
"1","  7.097127e-04"
"1","
29.001500150015 "
"1","  2.186246e-04"
"1","  4.770471e-04"
"1","  7.093163e-04"
"1","
29.00200020002  "
"1","  2.187418e-04"
"1","  4.768984e-04"
"1","  7.089178e-04"
"1","
29.002500250025 "
"1","  2.188571e-04"
"1","  4.767478e-04"
"1","  7.085172e-04"
"1","
29.00300030003  "
"1","  2.189707e-04"
"1","  4.765952e-04"
"1","  7.081145e-04"
"1","
29.003500350035 "
"1","  2.190825e-04"
"1","  4.764406e-04"
"1","  7.077098e-04"
"1","
29.00400040004  "
"1","  2.191925e-04"
"1","  4.762841e-04"
"1","  7.073030e-04"
"1","
29.004500450045 "
"1","  2.193007e-04"
"1","  4.761256e-04"
"1","  7.068941e-04"
"1","
29.00500050005  "
"1","  2.194071e-04"
"1","  4.759653e-04"
"1","  7.064831e-04"
"1","
"
"1","                "
"1","         lag54"
"1","         lag55"
"1","         lag56"
"1","
29              "
"1","  9.197251e-04"
"1","  1.107018e-03"
"1","  1.273608e-03"
"1","
29.000500050005 "
"1","  9.190955e-04"
"1","  1.106160e-03"
"1","  1.272528e-03"
"1","
29.00100010001  "
"1","  9.184636e-04"
"1","  1.105299e-03"
"1","  1.271445e-03"
"1","
29.001500150015 "
"1","  9.178296e-04"
"1","  1.104437e-03"
"1","  1.270361e-03"
"1","
29.00200020002  "
"1","  9.171935e-04"
"1","  1.103572e-03"
"1","  1.269274e-03"
"1","
29.002500250025 "
"1","  9.165552e-04"
"1","  1.102705e-03"
"1","  1.268185e-03"
"1","
29.00300030003  "
"1","  9.159147e-04"
"1","  1.101836e-03"
"1","  1.267094e-03"
"1","
29.003500350035 "
"1","  9.152720e-04"
"1","  1.100964e-03"
"1","  1.266001e-03"
"1","
29.00400040004  "
"1","  9.146273e-04"
"1","  1.100091e-03"
"1","  1.264905e-03"
"1","
29.004500450045 "
"1","  9.139803e-04"
"1","  1.099215e-03"
"1","  1.263808e-03"
"1","
29.00500050005  "
"1","  9.133312e-04"
"1","  1.098337e-03"
"1","  1.262708e-03"
"1","
"
"1","                "
"1","         lag57"
"1","         lag58"
"1","         lag59"
"1","
29              "
"1","  1.420010e-03"
"1","  1.546186e-03"
"1","  1.651485e-03"
"1","
29.000500050005 "
"1","  1.418714e-03"
"1","  1.544678e-03"
"1","  1.649774e-03"
"1","
29.00100010001  "
"1","  1.417415e-03"
"1","  1.543168e-03"
"1","  1.648060e-03"
"1","
29.001500150015 "
"1","  1.416113e-03"
"1","  1.541655e-03"
"1","  1.646345e-03"
"1","
29.00200020002  "
"1","  1.414810e-03"
"1","  1.540141e-03"
"1","  1.644628e-03"
"1","
29.002500250025 "
"1","  1.413505e-03"
"1","  1.538625e-03"
"1","  1.642909e-03"
"1","
29.00300030003  "
"1","  1.412197e-03"
"1","  1.537107e-03"
"1","  1.641188e-03"
"1","
29.003500350035 "
"1","  1.410888e-03"
"1","  1.535587e-03"
"1","  1.639465e-03"
"1","
29.00400040004  "
"1","  1.409576e-03"
"1","  1.534064e-03"
"1","  1.637741e-03"
"1","
29.004500450045 "
"1","  1.408262e-03"
"1","  1.532540e-03"
"1","  1.636014e-03"
"1","
29.00500050005  "
"1","  1.406946e-03"
"1","  1.531014e-03"
"1","  1.634286e-03"
"1","
"
"1","                "
"1","         lag60"
"1","         lag61"
"1","         lag62"
"1","
29              "
"1","  1.734117e-03"
"1","  1.791026e-03"
"1","  1.817740e-03"
"1","
29.000500050005 "
"1","  1.732214e-03"
"1","  1.788950e-03"
"1","  1.815516e-03"
"1","
29.00100010001  "
"1","  1.730309e-03"
"1","  1.786872e-03"
"1","  1.813291e-03"
"1","
29.001500150015 "
"1","  1.728403e-03"
"1","  1.784792e-03"
"1","  1.811065e-03"
"1","
29.00200020002  "
"1","  1.726495e-03"
"1","  1.782711e-03"
"1","  1.808837e-03"
"1","
29.002500250025 "
"1","  1.724585e-03"
"1","  1.780629e-03"
"1","  1.806609e-03"
"1","
29.00300030003  "
"1","  1.722674e-03"
"1","  1.778545e-03"
"1","  1.804379e-03"
"1","
29.003500350035 "
"1","  1.720761e-03"
"1","  1.776460e-03"
"1","  1.802148e-03"
"1","
29.00400040004  "
"1","  1.718846e-03"
"1","  1.774373e-03"
"1","  1.799915e-03"
"1","
29.004500450045 "
"1","  1.716930e-03"
"1","  1.772285e-03"
"1","  1.797682e-03"
"1","
29.00500050005  "
"1","  1.715012e-03"
"1","  1.770196e-03"
"1","  1.795447e-03"
"1","
"
"1","                "
"1","         lag63"
"1","         lag64"
"1","         lag65"
"1","
29              "
"1","  1.808160e-03"
"1","  1.754340e-03"
"1","  1.646359e-03"
"1","
29.000500050005 "
"1","  1.805826e-03"
"1","  1.751945e-03"
"1","  1.643971e-03"
"1","
29.00100010001  "
"1","  1.803490e-03"
"1","  1.749550e-03"
"1","  1.641583e-03"
"1","
29.001500150015 "
"1","  1.801154e-03"
"1","  1.747153e-03"
"1","  1.639194e-03"
"1","
29.00200020002  "
"1","  1.798816e-03"
"1","  1.744757e-03"
"1","  1.636805e-03"
"1","
29.002500250025 "
"1","  1.796478e-03"
"1","  1.742359e-03"
"1","  1.634415e-03"
"1","
29.00300030003  "
"1","  1.794139e-03"
"1","  1.739962e-03"
"1","  1.632026e-03"
"1","
29.003500350035 "
"1","  1.791799e-03"
"1","  1.737563e-03"
"1","  1.629636e-03"
"1","
29.00400040004  "
"1","  1.789458e-03"
"1","  1.735164e-03"
"1","  1.627246e-03"
"1","
29.004500450045 "
"1","  1.787116e-03"
"1","  1.732764e-03"
"1","  1.624855e-03"
"1","
29.00500050005  "
"1","  1.784774e-03"
"1","  1.730364e-03"
"1","  1.622465e-03"
"1","
"
"1","                "
"1","         lag66"
"1","         lag67"
"1","         lag68"
"1","
29              "
"1","  1.472448e-03"
"1","  1.219587e-03"
"1","  8.747767e-04"
"1","
29.000500050005 "
"1","  1.470152e-03"
"1","  1.217491e-03"
"1","  8.730054e-04"
"1","
29.00100010001  "
"1","  1.467857e-03"
"1","  1.215395e-03"
"1","  8.712348e-04"
"1","
29.001500150015 "
"1","  1.465561e-03"
"1","  1.213299e-03"
"1","  8.694649e-04"
"1","
29.00200020002  "
"1","  1.463266e-03"
"1","  1.211204e-03"
"1","  8.676956e-04"
"1","
29.002500250025 "
"1","  1.460970e-03"
"1","  1.209109e-03"
"1","  8.659269e-04"
"1","
29.00300030003  "
"1","  1.458675e-03"
"1","  1.207015e-03"
"1","  8.641589e-04"
"1","
29.003500350035 "
"1","  1.456380e-03"
"1","  1.204921e-03"
"1","  8.623915e-04"
"1","
29.00400040004  "
"1","  1.454085e-03"
"1","  1.202827e-03"
"1","  8.606248e-04"
"1","
29.004500450045 "
"1","  1.451790e-03"
"1","  1.200734e-03"
"1","  8.588588e-04"
"1","
29.00500050005  "
"1","  1.449495e-03"
"1","  1.198641e-03"
"1","  8.570934e-04"
"1","
"
"1","                "
"1","         lag69"
"1","         lag70"
"1","         lag71"
"1","
29              "
"1","  4.268878e-04"
"1"," -1.313801e-04"
"1"," -8.022319e-04"
"1","
29.000500050005 "
"1","  4.255821e-04"
"1"," -1.320719e-04"
"1"," -8.021620e-04"
"1","
29.00100010001  "
"1","  4.242774e-04"
"1"," -1.327624e-04"
"1"," -8.020907e-04"
"1","
29.001500150015 "
"1","  4.229736e-04"
"1"," -1.334518e-04"
"1"," -8.020179e-04"
"1","
29.00200020002  "
"1","  4.216707e-04"
"1"," -1.341400e-04"
"1"," -8.019437e-04"
"1","
29.002500250025 "
"1","  4.203687e-04"
"1"," -1.348270e-04"
"1"," -8.018681e-04"
"1","
29.00300030003  "
"1","  4.190677e-04"
"1"," -1.355129e-04"
"1"," -8.017910e-04"
"1","
29.003500350035 "
"1","  4.177676e-04"
"1"," -1.361975e-04"
"1"," -8.017124e-04"
"1","
29.00400040004  "
"1","  4.164684e-04"
"1"," -1.368809e-04"
"1"," -8.016325e-04"
"1","
29.004500450045 "
"1","  4.151702e-04"
"1"," -1.375631e-04"
"1"," -8.015510e-04"
"1","
29.00500050005  "
"1","  4.138730e-04"
"1"," -1.382442e-04"
"1"," -8.014681e-04"
"1","
"
"1","                "
"1","         lag72"
"1","         lag73"
"1","         lag74"
"1","
29              "
"1"," -1.582756e-03"
"1"," -2.466038e-03"
"1"," -3.442779e-03"
"1","
29.000500050005 "
"1"," -1.581784e-03"
"1"," -2.464037e-03"
"1"," -3.439634e-03"
"1","
29.00100010001  "
"1"," -1.580811e-03"
"1"," -2.462033e-03"
"1"," -3.436487e-03"
"1","
29.001500150015 "
"1"," -1.579836e-03"
"1"," -2.460028e-03"
"1"," -3.433338e-03"
"1","
29.00200020002  "
"1"," -1.578859e-03"
"1"," -2.458021e-03"
"1"," -3.430186e-03"
"1","
29.002500250025 "
"1"," -1.577880e-03"
"1"," -2.456012e-03"
"1"," -3.427033e-03"
"1","
29.00300030003  "
"1"," -1.576900e-03"
"1"," -2.454001e-03"
"1"," -3.423877e-03"
"1","
29.003500350035 "
"1"," -1.575919e-03"
"1"," -2.451988e-03"
"1"," -3.420719e-03"
"1","
29.00400040004  "
"1"," -1.574935e-03"
"1"," -2.449973e-03"
"1"," -3.417559e-03"
"1","
29.004500450045 "
"1"," -1.573950e-03"
"1"," -2.447956e-03"
"1"," -3.414397e-03"
"1","
29.00500050005  "
"1"," -1.572963e-03"
"1"," -2.445937e-03"
"1"," -3.411232e-03"
"1","
"
"1","                "
"1","         lag75"
"1","         lag76"
"1","         lag77"
"1","
29              "
"1"," -4.502763e-03"
"1"," -5.635859e-03"
"1"," -6.832559e-03"
"1","
29.000500050005 "
"1"," -4.498375e-03"
"1"," -5.630141e-03"
"1"," -6.825437e-03"
"1","
29.00100010001  "
"1"," -4.493984e-03"
"1"," -5.624421e-03"
"1"," -6.818312e-03"
"1","
29.001500150015 "
"1"," -4.489591e-03"
"1"," -5.618698e-03"
"1"," -6.811184e-03"
"1","
29.00200020002  "
"1"," -4.485196e-03"
"1"," -5.612972e-03"
"1"," -6.804053e-03"
"1","
29.002500250025 "
"1"," -4.480798e-03"
"1"," -5.607244e-03"
"1"," -6.796920e-03"
"1","
29.00300030003  "
"1"," -4.476398e-03"
"1"," -5.601513e-03"
"1"," -6.789783e-03"
"1","
29.003500350035 "
"1"," -4.471995e-03"
"1"," -5.595779e-03"
"1"," -6.782644e-03"
"1","
29.00400040004  "
"1"," -4.467590e-03"
"1"," -5.590043e-03"
"1"," -6.775502e-03"
"1","
29.004500450045 "
"1"," -4.463183e-03"
"1"," -5.584304e-03"
"1"," -6.768357e-03"
"1","
29.00500050005  "
"1"," -4.458773e-03"
"1"," -5.578563e-03"
"1"," -6.761210e-03"
"1","
"
"1","                "
"1","         lag78"
"1","         lag79"
"1","         lag80"
"1","
29              "
"1"," -8.084168e-03"
"1"," -9.382812e-03"
"1"," -1.072135e-02"
"1","
29.000500050005 "
"1"," -8.075577e-03"
"1"," -9.372698e-03"
"1"," -1.070967e-02"
"1","
29.00100010001  "
"1"," -8.066984e-03"
"1"," -9.362582e-03"
"1"," -1.069798e-02"
"1","
29.001500150015 "
"1"," -8.058387e-03"
"1"," -9.352462e-03"
"1"," -1.068629e-02"
"1","
29.00200020002  "
"1"," -8.049787e-03"
"1"," -9.342339e-03"
"1"," -1.067460e-02"
"1","
29.002500250025 "
"1"," -8.041185e-03"
"1"," -9.332212e-03"
"1"," -1.066290e-02"
"1","
29.00300030003  "
"1"," -8.032579e-03"
"1"," -9.322082e-03"
"1"," -1.065120e-02"
"1","
29.003500350035 "
"1"," -8.023970e-03"
"1"," -9.311949e-03"
"1"," -1.063950e-02"
"1","
29.00400040004  "
"1"," -8.015358e-03"
"1"," -9.301812e-03"
"1"," -1.062779e-02"
"1","
29.004500450045 "
"1"," -8.006743e-03"
"1"," -9.291672e-03"
"1"," -1.061608e-02"
"1","
29.00500050005  "
"1"," -7.998125e-03"
"1"," -9.281529e-03"
"1"," -1.060437e-02"
"1","
"
"1","                "
"1","         lag81"
"1","         lag82"
"1","         lag83"
"1","
29              "
"1"," -1.209328e-02"
"1"," -1.349257e-02"
"1"," -1.491365e-02"
"1","
29.000500050005 "
"1"," -1.207999e-02"
"1"," -1.347764e-02"
"1"," -1.489705e-02"
"1","
29.00100010001  "
"1"," -1.206669e-02"
"1"," -1.346271e-02"
"1"," -1.488045e-02"
"1","
29.001500150015 "
"1"," -1.205339e-02"
"1"," -1.344777e-02"
"1"," -1.486385e-02"
"1","
29.00200020002  "
"1"," -1.204009e-02"
"1"," -1.343283e-02"
"1"," -1.484724e-02"
"1","
29.002500250025 "
"1"," -1.202678e-02"
"1"," -1.341788e-02"
"1"," -1.483063e-02"
"1","
29.00300030003  "
"1"," -1.201348e-02"
"1"," -1.340293e-02"
"1"," -1.481401e-02"
"1","
29.003500350035 "
"1"," -1.200016e-02"
"1"," -1.338798e-02"
"1"," -1.479739e-02"
"1","
29.00400040004  "
"1"," -1.198685e-02"
"1"," -1.337302e-02"
"1"," -1.478076e-02"
"1","
29.004500450045 "
"1"," -1.197352e-02"
"1"," -1.335805e-02"
"1"," -1.476413e-02"
"1","
29.00500050005  "
"1"," -1.196020e-02"
"1"," -1.334309e-02"
"1"," -1.474750e-02"
"1","
"
"1","                "
"1","         lag84"
"1","         lag85"
"1","
29              "
"1"," -1.635123e-02"
"1"," -1.780032e-02"
"1","
29.000500050005 "
"1"," -1.633295e-02"
"1"," -1.778034e-02"
"1","
29.00100010001  "
"1"," -1.631467e-02"
"1"," -1.776036e-02"
"1","
29.001500150015 "
"1"," -1.629638e-02"
"1"," -1.774037e-02"
"1","
29.00200020002  "
"1"," -1.627808e-02"
"1"," -1.772038e-02"
"1","
29.002500250025 "
"1"," -1.625979e-02"
"1"," -1.770038e-02"
"1","
29.00300030003  "
"1"," -1.624148e-02"
"1"," -1.768038e-02"
"1","
29.003500350035 "
"1"," -1.622318e-02"
"1"," -1.766038e-02"
"1","
29.00400040004  "
"1"," -1.620487e-02"
"1"," -1.764037e-02"
"1","
29.004500450045 "
"1"," -1.618655e-02"
"1"," -1.762035e-02"
"1","
29.00500050005  "
"1"," -1.616823e-02"
"1"," -1.760033e-02"
"1","
"
"1"," [ reached 'max' / getOption(""max.print"") -- omitted"
"1"," 9989 rows"
"1"," ]
"
"1","
"
"1","$mathigh
"
"1","                "
"1","         lag0"
"1","         lag1"
"1","         lag2"
"1","
29              "
"1"," 1.624269e-02"
"1"," 1.489962e-02"
"1"," 1.357019e-02"
"1","
29.000500050005 "
"1"," 1.622207e-02"
"1"," 1.488058e-02"
"1"," 1.355272e-02"
"1","
29.00100010001  "
"1"," 1.620146e-02"
"1"," 1.486155e-02"
"1"," 1.353525e-02"
"1","
29.001500150015 "
"1"," 1.618085e-02"
"1"," 1.484252e-02"
"1"," 1.351779e-02"
"1","
29.00200020002  "
"1"," 1.616025e-02"
"1"," 1.482350e-02"
"1"," 1.350033e-02"
"1","
29.002500250025 "
"1"," 1.613964e-02"
"1"," 1.480448e-02"
"1"," 1.348287e-02"
"1","
29.00300030003  "
"1"," 1.611904e-02"
"1"," 1.478545e-02"
"1"," 1.346542e-02"
"1","
29.003500350035 "
"1"," 1.609844e-02"
"1"," 1.476644e-02"
"1"," 1.344797e-02"
"1","
29.00400040004  "
"1"," 1.607784e-02"
"1"," 1.474742e-02"
"1"," 1.343052e-02"
"1","
29.004500450045 "
"1"," 1.605724e-02"
"1"," 1.472841e-02"
"1"," 1.341307e-02"
"1","
29.00500050005  "
"1"," 1.603665e-02"
"1"," 1.470939e-02"
"1"," 1.339562e-02"
"1","
"
"1","                "
"1","         lag3"
"1","         lag4"
"1","         lag5"
"1","
29              "
"1"," 1.226011e-02"
"1"," 1.097561e-02"
"1"," 9.723620e-03"
"1","
29.000500050005 "
"1"," 1.224418e-02"
"1"," 1.096120e-02"
"1"," 9.710686e-03"
"1","
29.00100010001  "
"1"," 1.222826e-02"
"1"," 1.094680e-02"
"1"," 9.697755e-03"
"1","
29.001500150015 "
"1"," 1.221234e-02"
"1"," 1.093239e-02"
"1"," 9.684827e-03"
"1","
29.00200020002  "
"1"," 1.219643e-02"
"1"," 1.091799e-02"
"1"," 9.671902e-03"
"1","
29.002500250025 "
"1"," 1.218051e-02"
"1"," 1.090359e-02"
"1"," 9.658979e-03"
"1","
29.00300030003  "
"1"," 1.216460e-02"
"1"," 1.088919e-02"
"1"," 9.646060e-03"
"1","
29.003500350035 "
"1"," 1.214869e-02"
"1"," 1.087480e-02"
"1"," 9.633143e-03"
"1","
29.00400040004  "
"1"," 1.213279e-02"
"1"," 1.086041e-02"
"1"," 9.620230e-03"
"1","
29.004500450045 "
"1"," 1.211688e-02"
"1"," 1.084602e-02"
"1"," 9.607319e-03"
"1","
29.00500050005  "
"1"," 1.210098e-02"
"1"," 1.083164e-02"
"1"," 9.594411e-03"
"1","
"
"1","                "
"1","         lag6"
"1","         lag7"
"1","         lag8"
"1","
29              "
"1"," 8.511924e-03"
"1"," 7.349447e-03"
"1"," 6.246494e-03"
"1","
29.000500050005 "
"1"," 8.500419e-03"
"1"," 7.339315e-03"
"1"," 6.237662e-03"
"1","
29.00100010001  "
"1"," 8.488918e-03"
"1"," 7.329185e-03"
"1"," 6.228834e-03"
"1","
29.001500150015 "
"1"," 8.477419e-03"
"1"," 7.319059e-03"
"1"," 6.220010e-03"
"1","
29.00200020002  "
"1"," 8.465924e-03"
"1"," 7.308936e-03"
"1"," 6.211188e-03"
"1","
29.002500250025 "
"1"," 8.454432e-03"
"1"," 7.298816e-03"
"1"," 6.202370e-03"
"1","
29.00300030003  "
"1"," 8.442942e-03"
"1"," 7.288699e-03"
"1"," 6.193556e-03"
"1","
29.003500350035 "
"1"," 8.431456e-03"
"1"," 7.278585e-03"
"1"," 6.184744e-03"
"1","
29.00400040004  "
"1"," 8.419973e-03"
"1"," 7.268475e-03"
"1"," 6.175936e-03"
"1","
29.004500450045 "
"1"," 8.408493e-03"
"1"," 7.258368e-03"
"1"," 6.167132e-03"
"1","
29.00500050005  "
"1"," 8.397016e-03"
"1"," 7.248264e-03"
"1"," 6.158331e-03"
"1","
"
"1","                "
"1","         lag9"
"1","        lag10"
"1","        lag11"
"1","
29              "
"1"," 5.214939e-03"
"1"," 4.268192e-03"
"1"," 3.420614e-03"
"1","
29.000500050005 "
"1"," 5.207323e-03"
"1"," 4.261688e-03"
"1"," 3.415099e-03"
"1","
29.00100010001  "
"1"," 5.199711e-03"
"1"," 4.255188e-03"
"1"," 3.409587e-03"
"1","
29.001500150015 "
"1"," 5.192102e-03"
"1"," 4.248692e-03"
"1"," 3.404080e-03"
"1","
29.00200020002  "
"1"," 5.184497e-03"
"1"," 4.242199e-03"
"1"," 3.398576e-03"
"1","
29.002500250025 "
"1"," 5.176895e-03"
"1"," 4.235710e-03"
"1"," 3.393076e-03"
"1","
29.00300030003  "
"1"," 5.169297e-03"
"1"," 4.229225e-03"
"1"," 3.387580e-03"
"1","
29.003500350035 "
"1"," 5.161703e-03"
"1"," 4.222743e-03"
"1"," 3.382088e-03"
"1","
29.00400040004  "
"1"," 5.154111e-03"
"1"," 4.216265e-03"
"1"," 3.376599e-03"
"1","
29.004500450045 "
"1"," 5.146524e-03"
"1"," 4.209791e-03"
"1"," 3.371115e-03"
"1","
29.00500050005  "
"1"," 5.138940e-03"
"1"," 4.203320e-03"
"1"," 3.365634e-03"
"1","
"
"1","                "
"1","        lag12"
"1","        lag13"
"1","        lag14"
"1","
29              "
"1"," 2.686028e-03"
"1"," 2.075162e-03"
"1"," 1.592607e-03"
"1","
29.000500050005 "
"1"," 2.681357e-03"
"1"," 2.071174e-03"
"1"," 1.589133e-03"
"1","
29.00100010001  "
"1"," 2.676690e-03"
"1"," 2.067191e-03"
"1"," 1.585664e-03"
"1","
29.001500150015 "
"1"," 2.672028e-03"
"1"," 2.063212e-03"
"1"," 1.582199e-03"
"1","
29.00200020002  "
"1"," 2.667369e-03"
"1"," 2.059237e-03"
"1"," 1.578738e-03"
"1","
29.002500250025 "
"1"," 2.662714e-03"
"1"," 2.055266e-03"
"1"," 1.575282e-03"
"1","
29.00300030003  "
"1"," 2.658063e-03"
"1"," 2.051300e-03"
"1"," 1.571830e-03"
"1","
29.003500350035 "
"1"," 2.653416e-03"
"1"," 2.047337e-03"
"1"," 1.568382e-03"
"1","
29.00400040004  "
"1"," 2.648774e-03"
"1"," 2.043379e-03"
"1"," 1.564939e-03"
"1","
29.004500450045 "
"1"," 2.644135e-03"
"1"," 2.039425e-03"
"1"," 1.561500e-03"
"1","
29.00500050005  "
"1"," 2.639500e-03"
"1"," 2.035475e-03"
"1"," 1.558065e-03"
"1","
"
"1","                "
"1","        lag15"
"1","         lag16"
"1","         lag17"
"1","
29              "
"1"," 1.234789e-03"
"1","  9.903682e-04"
"1","  8.429862e-04"
"1","
29.000500050005 "
"1"," 1.231663e-03"
"1","  9.874411e-04"
"1","  8.401327e-04"
"1","
29.00100010001  "
"1"," 1.228542e-03"
"1","  9.845187e-04"
"1","  8.372842e-04"
"1","
29.001500150015 "
"1"," 1.225425e-03"
"1","  9.816011e-04"
"1","  8.344407e-04"
"1","
29.00200020002  "
"1"," 1.222313e-03"
"1","  9.786883e-04"
"1","  8.316021e-04"
"1","
29.002500250025 "
"1"," 1.219206e-03"
"1","  9.757802e-04"
"1","  8.287685e-04"
"1","
29.00300030003  "
"1"," 1.216103e-03"
"1","  9.728768e-04"
"1","  8.259398e-04"
"1","
29.003500350035 "
"1"," 1.213004e-03"
"1","  9.699782e-04"
"1","  8.231162e-04"
"1","
29.00400040004  "
"1"," 1.209911e-03"
"1","  9.670843e-04"
"1","  8.202975e-04"
"1","
29.004500450045 "
"1"," 1.206821e-03"
"1","  9.641952e-04"
"1","  8.174837e-04"
"1","
29.00500050005  "
"1"," 1.203736e-03"
"1","  9.613109e-04"
"1","  8.146750e-04"
"1","
"
"1","                "
"1","         lag18"
"1","         lag19"
"1","         lag20"
"1","
29              "
"1","  7.747751e-04"
"1","  7.690528e-04"
"1","  8.116716e-04"
"1","
29.000500050005 "
"1","  7.718971e-04"
"1","  7.660771e-04"
"1","  8.085454e-04"
"1","
29.00100010001  "
"1","  7.690243e-04"
"1","  7.631067e-04"
"1","  8.054248e-04"
"1","
29.001500150015 "
"1","  7.661567e-04"
"1","  7.601417e-04"
"1","  8.023098e-04"
"1","
29.00200020002  "
"1","  7.632943e-04"
"1","  7.571821e-04"
"1","  7.992003e-04"
"1","
29.002500250025 "
"1","  7.604371e-04"
"1","  7.542279e-04"
"1","  7.960964e-04"
"1","
29.00300030003  "
"1","  7.575850e-04"
"1","  7.512790e-04"
"1","  7.929982e-04"
"1","
29.003500350035 "
"1","  7.547382e-04"
"1","  7.483356e-04"
"1","  7.899054e-04"
"1","
29.00400040004  "
"1","  7.518965e-04"
"1","  7.453976e-04"
"1","  7.868183e-04"
"1","
29.004500450045 "
"1","  7.490600e-04"
"1","  7.424649e-04"
"1","  7.837367e-04"
"1","
29.00500050005  "
"1","  7.462286e-04"
"1","  7.395376e-04"
"1","  7.806608e-04"
"1","
"
"1","                "
"1","         lag21"
"1","         lag22"
"1","         lag23"
"1","
29              "
"1","  8.913126e-04"
"1","  9.992274e-04"
"1","  1.128794e-03"
"1","
29.000500050005 "
"1","  8.879996e-04"
"1","  9.957039e-04"
"1","  1.125045e-03"
"1","
29.00100010001  "
"1","  8.846925e-04"
"1","  9.921863e-04"
"1","  1.121302e-03"
"1","
29.001500150015 "
"1","  8.813911e-04"
"1","  9.886746e-04"
"1","  1.117566e-03"
"1","
29.00200020002  "
"1","  8.780954e-04"
"1","  9.851688e-04"
"1","  1.113835e-03"
"1","
29.002500250025 "
"1","  8.748055e-04"
"1","  9.816688e-04"
"1","  1.110111e-03"
"1","
29.00300030003  "
"1","  8.715213e-04"
"1","  9.781748e-04"
"1","  1.106392e-03"
"1","
29.003500350035 "
"1","  8.682429e-04"
"1","  9.746867e-04"
"1","  1.102679e-03"
"1","
29.00400040004  "
"1","  8.649702e-04"
"1","  9.712044e-04"
"1","  1.098973e-03"
"1","
29.004500450045 "
"1","  8.617033e-04"
"1","  9.677281e-04"
"1","  1.095272e-03"
"1","
29.00500050005  "
"1","  8.584421e-04"
"1","  9.642576e-04"
"1","  1.091578e-03"
"1","
"
"1","                "
"1","         lag24"
"1","         lag25"
"1","         lag26"
"1","
29              "
"1","  1.275073e-03"
"1","  1.434449e-03"
"1","  1.604354e-03"
"1","
29.000500050005 "
"1","  1.271092e-03"
"1","  1.430233e-03"
"1","  1.599904e-03"
"1","
29.00100010001  "
"1","  1.267117e-03"
"1","  1.426023e-03"
"1","  1.595460e-03"
"1","
29.001500150015 "
"1","  1.263148e-03"
"1","  1.421819e-03"
"1","  1.591022e-03"
"1","
29.00200020002  "
"1","  1.259185e-03"
"1","  1.417621e-03"
"1","  1.586590e-03"
"1","
29.002500250025 "
"1","  1.255228e-03"
"1","  1.413429e-03"
"1","  1.582165e-03"
"1","
29.00300030003  "
"1","  1.251277e-03"
"1","  1.409243e-03"
"1","  1.577745e-03"
"1","
29.003500350035 "
"1","  1.247332e-03"
"1","  1.405064e-03"
"1","  1.573332e-03"
"1","
29.00400040004  "
"1","  1.243394e-03"
"1","  1.400890e-03"
"1","  1.568925e-03"
"1","
29.004500450045 "
"1","  1.239461e-03"
"1","  1.396723e-03"
"1","  1.564524e-03"
"1","
29.00500050005  "
"1","  1.235535e-03"
"1","  1.392562e-03"
"1","  1.560129e-03"
"1","
"
"1","                "
"1","         lag27"
"1","        lag28"
"1","        lag29"
"1","
29              "
"1","  1.783082e-03"
"1"," 1.969679e-03"
"1"," 2.163866e-03"
"1","
29.000500050005 "
"1","  1.778402e-03"
"1"," 1.964774e-03"
"1"," 2.158742e-03"
"1","
29.00100010001  "
"1","  1.773728e-03"
"1"," 1.959874e-03"
"1"," 2.153624e-03"
"1","
29.001500150015 "
"1","  1.769060e-03"
"1"," 1.954981e-03"
"1"," 2.148511e-03"
"1","
29.00200020002  "
"1","  1.764398e-03"
"1"," 1.950094e-03"
"1"," 2.143405e-03"
"1","
29.002500250025 "
"1","  1.759742e-03"
"1"," 1.945214e-03"
"1"," 2.138305e-03"
"1","
29.00300030003  "
"1","  1.755092e-03"
"1"," 1.940339e-03"
"1"," 2.133211e-03"
"1","
29.003500350035 "
"1","  1.750449e-03"
"1"," 1.935471e-03"
"1"," 2.128123e-03"
"1","
29.00400040004  "
"1","  1.745812e-03"
"1"," 1.930608e-03"
"1"," 2.123041e-03"
"1","
29.004500450045 "
"1","  1.741181e-03"
"1"," 1.925752e-03"
"1"," 2.117965e-03"
"1","
29.00500050005  "
"1","  1.736556e-03"
"1"," 1.920902e-03"
"1"," 2.112895e-03"
"1","
"
"1","                "
"1","        lag30"
"1","        lag31"
"1","        lag32"
"1","
29              "
"1"," 2.365702e-03"
"1"," 2.575541e-03"
"1"," 2.794156e-03"
"1","
29.000500050005 "
"1"," 2.360363e-03"
"1"," 2.569991e-03"
"1"," 2.788394e-03"
"1","
29.00100010001  "
"1"," 2.355030e-03"
"1"," 2.564446e-03"
"1"," 2.782638e-03"
"1","
29.001500150015 "
"1"," 2.349704e-03"
"1"," 2.558907e-03"
"1"," 2.776887e-03"
"1","
29.00200020002  "
"1"," 2.344383e-03"
"1"," 2.553374e-03"
"1"," 2.771142e-03"
"1","
29.002500250025 "
"1"," 2.339068e-03"
"1"," 2.547847e-03"
"1"," 2.765403e-03"
"1","
29.00300030003  "
"1"," 2.333759e-03"
"1"," 2.542326e-03"
"1"," 2.759669e-03"
"1","
29.003500350035 "
"1"," 2.328456e-03"
"1"," 2.536810e-03"
"1"," 2.753940e-03"
"1","
29.00400040004  "
"1"," 2.323158e-03"
"1"," 2.531300e-03"
"1"," 2.748218e-03"
"1","
29.004500450045 "
"1"," 2.317867e-03"
"1"," 2.525796e-03"
"1"," 2.742501e-03"
"1","
29.00500050005  "
"1"," 2.312582e-03"
"1"," 2.520298e-03"
"1"," 2.736789e-03"
"1","
"
"1","                "
"1","        lag33"
"1","        lag34"
"1","        lag35"
"1","
29              "
"1"," 3.022704e-03"
"1"," 3.262709e-03"
"1"," 3.516051e-03"
"1","
29.000500050005 "
"1"," 3.016728e-03"
"1"," 3.256511e-03"
"1"," 3.509621e-03"
"1","
29.00100010001  "
"1"," 3.010756e-03"
"1"," 3.250319e-03"
"1"," 3.503196e-03"
"1","
29.001500150015 "
"1"," 3.004791e-03"
"1"," 3.244131e-03"
"1"," 3.496776e-03"
"1","
29.00200020002  "
"1"," 2.998830e-03"
"1"," 3.237949e-03"
"1"," 3.490361e-03"
"1","
29.002500250025 "
"1"," 2.992875e-03"
"1"," 3.231772e-03"
"1"," 3.483951e-03"
"1","
29.00300030003  "
"1"," 2.986926e-03"
"1"," 3.225600e-03"
"1"," 3.477545e-03"
"1","
29.003500350035 "
"1"," 2.980982e-03"
"1"," 3.219433e-03"
"1"," 3.471145e-03"
"1","
29.00400040004  "
"1"," 2.975043e-03"
"1"," 3.213271e-03"
"1"," 3.464750e-03"
"1","
29.004500450045 "
"1"," 2.969110e-03"
"1"," 3.207115e-03"
"1"," 3.458360e-03"
"1","
29.00500050005  "
"1"," 2.963182e-03"
"1"," 3.200964e-03"
"1"," 3.451975e-03"
"1","
"
"1","                "
"1","        lag36"
"1","        lag37"
"1","        lag38"
"1","
29              "
"1"," 3.784949e-03"
"1"," 4.071926e-03"
"1"," 4.379738e-03"
"1","
29.000500050005 "
"1"," 3.778271e-03"
"1"," 4.064981e-03"
"1"," 4.372501e-03"
"1","
29.00100010001  "
"1"," 3.771599e-03"
"1"," 4.058041e-03"
"1"," 4.365269e-03"
"1","
29.001500150015 "
"1"," 3.764931e-03"
"1"," 4.051106e-03"
"1"," 4.358041e-03"
"1","
29.00200020002  "
"1"," 3.758268e-03"
"1"," 4.044175e-03"
"1"," 4.350817e-03"
"1","
29.002500250025 "
"1"," 3.751610e-03"
"1"," 4.037249e-03"
"1"," 4.343598e-03"
"1","
29.00300030003  "
"1"," 3.744956e-03"
"1"," 4.030327e-03"
"1"," 4.336383e-03"
"1","
29.003500350035 "
"1"," 3.738307e-03"
"1"," 4.023409e-03"
"1"," 4.329172e-03"
"1","
29.00400040004  "
"1"," 3.731663e-03"
"1"," 4.016496e-03"
"1"," 4.321965e-03"
"1","
29.004500450045 "
"1"," 3.725024e-03"
"1"," 4.009588e-03"
"1"," 4.314762e-03"
"1","
29.00500050005  "
"1"," 3.718389e-03"
"1"," 4.002684e-03"
"1"," 4.307564e-03"
"1","
"
"1","                "
"1","        lag39"
"1","        lag40"
"1","        lag41"
"1","
29              "
"1"," 4.711241e-03"
"1"," 5.069179e-03"
"1"," 5.455882e-03"
"1","
29.000500050005 "
"1"," 4.703682e-03"
"1"," 5.061265e-03"
"1"," 5.447574e-03"
"1","
29.00100010001  "
"1"," 4.696128e-03"
"1"," 5.053354e-03"
"1"," 5.439269e-03"
"1","
29.001500150015 "
"1"," 4.688578e-03"
"1"," 5.045447e-03"
"1"," 5.430967e-03"
"1","
29.00200020002  "
"1"," 4.681031e-03"
"1"," 5.037544e-03"
"1"," 5.422670e-03"
"1","
29.002500250025 "
"1"," 4.673489e-03"
"1"," 5.029645e-03"
"1"," 5.414375e-03"
"1","
29.00300030003  "
"1"," 4.665951e-03"
"1"," 5.021749e-03"
"1"," 5.406085e-03"
"1","
29.003500350035 "
"1"," 4.658417e-03"
"1"," 5.013858e-03"
"1"," 5.397798e-03"
"1","
29.00400040004  "
"1"," 4.650886e-03"
"1"," 5.005970e-03"
"1"," 5.389514e-03"
"1","
29.004500450045 "
"1"," 4.643360e-03"
"1"," 4.998086e-03"
"1"," 5.381234e-03"
"1","
29.00500050005  "
"1"," 4.635838e-03"
"1"," 4.990205e-03"
"1"," 5.372958e-03"
"1","
"
"1","                "
"1","        lag42"
"1","        lag43"
"1","        lag44"
"1","
29              "
"1"," 5.872869e-03"
"1"," 6.320412e-03"
"1"," 6.797121e-03"
"1","
29.000500050005 "
"1"," 5.864127e-03"
"1"," 6.311195e-03"
"1"," 6.787390e-03"
"1","
29.00100010001  "
"1"," 5.855387e-03"
"1"," 6.301981e-03"
"1"," 6.777663e-03"
"1","
29.001500150015 "
"1"," 5.846651e-03"
"1"," 6.292770e-03"
"1"," 6.767938e-03"
"1","
29.00200020002  "
"1"," 5.837919e-03"
"1"," 6.283562e-03"
"1"," 6.758217e-03"
"1","
29.002500250025 "
"1"," 5.829190e-03"
"1"," 6.274357e-03"
"1"," 6.748499e-03"
"1","
29.00300030003  "
"1"," 5.820464e-03"
"1"," 6.265156e-03"
"1"," 6.738783e-03"
"1","
29.003500350035 "
"1"," 5.811741e-03"
"1"," 6.255958e-03"
"1"," 6.729071e-03"
"1","
29.00400040004  "
"1"," 5.803022e-03"
"1"," 6.246763e-03"
"1"," 6.719362e-03"
"1","
29.004500450045 "
"1"," 5.794307e-03"
"1"," 6.237571e-03"
"1"," 6.709655e-03"
"1","
29.00500050005  "
"1"," 5.785594e-03"
"1"," 6.228382e-03"
"1"," 6.699952e-03"
"1","
"
"1","                "
"1","        lag45"
"1","        lag46"
"1","        lag47"
"1","
29              "
"1"," 7.299657e-03"
"1"," 7.822651e-03"
"1"," 8.358854e-03"
"1","
29.000500050005 "
"1"," 7.289380e-03"
"1"," 7.811800e-03"
"1"," 8.347411e-03"
"1","
29.00100010001  "
"1"," 7.279105e-03"
"1"," 7.800951e-03"
"1"," 8.335971e-03"
"1","
29.001500150015 "
"1"," 7.268833e-03"
"1"," 7.790105e-03"
"1"," 8.324533e-03"
"1","
29.00200020002  "
"1"," 7.258565e-03"
"1"," 7.779262e-03"
"1"," 8.313098e-03"
"1","
29.002500250025 "
"1"," 7.248299e-03"
"1"," 7.768422e-03"
"1"," 8.301665e-03"
"1","
29.00300030003  "
"1"," 7.238035e-03"
"1"," 7.757584e-03"
"1"," 8.290235e-03"
"1","
29.003500350035 "
"1"," 7.227775e-03"
"1"," 7.746749e-03"
"1"," 8.278807e-03"
"1","
29.00400040004  "
"1"," 7.217517e-03"
"1"," 7.735916e-03"
"1"," 8.267382e-03"
"1","
29.004500450045 "
"1"," 7.207263e-03"
"1"," 7.725086e-03"
"1"," 8.255959e-03"
"1","
29.00500050005  "
"1"," 7.197011e-03"
"1"," 7.714259e-03"
"1"," 8.244539e-03"
"1","
"
"1","                "
"1","        lag48"
"1","        lag49"
"1","        lag50"
"1","
29              "
"1"," 8.899484e-03"
"1"," 9.434685e-03"
"1"," 9.953986e-03"
"1","
29.000500050005 "
"1"," 8.887443e-03"
"1"," 9.422050e-03"
"1"," 9.940773e-03"
"1","
29.00100010001  "
"1"," 8.875404e-03"
"1"," 9.409417e-03"
"1"," 9.927563e-03"
"1","
29.001500150015 "
"1"," 8.863367e-03"
"1"," 9.396786e-03"
"1"," 9.914354e-03"
"1","
29.00200020002  "
"1"," 8.851333e-03"
"1"," 9.384157e-03"
"1"," 9.901148e-03"
"1","
29.002500250025 "
"1"," 8.839301e-03"
"1"," 9.371530e-03"
"1"," 9.887944e-03"
"1","
29.00300030003  "
"1"," 8.827271e-03"
"1"," 9.358906e-03"
"1"," 9.874742e-03"
"1","
29.003500350035 "
"1"," 8.815244e-03"
"1"," 9.346284e-03"
"1"," 9.861542e-03"
"1","
29.00400040004  "
"1"," 8.803219e-03"
"1"," 9.333664e-03"
"1"," 9.848344e-03"
"1","
29.004500450045 "
"1"," 8.791196e-03"
"1"," 9.321046e-03"
"1"," 9.835148e-03"
"1","
29.00500050005  "
"1"," 8.779176e-03"
"1"," 9.308431e-03"
"1"," 9.821954e-03"
"1","
"
"1","                "
"1","         lag51"
"1","         lag52"
"1","         lag53"
"1","
29              "
"1","  1.044671e-02"
"1","  1.090227e-02"
"1","  1.131041e-02"
"1","
29.000500050005 "
"1","  1.043295e-02"
"1","  1.088800e-02"
"1","  1.129569e-02"
"1","
29.00100010001  "
"1","  1.041919e-02"
"1","  1.087374e-02"
"1","  1.128097e-02"
"1","
29.001500150015 "
"1","  1.040543e-02"
"1","  1.085947e-02"
"1","  1.126625e-02"
"1","
29.00200020002  "
"1","  1.039168e-02"
"1","  1.084521e-02"
"1","  1.125153e-02"
"1","
29.002500250025 "
"1","  1.037792e-02"
"1","  1.083095e-02"
"1","  1.123682e-02"
"1","
29.00300030003  "
"1","  1.036417e-02"
"1","  1.081669e-02"
"1","  1.122211e-02"
"1","
29.003500350035 "
"1","  1.035042e-02"
"1","  1.080244e-02"
"1","  1.120740e-02"
"1","
29.00400040004  "
"1","  1.033668e-02"
"1","  1.078818e-02"
"1","  1.119269e-02"
"1","
29.004500450045 "
"1","  1.032293e-02"
"1","  1.077393e-02"
"1","  1.117798e-02"
"1","
29.00500050005  "
"1","  1.030919e-02"
"1","  1.075968e-02"
"1","  1.116327e-02"
"1","
"
"1","                "
"1","         lag54"
"1","         lag55"
"1","         lag56"
"1","
29              "
"1","  1.166131e-02"
"1","  1.194571e-02"
"1","  1.215498e-02"
"1","
29.000500050005 "
"1","  1.164620e-02"
"1","  1.193028e-02"
"1","  1.213932e-02"
"1","
29.00100010001  "
"1","  1.163109e-02"
"1","  1.191486e-02"
"1","  1.212366e-02"
"1","
29.001500150015 "
"1","  1.161598e-02"
"1","  1.189943e-02"
"1","  1.210801e-02"
"1","
29.00200020002  "
"1","  1.160087e-02"
"1","  1.188401e-02"
"1","  1.209235e-02"
"1","
29.002500250025 "
"1","  1.158577e-02"
"1","  1.186859e-02"
"1","  1.207670e-02"
"1","
29.00300030003  "
"1","  1.157067e-02"
"1","  1.185317e-02"
"1","  1.206105e-02"
"1","
29.003500350035 "
"1","  1.155556e-02"
"1","  1.183776e-02"
"1","  1.204540e-02"
"1","
29.00400040004  "
"1","  1.154046e-02"
"1","  1.182234e-02"
"1","  1.202975e-02"
"1","
29.004500450045 "
"1","  1.152537e-02"
"1","  1.180693e-02"
"1","  1.201411e-02"
"1","
29.00500050005  "
"1","  1.151027e-02"
"1","  1.179151e-02"
"1","  1.199846e-02"
"1","
"
"1","                "
"1","         lag57"
"1","         lag58"
"1","         lag59"
"1","
29              "
"1","  1.228128e-02"
"1","  1.232145e-02"
"1","  1.227943e-02"
"1","
29.000500050005 "
"1","  1.226548e-02"
"1","  1.230561e-02"
"1","  1.226363e-02"
"1","
29.00100010001  "
"1","  1.224968e-02"
"1","  1.228977e-02"
"1","  1.224783e-02"
"1","
29.001500150015 "
"1","  1.223388e-02"
"1","  1.227393e-02"
"1","  1.223203e-02"
"1","
29.00200020002  "
"1","  1.221809e-02"
"1","  1.225809e-02"
"1","  1.221624e-02"
"1","
29.002500250025 "
"1","  1.220230e-02"
"1","  1.224225e-02"
"1","  1.220045e-02"
"1","
29.00300030003  "
"1","  1.218650e-02"
"1","  1.222641e-02"
"1","  1.218465e-02"
"1","
29.003500350035 "
"1","  1.217072e-02"
"1","  1.221058e-02"
"1","  1.216886e-02"
"1","
29.00400040004  "
"1","  1.215493e-02"
"1","  1.219475e-02"
"1","  1.215308e-02"
"1","
29.004500450045 "
"1","  1.213914e-02"
"1","  1.217891e-02"
"1","  1.213729e-02"
"1","
29.00500050005  "
"1","  1.212336e-02"
"1","  1.216308e-02"
"1","  1.212150e-02"
"1","
"
"1","                "
"1","         lag60"
"1","         lag61"
"1","         lag62"
"1","
29              "
"1","  1.216081e-02"
"1","  1.197247e-02"
"1","  1.172270e-02"
"1","
29.000500050005 "
"1","  1.214514e-02"
"1","  1.195699e-02"
"1","  1.170748e-02"
"1","
29.00100010001  "
"1","  1.212946e-02"
"1","  1.194152e-02"
"1","  1.169227e-02"
"1","
29.001500150015 "
"1","  1.211379e-02"
"1","  1.192605e-02"
"1","  1.167705e-02"
"1","
29.00200020002  "
"1","  1.209813e-02"
"1","  1.191058e-02"
"1","  1.166184e-02"
"1","
29.002500250025 "
"1","  1.208246e-02"
"1","  1.189511e-02"
"1","  1.164663e-02"
"1","
29.00300030003  "
"1","  1.206679e-02"
"1","  1.187964e-02"
"1","  1.163143e-02"
"1","
29.003500350035 "
"1","  1.205113e-02"
"1","  1.186418e-02"
"1","  1.161622e-02"
"1","
29.00400040004  "
"1","  1.203547e-02"
"1","  1.184872e-02"
"1","  1.160102e-02"
"1","
29.004500450045 "
"1","  1.201981e-02"
"1","  1.183326e-02"
"1","  1.158582e-02"
"1","
29.00500050005  "
"1","  1.200415e-02"
"1","  1.181780e-02"
"1","  1.157062e-02"
"1","
"
"1","                "
"1","         lag63"
"1","         lag64"
"1","         lag65"
"1","
29              "
"1","  1.142141e-02"
"1","  1.108038e-02"
"1","  1.071333e-02"
"1","
29.000500050005 "
"1","  1.140650e-02"
"1","  1.106580e-02"
"1","  1.069909e-02"
"1","
29.00100010001  "
"1","  1.139159e-02"
"1","  1.105122e-02"
"1","  1.068486e-02"
"1","
29.001500150015 "
"1","  1.137668e-02"
"1","  1.103665e-02"
"1","  1.067063e-02"
"1","
29.00200020002  "
"1","  1.136178e-02"
"1","  1.102208e-02"
"1","  1.065640e-02"
"1","
29.002500250025 "
"1","  1.134688e-02"
"1","  1.100751e-02"
"1","  1.064218e-02"
"1","
29.00300030003  "
"1","  1.133197e-02"
"1","  1.099294e-02"
"1","  1.062796e-02"
"1","
29.003500350035 "
"1","  1.131708e-02"
"1","  1.097838e-02"
"1","  1.061374e-02"
"1","
29.00400040004  "
"1","  1.130218e-02"
"1","  1.096382e-02"
"1","  1.059952e-02"
"1","
29.004500450045 "
"1","  1.128728e-02"
"1","  1.094926e-02"
"1","  1.058530e-02"
"1","
29.00500050005  "
"1","  1.127239e-02"
"1","  1.093470e-02"
"1","  1.057109e-02"
"1","
"
"1","                "
"1","         lag66"
"1","         lag67"
"1","        lag68"
"1","
29              "
"1","  1.033586e-02"
"1","  9.964795e-03"
"1"," 9.616965e-03"
"1","
29.000500050005 "
"1","  1.032195e-02"
"1","  9.951179e-03"
"1"," 9.603578e-03"
"1","
29.00100010001  "
"1","  1.030805e-02"
"1","  9.937566e-03"
"1"," 9.590196e-03"
"1","
29.001500150015 "
"1","  1.029414e-02"
"1","  9.923957e-03"
"1"," 9.576816e-03"
"1","
29.00200020002  "
"1","  1.028025e-02"
"1","  9.910350e-03"
"1"," 9.563441e-03"
"1","
29.002500250025 "
"1","  1.026635e-02"
"1","  9.896747e-03"
"1"," 9.550069e-03"
"1","
29.00300030003  "
"1","  1.025246e-02"
"1","  9.883147e-03"
"1"," 9.536701e-03"
"1","
29.003500350035 "
"1","  1.023857e-02"
"1","  9.869550e-03"
"1"," 9.523337e-03"
"1","
29.00400040004  "
"1","  1.022468e-02"
"1","  9.855957e-03"
"1"," 9.509976e-03"
"1","
29.004500450045 "
"1","  1.021080e-02"
"1","  9.842367e-03"
"1"," 9.496619e-03"
"1","
29.00500050005  "
"1","  1.019692e-02"
"1","  9.828780e-03"
"1"," 9.483266e-03"
"1","
"
"1","                "
"1","        lag69"
"1","        lag70"
"1","        lag71"
"1","
29              "
"1"," 9.307311e-03"
"1"," 9.046952e-03"
"1"," 8.841911e-03"
"1","
29.000500050005 "
"1"," 9.294075e-03"
"1"," 9.033776e-03"
"1"," 8.828701e-03"
"1","
29.00100010001  "
"1"," 9.280843e-03"
"1"," 9.020604e-03"
"1"," 8.815496e-03"
"1","
29.001500150015 "
"1"," 9.267615e-03"
"1"," 9.007437e-03"
"1"," 8.802296e-03"
"1","
29.00200020002  "
"1"," 9.254392e-03"
"1"," 8.994275e-03"
"1"," 8.789102e-03"
"1","
29.002500250025 "
"1"," 9.241172e-03"
"1"," 8.981118e-03"
"1"," 8.775913e-03"
"1","
29.00300030003  "
"1"," 9.227957e-03"
"1"," 8.967965e-03"
"1"," 8.762729e-03"
"1","
29.003500350035 "
"1"," 9.214746e-03"
"1"," 8.954817e-03"
"1"," 8.749551e-03"
"1","
29.00400040004  "
"1"," 9.201539e-03"
"1"," 8.941674e-03"
"1"," 8.736378e-03"
"1","
29.004500450045 "
"1"," 9.188336e-03"
"1"," 8.928535e-03"
"1"," 8.723210e-03"
"1","
29.00500050005  "
"1"," 9.175138e-03"
"1"," 8.915401e-03"
"1"," 8.710047e-03"
"1","
"
"1","                "
"1","        lag72"
"1","        lag73"
"1","        lag74"
"1","
29              "
"1"," 8.693093e-03"
"1"," 8.597403e-03"
"1"," 8.549358e-03"
"1","
29.000500050005 "
"1"," 8.679759e-03"
"1"," 8.583864e-03"
"1"," 8.535545e-03"
"1","
29.00100010001  "
"1"," 8.666431e-03"
"1"," 8.570332e-03"
"1"," 8.521738e-03"
"1","
29.001500150015 "
"1"," 8.653109e-03"
"1"," 8.556807e-03"
"1"," 8.507939e-03"
"1","
29.00200020002  "
"1"," 8.639793e-03"
"1"," 8.543289e-03"
"1"," 8.494148e-03"
"1","
29.002500250025 "
"1"," 8.626483e-03"
"1"," 8.529777e-03"
"1"," 8.480363e-03"
"1","
29.00300030003  "
"1"," 8.613179e-03"
"1"," 8.516271e-03"
"1"," 8.466586e-03"
"1","
29.003500350035 "
"1"," 8.599881e-03"
"1"," 8.502773e-03"
"1"," 8.452817e-03"
"1","
29.00400040004  "
"1"," 8.586589e-03"
"1"," 8.489280e-03"
"1"," 8.439054e-03"
"1","
29.004500450045 "
"1"," 8.573303e-03"
"1"," 8.475795e-03"
"1"," 8.425299e-03"
"1","
29.00500050005  "
"1"," 8.560023e-03"
"1"," 8.462316e-03"
"1"," 8.411552e-03"
"1","
"
"1","                "
"1","        lag75"
"1","        lag76"
"1","        lag77"
"1","
29              "
"1"," 8.542561e-03"
"1"," 8.570699e-03"
"1"," 8.628081e-03"
"1","
29.000500050005 "
"1"," 8.528412e-03"
"1"," 8.556165e-03"
"1"," 8.613118e-03"
"1","
29.00100010001  "
"1"," 8.514271e-03"
"1"," 8.541639e-03"
"1"," 8.598166e-03"
"1","
29.001500150015 "
"1"," 8.500139e-03"
"1"," 8.527122e-03"
"1"," 8.583223e-03"
"1","
29.00200020002  "
"1"," 8.486014e-03"
"1"," 8.512614e-03"
"1"," 8.568289e-03"
"1","
29.002500250025 "
"1"," 8.471897e-03"
"1"," 8.498115e-03"
"1"," 8.553366e-03"
"1","
29.00300030003  "
"1"," 8.457789e-03"
"1"," 8.483625e-03"
"1"," 8.538452e-03"
"1","
29.003500350035 "
"1"," 8.443689e-03"
"1"," 8.469144e-03"
"1"," 8.523547e-03"
"1","
29.00400040004  "
"1"," 8.429596e-03"
"1"," 8.454671e-03"
"1"," 8.508653e-03"
"1","
29.004500450045 "
"1"," 8.415512e-03"
"1"," 8.440208e-03"
"1"," 8.493768e-03"
"1","
29.00500050005  "
"1"," 8.401436e-03"
"1"," 8.425753e-03"
"1"," 8.478893e-03"
"1","
"
"1","                "
"1","        lag78"
"1","        lag79"
"1","        lag80"
"1","
29              "
"1"," 8.709829e-03"
"1"," 8.811889e-03"
"1"," 8.930940e-03"
"1","
29.000500050005 "
"1"," 8.694404e-03"
"1"," 8.795972e-03"
"1"," 8.914505e-03"
"1","
29.00100010001  "
"1"," 8.678989e-03"
"1"," 8.780065e-03"
"1"," 8.898083e-03"
"1","
29.001500150015 "
"1"," 8.663585e-03"
"1"," 8.764170e-03"
"1"," 8.881672e-03"
"1","
29.00200020002  "
"1"," 8.648191e-03"
"1"," 8.748286e-03"
"1"," 8.865274e-03"
"1","
29.002500250025 "
"1"," 8.632808e-03"
"1"," 8.732414e-03"
"1"," 8.848888e-03"
"1","
29.00300030003  "
"1"," 8.617435e-03"
"1"," 8.716553e-03"
"1"," 8.832514e-03"
"1","
29.003500350035 "
"1"," 8.602072e-03"
"1"," 8.700703e-03"
"1"," 8.816152e-03"
"1","
29.00400040004  "
"1"," 8.586721e-03"
"1"," 8.684864e-03"
"1"," 8.799802e-03"
"1","
29.004500450045 "
"1"," 8.571379e-03"
"1"," 8.669037e-03"
"1"," 8.783465e-03"
"1","
29.00500050005  "
"1"," 8.556048e-03"
"1"," 8.653222e-03"
"1"," 8.767139e-03"
"1","
"
"1","                "
"1","        lag81"
"1","        lag82"
"1","        lag83"
"1","
29              "
"1"," 9.064283e-03"
"1"," 9.209728e-03"
"1"," 9.365498e-03"
"1","
29.000500050005 "
"1"," 9.047310e-03"
"1"," 9.192200e-03"
"1"," 9.347400e-03"
"1","
29.00100010001  "
"1"," 9.030350e-03"
"1"," 9.174687e-03"
"1"," 9.329318e-03"
"1","
29.001500150015 "
"1"," 9.013404e-03"
"1"," 9.157187e-03"
"1"," 9.311250e-03"
"1","
29.00200020002  "
"1"," 8.996470e-03"
"1"," 9.139701e-03"
"1"," 9.293197e-03"
"1","
29.002500250025 "
"1"," 8.979550e-03"
"1"," 9.122228e-03"
"1"," 9.275159e-03"
"1","
29.00300030003  "
"1"," 8.962642e-03"
"1"," 9.104770e-03"
"1"," 9.257136e-03"
"1","
29.003500350035 "
"1"," 8.945748e-03"
"1"," 9.087326e-03"
"1"," 9.239127e-03"
"1","
29.00400040004  "
"1"," 8.928867e-03"
"1"," 9.069896e-03"
"1"," 9.221133e-03"
"1","
29.004500450045 "
"1"," 8.911998e-03"
"1"," 9.052479e-03"
"1"," 9.203154e-03"
"1","
29.00500050005  "
"1"," 8.895143e-03"
"1"," 9.035077e-03"
"1"," 9.185190e-03"
"1","
"
"1","                "
"1","        lag84"
"1","        lag85"
"1","
29              "
"1"," 9.530141e-03"
"1"," 9.702471e-03"
"1","
29.000500050005 "
"1"," 9.511463e-03"
"1"," 9.683201e-03"
"1","
29.00100010001  "
"1"," 9.492799e-03"
"1"," 9.663947e-03"
"1","
29.001500150015 "
"1"," 9.474152e-03"
"1"," 9.644710e-03"
"1","
29.00200020002  "
"1"," 9.455520e-03"
"1"," 9.625490e-03"
"1","
29.002500250025 "
"1"," 9.436904e-03"
"1"," 9.606286e-03"
"1","
29.00300030003  "
"1"," 9.418303e-03"
"1"," 9.587099e-03"
"1","
29.003500350035 "
"1"," 9.399719e-03"
"1"," 9.567928e-03"
"1","
29.00400040004  "
"1"," 9.381149e-03"
"1"," 9.548774e-03"
"1","
29.004500450045 "
"1"," 9.362596e-03"
"1"," 9.529636e-03"
"1","
29.00500050005  "
"1"," 9.344058e-03"
"1"," 9.510515e-03"
"1","
"
"1"," [ reached 'max' / getOption(""max.print"") -- omitted"
"1"," 9989 rows"
"1"," ]
"
"1","
"
"1","$alllow
"
"1","              29 "
"1"," 29.000500050005 "
"1","  29.00100010001 "
"1","
"
"1","   -8.494064e-02 "
"1","   -8.492481e-02 "
"1","   -8.490884e-02 "
"1","
"
"1"," 29.001500150015 "
"1","  29.00200020002 "
"1"," 29.002500250025 "
"1","
"
"1","   -8.489271e-02 "
"1","   -8.487643e-02 "
"1","   -8.486000e-02 "
"1","
"
"1","  29.00300030003 "
"1"," 29.003500350035 "
"1","  29.00400040004 "
"1","
"
"1","   -8.484341e-02 "
"1","   -8.482667e-02 "
"1","   -8.480978e-02 "
"1","
"
"1"," 29.004500450045 "
"1","  29.00500050005 "
"1"," 29.005500550055 "
"1","
"
"1","   -8.479274e-02 "
"1","   -8.477554e-02 "
"1","   -8.475819e-02 "
"1","
"
"1","  29.00600060006 "
"1"," 29.006500650065 "
"1","  29.00700070007 "
"1","
"
"1","   -8.474068e-02 "
"1","   -8.472302e-02 "
"1","   -8.470520e-02 "
"1","
"
"1"," 29.007500750075 "
"1","  29.00800080008 "
"1"," 29.008500850085 "
"1","
"
"1","   -8.468724e-02 "
"1","   -8.466911e-02 "
"1","   -8.465083e-02 "
"1","
"
"1","  29.00900090009 "
"1"," 29.009500950095 "
"1","   29.0100010001 "
"1","
"
"1","   -8.463240e-02 "
"1","   -8.461381e-02 "
"1","   -8.459506e-02 "
"1","
"
"1"," 29.010501050105 "
"1","  29.01100110011 "
"1"," 29.011501150115 "
"1","
"
"1","   -8.457616e-02 "
"1","   -8.455711e-02 "
"1","   -8.453789e-02 "
"1","
"
"1","  29.01200120012 "
"1"," 29.012501250125 "
"1","  29.01300130013 "
"1","
"
"1","   -8.451852e-02 "
"1","   -8.449900e-02 "
"1","   -8.447932e-02 "
"1","
"
"1"," 29.013501350135 "
"1","  29.01400140014 "
"1"," 29.014501450145 "
"1","
"
"1","   -8.445948e-02 "
"1","   -8.443948e-02 "
"1","   -8.441932e-02 "
"1","
"
"1","  29.01500150015 "
"1"," 29.015501550155 "
"1","  29.01600160016 "
"1","
"
"1","   -8.439901e-02 "
"1","   -8.437854e-02 "
"1","   -8.435791e-02 "
"1","
"
"1"," 29.016501650165 "
"1","  29.01700170017 "
"1"," 29.017501750175 "
"1","
"
"1","   -8.433712e-02 "
"1","   -8.431618e-02 "
"1","   -8.429507e-02 "
"1","
"
"1","  29.01800180018 "
"1"," 29.018501850185 "
"1","  29.01900190019 "
"1","
"
"1","   -8.427381e-02 "
"1","   -8.425239e-02 "
"1","   -8.423081e-02 "
"1","
"
"1"," 29.019501950195 "
"1","   29.0200020002 "
"1"," 29.020502050205 "
"1","
"
"1","   -8.420907e-02 "
"1","   -8.418716e-02 "
"1","   -8.416510e-02 "
"1","
"
"1","  29.02100210021 "
"1"," 29.021502150215 "
"1","  29.02200220022 "
"1","
"
"1","   -8.414288e-02 "
"1","   -8.412050e-02 "
"1","   -8.409796e-02 "
"1","
"
"1"," 29.022502250225 "
"1","  29.02300230023 "
"1"," 29.023502350235 "
"1","
"
"1","   -8.407525e-02 "
"1","   -8.405239e-02 "
"1","   -8.402936e-02 "
"1","
"
"1","  29.02400240024 "
"1"," 29.024502450245 "
"1","  29.02500250025 "
"1","
"
"1","   -8.400617e-02 "
"1","   -8.398282e-02 "
"1","   -8.395931e-02 "
"1","
"
"1"," 29.025502550255 "
"1","  29.02600260026 "
"1"," 29.026502650265 "
"1","
"
"1","   -8.393564e-02 "
"1","   -8.391180e-02 "
"1","   -8.388780e-02 "
"1","
"
"1","  29.02700270027 "
"1"," 29.027502750275 "
"1","  29.02800280028 "
"1","
"
"1","   -8.386364e-02 "
"1","   -8.383932e-02 "
"1","   -8.381483e-02 "
"1","
"
"1"," 29.028502850285 "
"1","  29.02900290029 "
"1"," 29.029502950295 "
"1","
"
"1","   -8.379018e-02 "
"1","   -8.376536e-02 "
"1","   -8.374038e-02 "
"1","
"
"1","   29.0300030003 "
"1"," 29.030503050305 "
"1","  29.03100310031 "
"1","
"
"1","   -8.371524e-02 "
"1","   -8.368993e-02 "
"1","   -8.366445e-02 "
"1","
"
"1"," 29.031503150315 "
"1","  29.03200320032 "
"1"," 29.032503250325 "
"1","
"
"1","   -8.363882e-02 "
"1","   -8.361301e-02 "
"1","   -8.358704e-02 "
"1","
"
"1","  29.03300330033 "
"1"," 29.033503350335 "
"1","  29.03400340034 "
"1","
"
"1","   -8.356091e-02 "
"1","   -8.353461e-02 "
"1","   -8.350814e-02 "
"1","
"
"1"," 29.034503450345 "
"1","  29.03500350035 "
"1"," 29.035503550355 "
"1","
"
"1","   -8.348151e-02 "
"1","   -8.345471e-02 "
"1","   -8.342775e-02 "
"1","
"
"1","  29.03600360036 "
"1"," 29.036503650365 "
"1","  29.03700370037 "
"1","
"
"1","   -8.340062e-02 "
"1","   -8.337332e-02 "
"1","   -8.334585e-02 "
"1","
"
"1"," 29.037503750375 "
"1","  29.03800380038 "
"1"," 29.038503850385 "
"1","
"
"1","   -8.331822e-02 "
"1","   -8.329041e-02 "
"1","   -8.326244e-02 "
"1","
"
"1","  29.03900390039 "
"1"," 29.039503950395 "
"1","   29.0400040004 "
"1","
"
"1","   -8.323431e-02 "
"1","   -8.320600e-02 "
"1","   -8.317752e-02 "
"1","
"
"1"," 29.040504050405 "
"1","  29.04100410041 "
"1"," 29.041504150415 "
"1","
"
"1","   -8.314888e-02 "
"1","   -8.312006e-02 "
"1","   -8.309108e-02 "
"1","
"
"1","  29.04200420042 "
"1"," 29.042504250425 "
"1","  29.04300430043 "
"1","
"
"1","   -8.306193e-02 "
"1","   -8.303260e-02 "
"1","   -8.300311e-02 "
"1","
"
"1"," 29.043504350435 "
"1","  29.04400440044 "
"1"," 29.044504450445 "
"1","
"
"1","   -8.297345e-02 "
"1","   -8.294361e-02 "
"1","   -8.291361e-02 "
"1","
"
"1","  29.04500450045 "
"1"," 29.045504550455 "
"1","  29.04600460046 "
"1","
"
"1","   -8.288343e-02 "
"1","   -8.285309e-02 "
"1","   -8.282257e-02 "
"1","
"
"1"," 29.046504650465 "
"1","  29.04700470047 "
"1"," 29.047504750475 "
"1","
"
"1","   -8.279188e-02 "
"1","   -8.276102e-02 "
"1","   -8.272998e-02 "
"1","
"
"1","  29.04800480048 "
"1"," 29.048504850485 "
"1","29.0490049004901 "
"1","
"
"1","   -8.269877e-02 "
"1","   -8.266739e-02 "
"1","   -8.263584e-02 "
"1","
"
"1"," 29.049504950495 "
"1","29.0500050005001 "
"1","29.0505050505051 "
"1","
"
"1","   -8.260412e-02 "
"1","   -8.257222e-02 "
"1","   -8.254014e-02 "
"1","
"
"1","29.0510051005101 "
"1","29.0515051505151 "
"1","29.0520052005201 "
"1","
"
"1","   -8.250790e-02 "
"1","   -8.247548e-02 "
"1","   -8.244288e-02 "
"1","
"
"1","29.0525052505251 "
"1","29.0530053005301 "
"1","29.0535053505351 "
"1","
"
"1","   -8.241011e-02 "
"1","   -8.237717e-02 "
"1","   -8.234405e-02 "
"1","
"
"1","29.0540054005401 "
"1","29.0545054505451 "
"1","29.0550055005501 "
"1","
"
"1","   -8.231075e-02 "
"1","   -8.227728e-02 "
"1","   -8.224363e-02 "
"1","
"
"1","29.0555055505551 "
"1","29.0560056005601 "
"1","29.0565056505651 "
"1","
"
"1","   -8.220981e-02 "
"1","   -8.217581e-02 "
"1","   -8.214164e-02 "
"1","
"
"1","29.0570057005701 "
"1","29.0575057505751 "
"1","29.0580058005801 "
"1","
"
"1","   -8.210729e-02 "
"1","   -8.207276e-02 "
"1","   -8.203805e-02 "
"1","
"
"1","29.0585058505851 "
"1","29.0590059005901 "
"1","29.0595059505951 "
"1","
"
"1","   -8.200317e-02 "
"1","   -8.196811e-02 "
"1","   -8.193287e-02 "
"1","
"
"1","29.0600060006001 "
"1","29.0605060506051 "
"1","29.0610061006101 "
"1","
"
"1","   -8.189745e-02 "
"1","   -8.186186e-02 "
"1","   -8.182608e-02 "
"1","
"
"1","29.0615061506151 "
"1","29.0620062006201 "
"1","29.0625062506251 "
"1","
"
"1","   -8.179013e-02 "
"1","   -8.175399e-02 "
"1","   -8.171768e-02 "
"1","
"
"1","29.0630063006301 "
"1","29.0635063506351 "
"1","29.0640064006401 "
"1","
"
"1","   -8.168119e-02 "
"1","   -8.164452e-02 "
"1","   -8.160767e-02 "
"1","
"
"1","29.0645064506451 "
"1","29.0650065006501 "
"1","29.0655065506551 "
"1","
"
"1","   -8.157064e-02 "
"1","   -8.153342e-02 "
"1","   -8.149603e-02 "
"1","
"
"1","29.0660066006601 "
"1","29.0665066506651 "
"1","29.0670067006701 "
"1","
"
"1","   -8.145845e-02 "
"1","   -8.142070e-02 "
"1","   -8.138276e-02 "
"1","
"
"1","29.0675067506751 "
"1","29.0680068006801 "
"1","29.0685068506851 "
"1","
"
"1","   -8.134464e-02 "
"1","   -8.130634e-02 "
"1","   -8.126785e-02 "
"1","
"
"1","29.0690069006901 "
"1","29.0695069506951 "
"1","29.0700070007001 "
"1","
"
"1","   -8.122919e-02 "
"1","   -8.119034e-02 "
"1","   -8.115130e-02 "
"1","
"
"1","29.0705070507051 "
"1","29.0710071007101 "
"1","29.0715071507151 "
"1","
"
"1","   -8.111209e-02 "
"1","   -8.107269e-02 "
"1","   -8.103310e-02 "
"1","
"
"1","29.0720072007201 "
"1","29.0725072507251 "
"1","29.0730073007301 "
"1","
"
"1","   -8.099333e-02 "
"1","   -8.095338e-02 "
"1","   -8.091324e-02 "
"1","
"
"1","29.0735073507351 "
"1","29.0740074007401 "
"1","29.0745074507451 "
"1","
"
"1","   -8.087292e-02 "
"1","   -8.083241e-02 "
"1","   -8.079172e-02 "
"1","
"
"1","29.0750075007501 "
"1","29.0755075507551 "
"1","29.0760076007601 "
"1","
"
"1","   -8.075084e-02 "
"1","   -8.070978e-02 "
"1","   -8.066853e-02 "
"1","
"
"1","29.0765076507651 "
"1","29.0770077007701 "
"1","29.0775077507751 "
"1","
"
"1","   -8.062709e-02 "
"1","   -8.058547e-02 "
"1","   -8.054366e-02 "
"1","
"
"1","29.0780078007801 "
"1","29.0785078507851 "
"1","29.0790079007901 "
"1","
"
"1","   -8.050166e-02 "
"1","   -8.045947e-02 "
"1","   -8.041710e-02 "
"1","
"
"1","29.0795079507951 "
"1","29.0800080008001 "
"1","29.0805080508051 "
"1","
"
"1","   -8.037454e-02 "
"1","   -8.033179e-02 "
"1","   -8.028885e-02 "
"1","
"
"1","29.0810081008101 "
"1","29.0815081508151 "
"1","29.0820082008201 "
"1","
"
"1","   -8.024573e-02 "
"1","   -8.020241e-02 "
"1","   -8.015890e-02 "
"1","
"
"1","29.0825082508251 "
"1","29.0830083008301 "
"1","29.0835083508351 "
"1","
"
"1","   -8.011521e-02 "
"1","   -8.007133e-02 "
"1","   -8.002725e-02 "
"1","
"
"1","29.0840084008401 "
"1","29.0845084508451 "
"1","29.0850085008501 "
"1","
"
"1","   -7.998299e-02 "
"1","   -7.993853e-02 "
"1","   -7.989388e-02 "
"1","
"
"1","29.0855085508551 "
"1","29.0860086008601 "
"1","29.0865086508651 "
"1","
"
"1","   -7.984905e-02 "
"1","   -7.980402e-02 "
"1","   -7.975880e-02 "
"1","
"
"1","29.0870087008701 "
"1","29.0875087508751 "
"1","29.0880088008801 "
"1","
"
"1","   -7.971339e-02 "
"1","   -7.966778e-02 "
"1","   -7.962198e-02 "
"1","
"
"1","29.0885088508851 "
"1","29.0890089008901 "
"1","29.0895089508951 "
"1","
"
"1","   -7.957599e-02 "
"1","   -7.952981e-02 "
"1","   -7.948344e-02 "
"1","
"
"1","29.0900090009001 "
"1","29.0905090509051 "
"1","29.0910091009101 "
"1","
"
"1","   -7.943687e-02 "
"1","   -7.939010e-02 "
"1","   -7.934315e-02 "
"1","
"
"1","29.0915091509151 "
"1","29.0920092009201 "
"1","29.0925092509251 "
"1","
"
"1","   -7.929600e-02 "
"1","   -7.924865e-02 "
"1","   -7.920111e-02 "
"1","
"
"1","29.0930093009301 "
"1","29.0935093509351 "
"1","29.0940094009401 "
"1","
"
"1","   -7.915337e-02 "
"1","   -7.910544e-02 "
"1","   -7.905731e-02 "
"1","
"
"1","29.0945094509451 "
"1","29.0950095009501 "
"1","29.0955095509551 "
"1","
"
"1","   -7.900899e-02 "
"1","   -7.896047e-02 "
"1","   -7.891176e-02 "
"1","
"
"1","29.0960096009601 "
"1","29.0965096509651 "
"1","29.0970097009701 "
"1","
"
"1","   -7.886284e-02 "
"1","   -7.881373e-02 "
"1","   -7.876443e-02 "
"1","
"
"1","29.0975097509751 "
"1","29.0980098009801 "
"1","29.0985098509851 "
"1","
"
"1","   -7.871492e-02 "
"1","   -7.866522e-02 "
"1","   -7.861532e-02 "
"1","
"
"1","29.0990099009901 "
"1","29.0995099509951 "
"1","29.1000100010001 "
"1","
"
"1","   -7.856522e-02 "
"1","   -7.851492e-02 "
"1","   -7.846443e-02 "
"1","
"
"1","29.1005100510051 "
"1","29.1010101010101 "
"1","29.1015101510151 "
"1","
"
"1","   -7.841373e-02 "
"1","   -7.836284e-02 "
"1","   -7.831174e-02 "
"1","
"
"1","29.1020102010201 "
"1","29.1025102510251 "
"1","29.1030103010301 "
"1","
"
"1","   -7.826045e-02 "
"1","   -7.820895e-02 "
"1","   -7.815726e-02 "
"1","
"
"1","29.1035103510351 "
"1","29.1040104010401 "
"1","29.1045104510451 "
"1","
"
"1","   -7.810536e-02 "
"1","   -7.805326e-02 "
"1","   -7.800097e-02 "
"1","
"
"1","29.1050105010501 "
"1","29.1055105510551 "
"1","29.1060106010601 "
"1","
"
"1","   -7.794846e-02 "
"1","   -7.789576e-02 "
"1","   -7.784286e-02 "
"1","
"
"1","29.1065106510651 "
"1","29.1070107010701 "
"1","29.1075107510751 "
"1","
"
"1","   -7.778975e-02 "
"1","   -7.773644e-02 "
"1","   -7.768293e-02 "
"1","
"
"1","29.1080108010801 "
"1","29.1085108510851 "
"1","29.1090109010901 "
"1","
"
"1","   -7.762921e-02 "
"1","   -7.757529e-02 "
"1","   -7.752116e-02 "
"1","
"
"1","29.1095109510951 "
"1","29.1100110011001 "
"1","29.1105110511051 "
"1","
"
"1","   -7.746684e-02 "
"1","   -7.741230e-02 "
"1","   -7.735757e-02 "
"1","
"
"1","29.1110111011101 "
"1","29.1115111511151 "
"1","29.1120112011201 "
"1","
"
"1","   -7.730262e-02 "
"1","   -7.724747e-02 "
"1","   -7.719212e-02 "
"1","
"
"1","29.1125112511251 "
"1","29.1130113011301 "
"1","29.1135113511351 "
"1","
"
"1","   -7.713656e-02 "
"1","   -7.708079e-02 "
"1","   -7.702482e-02 "
"1","
"
"1","29.1140114011401 "
"1","29.1145114511451 "
"1","29.1150115011501 "
"1","
"
"1","   -7.696864e-02 "
"1","   -7.691226e-02 "
"1","   -7.685566e-02 "
"1","
"
"1","29.1155115511551 "
"1","29.1160116011601 "
"1","29.1165116511651 "
"1","
"
"1","   -7.679886e-02 "
"1","   -7.674185e-02 "
"1","   -7.668463e-02 "
"1","
"
"1","29.1170117011701 "
"1","29.1175117511751 "
"1","29.1180118011801 "
"1","
"
"1","   -7.662721e-02 "
"1","   -7.656957e-02 "
"1","   -7.651173e-02 "
"1","
"
"1","29.1185118511851 "
"1","29.1190119011901 "
"1","29.1195119511951 "
"1","
"
"1","   -7.645368e-02 "
"1","   -7.639541e-02 "
"1","   -7.633694e-02 "
"1","
"
"1","29.1200120012001 "
"1","29.1205120512051 "
"1","29.1210121012101 "
"1","
"
"1","   -7.627826e-02 "
"1","   -7.621936e-02 "
"1","   -7.616026e-02 "
"1","
"
"1","29.1215121512151 "
"1","29.1220122012201 "
"1","29.1225122512251 "
"1","
"
"1","   -7.610094e-02 "
"1","   -7.604141e-02 "
"1","   -7.598168e-02 "
"1","
"
"1","29.1230123012301 "
"1","29.1235123512351 "
"1","29.1240124012401 "
"1","
"
"1","   -7.592172e-02 "
"1","   -7.586156e-02 "
"1","   -7.580119e-02 "
"1","
"
"1","29.1245124512451 "
"1","29.1250125012501 "
"1","29.1255125512551 "
"1","
"
"1","   -7.574060e-02 "
"1","   -7.567979e-02 "
"1","   -7.561878e-02 "
"1","
"
"1","29.1260126012601 "
"1","29.1265126512651 "
"1","29.1270127012701 "
"1","
"
"1","   -7.555755e-02 "
"1","   -7.549611e-02 "
"1","   -7.543445e-02 "
"1","
"
"1","29.1275127512751 "
"1","29.1280128012801 "
"1","29.1285128512851 "
"1","
"
"1","   -7.537258e-02 "
"1","   -7.531049e-02 "
"1","   -7.524819e-02 "
"1","
"
"1","29.1290129012901 "
"1","29.1295129512951 "
"1","29.1300130013001 "
"1","
"
"1","   -7.518567e-02 "
"1","   -7.512293e-02 "
"1","   -7.505998e-02 "
"1","
"
"1","29.1305130513051 "
"1","29.1310131013101 "
"1","29.1315131513151 "
"1","
"
"1","   -7.499682e-02 "
"1","   -7.493343e-02 "
"1","   -7.486983e-02 "
"1","
"
"1","29.1320132013201 "
"1","29.1325132513251 "
"1","29.1330133013301 "
"1","
"
"1","   -7.480602e-02 "
"1","   -7.474198e-02 "
"1","   -7.467773e-02 "
"1","
"
"1","29.1335133513351 "
"1","29.1340134013401 "
"1","29.1345134513451 "
"1","
"
"1","   -7.461325e-02 "
"1","   -7.454856e-02 "
"1","   -7.448366e-02 "
"1","
"
"1","29.1350135013501 "
"1","29.1355135513551 "
"1","29.1360136013601 "
"1","
"
"1","   -7.441853e-02 "
"1","   -7.435318e-02 "
"1","   -7.428761e-02 "
"1","
"
"1","29.1365136513651 "
"1","29.1370137013701 "
"1","29.1375137513751 "
"1","
"
"1","   -7.422182e-02 "
"1","   -7.415581e-02 "
"1","   -7.408959e-02 "
"1","
"
"1","29.1380138013801 "
"1","29.1385138513851 "
"1","29.1390139013901 "
"1","
"
"1","   -7.402314e-02 "
"1","   -7.395646e-02 "
"1","   -7.388957e-02 "
"1","
"
"1","29.1395139513951 "
"1","29.1400140014001 "
"1","29.1405140514051 "
"1","
"
"1","   -7.382246e-02 "
"1","   -7.375512e-02 "
"1","   -7.368756e-02 "
"1","
"
"1","29.1410141014101 "
"1","29.1415141514151 "
"1","29.1420142014201 "
"1","
"
"1","   -7.361978e-02 "
"1","   -7.355177e-02 "
"1","   -7.348354e-02 "
"1","
"
"1","29.1425142514251 "
"1","29.1430143014301 "
"1","29.1435143514351 "
"1","
"
"1","   -7.341509e-02 "
"1","   -7.334641e-02 "
"1","   -7.327751e-02 "
"1","
"
"1","29.1440144014401 "
"1","29.1445144514451 "
"1","29.1450145014501 "
"1","
"
"1","   -7.320838e-02 "
"1","   -7.313903e-02 "
"1","   -7.306945e-02 "
"1","
"
"1","29.1455145514551 "
"1","29.1460146014601 "
"1","29.1465146514651 "
"1","
"
"1","   -7.299965e-02 "
"1","   -7.292962e-02 "
"1","   -7.285937e-02 "
"1","
"
"1","29.1470147014701 "
"1","29.1475147514751 "
"1","29.1480148014801 "
"1","
"
"1","   -7.278889e-02 "
"1","   -7.271818e-02 "
"1","   -7.264724e-02 "
"1","
"
"1","29.1485148514851 "
"1","29.1490149014901 "
"1","29.1495149514951 "
"1","
"
"1","   -7.257608e-02 "
"1","   -7.250469e-02 "
"1","   -7.243307e-02 "
"1","
"
"1","29.1500150015002 "
"1","29.1505150515051 "
"1","29.1510151015102 "
"1","
"
"1","   -7.236122e-02 "
"1","   -7.228914e-02 "
"1","   -7.221684e-02 "
"1","
"
"1","29.1515151515152 "
"1","29.1520152015202 "
"1","29.1525152515252 "
"1","
"
"1","   -7.214430e-02 "
"1","   -7.207154e-02 "
"1","   -7.199854e-02 "
"1","
"
"1","29.1530153015302 "
"1","29.1535153515352 "
"1","29.1540154015402 "
"1","
"
"1","   -7.192532e-02 "
"1","   -7.185186e-02 "
"1","   -7.177817e-02 "
"1","
"
"1","29.1545154515452 "
"1","29.1550155015502 "
"1","29.1555155515552 "
"1","
"
"1","   -7.170425e-02 "
"1","   -7.163010e-02 "
"1","   -7.155572e-02 "
"1","
"
"1","29.1560156015602 "
"1","29.1565156515652 "
"1","29.1570157015702 "
"1","
"
"1","   -7.148111e-02 "
"1","   -7.140626e-02 "
"1","   -7.133118e-02 "
"1","
"
"1","29.1575157515752 "
"1","29.1580158015802 "
"1","29.1585158515852 "
"1","
"
"1","   -7.125586e-02 "
"1","   -7.118032e-02 "
"1","   -7.110453e-02 "
"1","
"
"1","29.1590159015902 "
"1","29.1595159515952 "
"1","29.1600160016002 "
"1","
"
"1","   -7.102852e-02 "
"1","   -7.095227e-02 "
"1","   -7.087578e-02 "
"1","
"
"1","29.1605160516052 "
"1","29.1610161016102 "
"1","29.1615161516152 "
"1","
"
"1","   -7.079906e-02 "
"1","   -7.072210e-02 "
"1","   -7.064491e-02 "
"1","
"
"1","29.1620162016202 "
"1","29.1625162516252 "
"1","29.1630163016302 "
"1","
"
"1","   -7.056748e-02 "
"1","   -7.048982e-02 "
"1","   -7.041192e-02 "
"1","
"
"1","29.1635163516352 "
"1","29.1640164016402 "
"1","29.1645164516452 "
"1","
"
"1","   -7.033378e-02 "
"1","   -7.025540e-02 "
"1","   -7.017678e-02 "
"1","
"
"1","29.1650165016502 "
"1","29.1655165516552 "
"1","29.1660166016602 "
"1","
"
"1","   -7.009793e-02 "
"1","   -7.001884e-02 "
"1","   -6.993951e-02 "
"1","
"
"1","29.1665166516652 "
"1","29.1670167016702 "
"1","29.1675167516752 "
"1","
"
"1","   -6.985994e-02 "
"1","   -6.978013e-02 "
"1","   -6.970008e-02 "
"1","
"
"1","29.1680168016802 "
"1","29.1685168516852 "
"1","29.1690169016902 "
"1","
"
"1","   -6.961979e-02 "
"1","   -6.953926e-02 "
"1","   -6.945849e-02 "
"1","
"
"1","29.1695169516952 "
"1","29.1700170017002 "
"1","29.1705170517052 "
"1","
"
"1","   -6.937748e-02 "
"1","   -6.929622e-02 "
"1","   -6.921473e-02 "
"1","
"
"1","29.1710171017102 "
"1","29.1715171517152 "
"1","29.1720172017202 "
"1","
"
"1","   -6.913299e-02 "
"1","   -6.905101e-02 "
"1","   -6.896878e-02 "
"1","
"
"1","29.1725172517252 "
"1","29.1730173017302 "
"1","29.1735173517352 "
"1","
"
"1","   -6.888632e-02 "
"1","   -6.880361e-02 "
"1","   -6.872065e-02 "
"1","
"
"1","29.1740174017402 "
"1","29.1745174517452 "
"1","29.1750175017502 "
"1","
"
"1","   -6.863745e-02 "
"1","   -6.855401e-02 "
"1","   -6.847032e-02 "
"1","
"
"1","29.1755175517552 "
"1","29.1760176017602 "
"1","29.1765176517652 "
"1","
"
"1","   -6.838639e-02 "
"1","   -6.830221e-02 "
"1","   -6.821778e-02 "
"1","
"
"1","29.1770177017702 "
"1","29.1775177517752 "
"1","29.1780178017802 "
"1","
"
"1","   -6.813311e-02 "
"1","   -6.804819e-02 "
"1","   -6.796303e-02 "
"1","
"
"1","29.1785178517852 "
"1","29.1790179017902 "
"1","29.1795179517952 "
"1","
"
"1","   -6.787762e-02 "
"1","   -6.779196e-02 "
"1","   -6.770605e-02 "
"1","
"
"1","29.1800180018002 "
"1","29.1805180518052 "
"1","29.1810181018102 "
"1","
"
"1","   -6.761989e-02 "
"1","   -6.753349e-02 "
"1","   -6.744683e-02 "
"1","
"
"1","29.1815181518152 "
"1","29.1820182018202 "
"1","29.1825182518252 "
"1","
"
"1","   -6.735993e-02 "
"1","   -6.727277e-02 "
"1","   -6.718537e-02 "
"1","
"
"1","29.1830183018302 "
"1","29.1835183518352 "
"1","29.1840184018402 "
"1","
"
"1","   -6.709772e-02 "
"1","   -6.700981e-02 "
"1","   -6.692165e-02 "
"1","
"
"1","29.1845184518452 "
"1","29.1850185018502 "
"1","29.1855185518552 "
"1","
"
"1","   -6.683325e-02 "
"1","   -6.674459e-02 "
"1","   -6.665568e-02 "
"1","
"
"1","29.1860186018602 "
"1","29.1865186518652 "
"1","29.1870187018702 "
"1","
"
"1","   -6.656651e-02 "
"1","   -6.647709e-02 "
"1","   -6.638742e-02 "
"1","
"
"1","29.1875187518752 "
"1","29.1880188018802 "
"1","29.1885188518852 "
"1","
"
"1","   -6.629750e-02 "
"1","   -6.620732e-02 "
"1","   -6.611689e-02 "
"1","
"
"1","29.1890189018902 "
"1","29.1895189518952 "
"1","29.1900190019002 "
"1","
"
"1","   -6.602620e-02 "
"1","   -6.593526e-02 "
"1","   -6.584406e-02 "
"1","
"
"1","29.1905190519052 "
"1","29.1910191019102 "
"1","29.1915191519152 "
"1","
"
"1","   -6.575261e-02 "
"1","   -6.566090e-02 "
"1","   -6.556894e-02 "
"1","
"
"1","29.1920192019202 "
"1","29.1925192519252 "
"1","29.1930193019302 "
"1","
"
"1","   -6.547671e-02 "
"1","   -6.538424e-02 "
"1","   -6.529150e-02 "
"1","
"
"1","29.1935193519352 "
"1","29.1940194019402 "
"1","29.1945194519452 "
"1","
"
"1","   -6.519850e-02 "
"1","   -6.510525e-02 "
"1","   -6.501174e-02 "
"1","
"
"1","29.1950195019502 "
"1","29.1955195519552 "
"1","29.1960196019602 "
"1","
"
"1","   -6.491797e-02 "
"1","   -6.482394e-02 "
"1","   -6.472965e-02 "
"1","
"
"1","29.1965196519652 "
"1","29.1970197019702 "
"1","29.1975197519752 "
"1","
"
"1","   -6.463510e-02 "
"1","   -6.454029e-02 "
"1","   -6.444522e-02 "
"1","
"
"1","29.1980198019802 "
"1","29.1985198519852 "
"1","29.1990199019902 "
"1","
"
"1","   -6.434989e-02 "
"1","   -6.425430e-02 "
"1","   -6.415844e-02 "
"1","
"
"1","29.1995199519952 "
"1","29.2000200020002 "
"1","29.2005200520052 "
"1","
"
"1","   -6.406233e-02 "
"1","   -6.396595e-02 "
"1","   -6.386930e-02 "
"1","
"
"1","29.2010201020102 "
"1","29.2015201520152 "
"1","29.2020202020202 "
"1","
"
"1","   -6.377240e-02 "
"1","   -6.367523e-02 "
"1","   -6.357780e-02 "
"1","
"
"1","29.2025202520252 "
"1","29.2030203020302 "
"1","29.2035203520352 "
"1","
"
"1","   -6.348010e-02 "
"1","   -6.338214e-02 "
"1","   -6.328391e-02 "
"1","
"
"1","29.2040204020402 "
"1","29.2045204520452 "
"1","29.2050205020502 "
"1","
"
"1","   -6.318542e-02 "
"1","   -6.308666e-02 "
"1","   -6.298763e-02 "
"1","
"
"1","29.2055205520552 "
"1","29.2060206020602 "
"1","29.2065206520652 "
"1","
"
"1","   -6.288834e-02 "
"1","   -6.278879e-02 "
"1","   -6.268896e-02 "
"1","
"
"1","29.2070207020702 "
"1","29.2075207520752 "
"1","29.2080208020802 "
"1","
"
"1","   -6.258887e-02 "
"1","   -6.248851e-02 "
"1","   -6.238788e-02 "
"1","
"
"1","29.2085208520852 "
"1","29.2090209020902 "
"1","29.2095209520952 "
"1","
"
"1","   -6.228698e-02 "
"1","   -6.218581e-02 "
"1","   -6.208437e-02 "
"1","
"
"1","29.2100210021002 "
"1","29.2105210521052 "
"1","29.2110211021102 "
"1","
"
"1","   -6.198267e-02 "
"1","   -6.188069e-02 "
"1","   -6.177844e-02 "
"1","
"
"1","29.2115211521152 "
"1","29.2120212021202 "
"1","29.2125212521252 "
"1","
"
"1","   -6.167593e-02 "
"1","   -6.157314e-02 "
"1","   -6.147007e-02 "
"1","
"
"1","29.2130213021302 "
"1","29.2135213521352 "
"1","29.2140214021402 "
"1","
"
"1","   -6.136674e-02 "
"1","   -6.126313e-02 "
"1","   -6.115926e-02 "
"1","
"
"1","29.2145214521452 "
"1","29.2150215021502 "
"1","29.2155215521552 "
"1","
"
"1","   -6.105510e-02 "
"1","   -6.095068e-02 "
"1","   -6.084598e-02 "
"1","
"
"1","29.2160216021602 "
"1","29.2165216521652 "
"1","29.2170217021702 "
"1","
"
"1","   -6.074100e-02 "
"1","   -6.063575e-02 "
"1","   -6.053023e-02 "
"1","
"
"1","29.2175217521752 "
"1","29.2180218021802 "
"1","29.2185218521852 "
"1","
"
"1","   -6.042443e-02 "
"1","   -6.031836e-02 "
"1","   -6.021200e-02 "
"1","
"
"1","29.2190219021902 "
"1","29.2195219521952 "
"1","29.2200220022002 "
"1","
"
"1","   -6.010538e-02 "
"1","   -5.999847e-02 "
"1","   -5.989129e-02 "
"1","
"
"1","29.2205220522052 "
"1","29.2210221022102 "
"1","29.2215221522152 "
"1","
"
"1","   -5.978383e-02 "
"1","   -5.967609e-02 "
"1","   -5.956807e-02 "
"1","
"
"1","29.2220222022202 "
"1","29.2225222522252 "
"1","29.2230223022302 "
"1","
"
"1","   -5.945977e-02 "
"1","   -5.935120e-02 "
"1","   -5.924234e-02 "
"1","
"
"1","29.2235223522352 "
"1","29.2240224022402 "
"1","29.2245224522452 "
"1","
"
"1","   -5.913321e-02 "
"1","   -5.902379e-02 "
"1","   -5.891410e-02 "
"1","
"
"1","29.2250225022502 "
"1","29.2255225522552 "
"1","29.2260226022602 "
"1","
"
"1","   -5.880412e-02 "
"1","   -5.869386e-02 "
"1","   -5.858332e-02 "
"1","
"
"1","29.2265226522652 "
"1","29.2270227022702 "
"1","29.2275227522752 "
"1","
"
"1","   -5.847249e-02 "
"1","   -5.836139e-02 "
"1","   -5.825000e-02 "
"1","
"
"1","29.2280228022802 "
"1","29.2285228522852 "
"1","29.2290229022902 "
"1","
"
"1","   -5.813832e-02 "
"1","   -5.802637e-02 "
"1","   -5.791412e-02 "
"1","
"
"1","29.2295229522952 "
"1","29.2300230023002 "
"1","29.2305230523052 "
"1","
"
"1","   -5.780160e-02 "
"1","   -5.768879e-02 "
"1","   -5.757569e-02 "
"1","
"
"1","29.2310231023102 "
"1","29.2315231523152 "
"1","29.2320232023202 "
"1","
"
"1","   -5.746231e-02 "
"1","   -5.734864e-02 "
"1","   -5.723468e-02 "
"1","
"
"1","29.2325232523252 "
"1","29.2330233023302 "
"1","29.2335233523352 "
"1","
"
"1","   -5.712044e-02 "
"1","   -5.700591e-02 "
"1","   -5.689109e-02 "
"1","
"
"1","29.2340234023402 "
"1","29.2345234523452 "
"1","29.2350235023502 "
"1","
"
"1","   -5.677598e-02 "
"1","   -5.666059e-02 "
"1","   -5.654490e-02 "
"1","
"
"1","29.2355235523552 "
"1","29.2360236023602 "
"1","29.2365236523652 "
"1","
"
"1","   -5.642893e-02 "
"1","   -5.631267e-02 "
"1","   -5.619611e-02 "
"1","
"
"1","29.2370237023702 "
"1","29.2375237523752 "
"1","29.2380238023802 "
"1","
"
"1","   -5.607927e-02 "
"1","   -5.596213e-02 "
"1","   -5.584471e-02 "
"1","
"
"1","29.2385238523852 "
"1","29.2390239023902 "
"1","29.2395239523952 "
"1","
"
"1","   -5.572699e-02 "
"1","   -5.560898e-02 "
"1","   -5.549067e-02 "
"1","
"
"1","29.2400240024002 "
"1","29.2405240524052 "
"1","29.2410241024102 "
"1","
"
"1","   -5.537208e-02 "
"1","   -5.525319e-02 "
"1","   -5.513401e-02 "
"1","
"
"1","29.2415241524152 "
"1","29.2420242024202 "
"1","29.2425242524252 "
"1","
"
"1","   -5.501453e-02 "
"1","   -5.489475e-02 "
"1","   -5.477469e-02 "
"1","
"
"1","29.2430243024302 "
"1","29.2435243524352 "
"1","29.2440244024402 "
"1","
"
"1","   -5.465432e-02 "
"1","   -5.453367e-02 "
"1","   -5.441271e-02 "
"1","
"
"1","29.2445244524452 "
"1","29.2450245024502 "
"1","29.2455245524552 "
"1","
"
"1","   -5.429146e-02 "
"1","   -5.416991e-02 "
"1","   -5.404807e-02 "
"1","
"
"1","29.2460246024602 "
"1","29.2465246524652 "
"1","29.2470247024702 "
"1","
"
"1","   -5.392592e-02 "
"1","   -5.380348e-02 "
"1","   -5.368074e-02 "
"1","
"
"1","29.2475247524752 "
"1","29.2480248024802 "
"1","29.2485248524853 "
"1","
"
"1","   -5.355770e-02 "
"1","   -5.343436e-02 "
"1","   -5.331072e-02 "
"1","
"
"1","29.2490249024902 "
"1","29.2495249524952 "
"1","29.2500250025003 "
"1","
"
"1","   -5.318678e-02 "
"1","   -5.306254e-02 "
"1","   -5.293800e-02 "
"1","
"
"1","29.2505250525052 "
"1","29.2510251025103 "
"1","29.2515251525153 "
"1","
"
"1","   -5.281316e-02 "
"1","   -5.268801e-02 "
"1","   -5.256257e-02 "
"1","
"
"1","29.2520252025203 "
"1","29.2525252525253 "
"1","29.2530253025303 "
"1","
"
"1","   -5.243682e-02 "
"1","   -5.231076e-02 "
"1","   -5.218441e-02 "
"1","
"
"1","29.2535253525353 "
"1","29.2540254025403 "
"1","29.2545254525453 "
"1","
"
"1","   -5.205775e-02 "
"1","   -5.193078e-02 "
"1","   -5.180351e-02 "
"1","
"
"1","29.2550255025503 "
"1","29.2555255525553 "
"1","29.2560256025603 "
"1","
"
"1","   -5.167594e-02 "
"1","   -5.154806e-02 "
"1","   -5.141987e-02 "
"1","
"
"1","29.2565256525653 "
"1","29.2570257025703 "
"1","29.2575257525753 "
"1","
"
"1","   -5.129138e-02 "
"1","   -5.116258e-02 "
"1","   -5.103347e-02 "
"1","
"
"1","29.2580258025803 "
"1","29.2585258525853 "
"1","29.2590259025903 "
"1","
"
"1","   -5.090406e-02 "
"1","   -5.077434e-02 "
"1","   -5.064431e-02 "
"1","
"
"1","29.2595259525953 "
"1","29.2600260026003 "
"1","29.2605260526053 "
"1","
"
"1","   -5.051397e-02 "
"1","   -5.038332e-02 "
"1","   -5.025236e-02 "
"1","
"
"1","29.2610261026103 "
"1","29.2615261526153 "
"1","29.2620262026203 "
"1","
"
"1","   -5.012109e-02 "
"1","   -4.998951e-02 "
"1","   -4.985762e-02 "
"1","
"
"1","29.2625262526253 "
"1","29.2630263026303 "
"1","29.2635263526353 "
"1","
"
"1","   -4.972542e-02 "
"1","   -4.959290e-02 "
"1","   -4.946007e-02 "
"1","
"
"1","29.2640264026403 "
"1","29.2645264526453 "
"1","29.2650265026503 "
"1","
"
"1","   -4.932694e-02 "
"1","   -4.919348e-02 "
"1","   -4.905972e-02 "
"1","
"
"1","29.2655265526553 "
"1","29.2660266026603 "
"1","29.2665266526653 "
"1","
"
"1","   -4.892564e-02 "
"1","   -4.879124e-02 "
"1","   -4.865654e-02 "
"1","
"
"1","29.2670267026703 "
"1","29.2675267526753 "
"1","29.2680268026803 "
"1","
"
"1","   -4.852151e-02 "
"1","   -4.838617e-02 "
"1","   -4.825052e-02 "
"1","
"
"1","29.2685268526853 "
"1","29.2690269026903 "
"1","29.2695269526953 "
"1","
"
"1","   -4.811454e-02 "
"1","   -4.797825e-02 "
"1","   -4.784165e-02 "
"1","
"
"1","29.2700270027003 "
"1","29.2705270527053 "
"1","29.2710271027103 "
"1","
"
"1","   -4.770472e-02 "
"1","   -4.756748e-02 "
"1","   -4.742992e-02 "
"1","
"
"1","29.2715271527153 "
"1","29.2720272027203 "
"1","29.2725272527253 "
"1","
"
"1","   -4.729204e-02 "
"1","   -4.715384e-02 "
"1","   -4.701532e-02 "
"1","
"
"1","29.2730273027303 "
"1","29.2735273527353 "
"1","29.2740274027403 "
"1","
"
"1","   -4.687648e-02 "
"1","   -4.673732e-02 "
"1","   -4.659784e-02 "
"1","
"
"1","29.2745274527453 "
"1","29.2750275027503 "
"1","29.2755275527553 "
"1","
"
"1","   -4.645803e-02 "
"1","   -4.631791e-02 "
"1","   -4.617746e-02 "
"1","
"
"1","29.2760276027603 "
"1","29.2765276527653 "
"1","29.2770277027703 "
"1","
"
"1","   -4.603669e-02 "
"1","   -4.589559e-02 "
"1","   -4.575417e-02 "
"1","
"
"1","29.2775277527753 "
"1","29.2780278027803 "
"1","29.2785278527853 "
"1","
"
"1","   -4.561243e-02 "
"1","   -4.547036e-02 "
"1","   -4.532797e-02 "
"1","
"
"1","29.2790279027903 "
"1","29.2795279527953 "
"1","29.2800280028003 "
"1","
"
"1","   -4.518525e-02 "
"1","   -4.504221e-02 "
"1","   -4.489884e-02 "
"1","
"
"1","29.2805280528053 "
"1","29.2810281028103 "
"1","29.2815281528153 "
"1","
"
"1","   -4.475514e-02 "
"1","   -4.461112e-02 "
"1","   -4.446677e-02 "
"1","
"
"1","29.2820282028203 "
"1","29.2825282528253 "
"1","29.2830283028303 "
"1","
"
"1","   -4.432209e-02 "
"1","   -4.417708e-02 "
"1","   -4.403174e-02 "
"1","
"
"1","29.2835283528353 "
"1","29.2840284028403 "
"1","29.2845284528453 "
"1","
"
"1","   -4.388608e-02 "
"1","   -4.374008e-02 "
"1","   -4.359375e-02 "
"1","
"
"1","29.2850285028503 "
"1","29.2855285528553 "
"1","29.2860286028603 "
"1","
"
"1","   -4.344709e-02 "
"1","   -4.330010e-02 "
"1","   -4.315278e-02 "
"1","
"
"1","29.2865286528653 "
"1","29.2870287028703 "
"1","29.2875287528753 "
"1","
"
"1","   -4.300513e-02 "
"1","   -4.285715e-02 "
"1","   -4.270883e-02 "
"1","
"
"1","29.2880288028803 "
"1","29.2885288528853 "
"1","29.2890289028903 "
"1","
"
"1","   -4.256018e-02 "
"1","   -4.241119e-02 "
"1","   -4.226187e-02 "
"1","
"
"1","29.2895289528953 "
"1","29.2900290029003 "
"1","29.2905290529053 "
"1","
"
"1","   -4.211222e-02 "
"1","   -4.196223e-02 "
"1","   -4.181190e-02 "
"1","
"
"1","29.2910291029103 "
"1","29.2915291529153 "
"1","29.2920292029203 "
"1","
"
"1","   -4.166124e-02 "
"1","   -4.151024e-02 "
"1","   -4.135891e-02 "
"1","
"
"1","29.2925292529253 "
"1","29.2930293029303 "
"1","29.2935293529353 "
"1","
"
"1","   -4.120724e-02 "
"1","   -4.105523e-02 "
"1","   -4.090288e-02 "
"1","
"
"1","29.2940294029403 "
"1","29.2945294529453 "
"1","29.2950295029503 "
"1","
"
"1","   -4.075019e-02 "
"1","   -4.059716e-02 "
"1","   -4.044380e-02 "
"1","
"
"1","29.2955295529553 "
"1","29.2960296029603 "
"1","29.2965296529653 "
"1","
"
"1","   -4.029009e-02 "
"1","   -4.013605e-02 "
"1","   -3.998166e-02 "
"1","
"
"1","29.2970297029703 "
"1","29.2975297529753 "
"1","29.2980298029803 "
"1","
"
"1","   -3.982693e-02 "
"1","   -3.967186e-02 "
"1","   -3.951645e-02 "
"1","
"
"1","29.2985298529853 "
"1","29.2990299029903 "
"1","29.2995299529953 "
"1","
"
"1","   -3.936069e-02 "
"1","   -3.920459e-02 "
"1","   -3.904815e-02 "
"1","
"
"1","29.3000300030003 "
"1","29.3005300530053 "
"1","29.3010301030103 "
"1","
"
"1","   -3.889136e-02 "
"1","   -3.873423e-02 "
"1","   -3.857676e-02 "
"1","
"
"1","29.3015301530153 "
"1","29.3020302030203 "
"1","29.3025302530253 "
"1","
"
"1","   -3.841894e-02 "
"1","   -3.826077e-02 "
"1","   -3.810225e-02 "
"1","
"
"1","29.3030303030303 "
"1","29.3035303530353 "
"1","29.3040304030403 "
"1","
"
"1","   -3.794339e-02 "
"1","   -3.778419e-02 "
"1","   -3.762463e-02 "
"1","
"
"1","29.3045304530453 "
"1","29.3050305030503 "
"1","29.3055305530553 "
"1","
"
"1","   -3.746473e-02 "
"1","   -3.730447e-02 "
"1","   -3.714387e-02 "
"1","
"
"1","29.3060306030603 "
"1","29.3065306530653 "
"1","29.3070307030703 "
"1","
"
"1","   -3.698292e-02 "
"1","   -3.682162e-02 "
"1","   -3.665997e-02 "
"1","
"
"1","29.3075307530753 "
"1","29.3080308030803 "
"1","29.3085308530853 "
"1","
"
"1","   -3.649797e-02 "
"1","   -3.633561e-02 "
"1","   -3.617291e-02 "
"1","
"
"1","29.3090309030903 "
"1","29.3095309530953 "
"1","29.3100310031003 "
"1","
"
"1","   -3.600985e-02 "
"1","   -3.584644e-02 "
"1","   -3.568267e-02 "
"1","
"
"1","29.3105310531053 "
"1","29.3110311031103 "
"1","29.3115311531153 "
"1","
"
"1","   -3.551856e-02 "
"1","   -3.535408e-02 "
"1","   -3.518926e-02 "
"1","
"
"1","29.3120312031203 "
"1","29.3125312531253 "
"1","29.3130313031303 "
"1","
"
"1","   -3.502408e-02 "
"1","   -3.485854e-02 "
"1","   -3.469265e-02 "
"1","
"
"1","29.3135313531353 "
"1","29.3140314031403 "
"1","29.3145314531453 "
"1","
"
"1","   -3.452640e-02 "
"1","   -3.435979e-02 "
"1","   -3.419283e-02 "
"1","
"
"1","29.3150315031503 "
"1","29.3155315531553 "
"1","29.3160316031603 "
"1","
"
"1","   -3.402551e-02 "
"1","   -3.385783e-02 "
"1","   -3.368979e-02 "
"1","
"
"1","29.3165316531653 "
"1","29.3170317031703 "
"1","29.3175317531753 "
"1","
"
"1","   -3.352139e-02 "
"1","   -3.335263e-02 "
"1","   -3.318352e-02 "
"1","
"
"1","29.3180318031803 "
"1","29.3185318531853 "
"1","29.3190319031903 "
"1","
"
"1","   -3.301404e-02 "
"1","   -3.284420e-02 "
"1","   -3.267400e-02 "
"1","
"
"1","29.3195319531953 "
"1","29.3200320032003 "
"1","29.3205320532053 "
"1","
"
"1","   -3.250343e-02 "
"1","   -3.233251e-02 "
"1","   -3.216122e-02 "
"1","
"
"1","29.3210321032103 "
"1","29.3215321532153 "
"1","29.3220322032203 "
"1","
"
"1","   -3.198957e-02 "
"1","   -3.181755e-02 "
"1","   -3.164517e-02 "
"1","
"
"1","29.3225322532253 "
"1","29.3230323032303 "
"1","29.3235323532353 "
"1","
"
"1","   -3.147243e-02 "
"1","   -3.129932e-02 "
"1","   -3.112584e-02 "
"1","
"
"1","29.3240324032403 "
"1","29.3245324532453 "
"1","29.3250325032503 "
"1","
"
"1","   -3.095200e-02 "
"1","   -3.077779e-02 "
"1","   -3.060322e-02 "
"1","
"
"1","29.3255325532553 "
"1","29.3260326032603 "
"1","29.3265326532653 "
"1","
"
"1","   -3.042828e-02 "
"1","   -3.025296e-02 "
"1","   -3.007728e-02 "
"1","
"
"1","29.3270327032703 "
"1","29.3275327532753 "
"1","29.3280328032803 "
"1","
"
"1","   -2.990123e-02 "
"1","   -2.972482e-02 "
"1","   -2.954803e-02 "
"1","
"
"1","29.3285328532853 "
"1","29.3290329032903 "
"1","29.3295329532953 "
"1","
"
"1","   -2.937087e-02 "
"1","   -2.919334e-02 "
"1","   -2.901544e-02 "
"1","
"
"1","29.3300330033003 "
"1","29.3305330533053 "
"1","29.3310331033103 "
"1","
"
"1","   -2.883716e-02 "
"1","   -2.865852e-02 "
"1","   -2.847950e-02 "
"1","
"
"1","29.3315331533153 "
"1","29.3320332033203 "
"1","29.3325332533253 "
"1","
"
"1","   -2.830011e-02 "
"1","   -2.812034e-02 "
"1","   -2.794020e-02 "
"1","
"
"1","29.3330333033303 "
"1","29.3335333533353 "
"1","29.3340334033403 "
"1","
"
"1","   -2.775969e-02 "
"1","   -2.757880e-02 "
"1","   -2.739753e-02 "
"1","
"
"1","29.3345334533453 "
"1","29.3350335033503 "
"1","29.3355335533553 "
"1","
"
"1","   -2.721589e-02 "
"1","   -2.703387e-02 "
"1","   -2.685148e-02 "
"1","
"
"1","29.3360336033603 "
"1","29.3365336533653 "
"1","29.3370337033703 "
"1","
"
"1","   -2.666870e-02 "
"1","   -2.648555e-02 "
"1","   -2.630202e-02 "
"1","
"
"1","29.3375337533753 "
"1","29.3380338033803 "
"1","29.3385338533853 "
"1","
"
"1","   -2.611811e-02 "
"1","   -2.593383e-02 "
"1","   -2.574916e-02 "
"1","
"
"1","29.3390339033903 "
"1","29.3395339533953 "
"1","29.3400340034003 "
"1","
"
"1","   -2.556411e-02 "
"1","   -2.537868e-02 "
"1","   -2.519287e-02 "
"1","
"
"1","29.3405340534053 "
"1","29.3410341034103 "
"1","29.3415341534153 "
"1","
"
"1","   -2.500668e-02 "
"1","   -2.482010e-02 "
"1","   -2.463314e-02 "
"1","
"
"1","29.3420342034203 "
"1","29.3425342534253 "
"1","29.3430343034303 "
"1","
"
"1","   -2.444580e-02 "
"1","   -2.425807e-02 "
"1","   -2.406996e-02 "
"1","
"
"1","29.3435343534353 "
"1","29.3440344034403 "
"1","29.3445344534453 "
"1","
"
"1","   -2.388147e-02 "
"1","   -2.369259e-02 "
"1","   -2.350332e-02 "
"1","
"
"1","29.3450345034503 "
"1","29.3455345534553 "
"1","29.3460346034603 "
"1","
"
"1","   -2.331367e-02 "
"1","   -2.312363e-02 "
"1","   -2.293321e-02 "
"1","
"
"1","29.3465346534653 "
"1","29.3470347034703 "
"1","29.3475347534753 "
"1","
"
"1","   -2.274239e-02 "
"1","   -2.255119e-02 "
"1","   -2.235960e-02 "
"1","
"
"1","29.3480348034803 "
"1","29.3485348534853 "
"1","29.3490349034903 "
"1","
"
"1","   -2.216762e-02 "
"1","   -2.197525e-02 "
"1","   -2.178249e-02 "
"1","
"
"1","29.3495349534954 "
"1","29.3500350035003 "
"1","29.3505350535054 "
"1","
"
"1","   -2.158934e-02 "
"1","   -2.139580e-02 "
"1","   -2.120186e-02 "
"1","
"
"1","29.3510351035104 "
"1","29.3515351535153 "
"1","29.3520352035204 "
"1","
"
"1","   -2.100754e-02 "
"1","   -2.081282e-02 "
"1","   -2.061771e-02 "
"1","
"
"1","29.3525352535254 "
"1","29.3530353035304 "
"1","29.3535353535354 "
"1","
"
"1","   -2.042220e-02 "
"1","   -2.022631e-02 "
"1","   -2.003001e-02 "
"1","
"
"1","29.3540354035404 "
"1","29.3545354535454 "
"1","29.3550355035504 "
"1","
"
"1","   -1.983332e-02 "
"1","   -1.963624e-02 "
"1","   -1.943876e-02 "
"1","
"
"1","29.3555355535554 "
"1","29.3560356035604 "
"1","29.3565356535654 "
"1","
"
"1","   -1.924088e-02 "
"1","   -1.904261e-02 "
"1","   -1.884394e-02 "
"1","
"
"1","29.3570357035704 "
"1","29.3575357535754 "
"1","29.3580358035804 "
"1","
"
"1","   -1.864487e-02 "
"1","   -1.844540e-02 "
"1","   -1.824554e-02 "
"1","
"
"1","29.3585358535854 "
"1","29.3590359035904 "
"1","29.3595359535954 "
"1","
"
"1","   -1.804527e-02 "
"1","   -1.784460e-02 "
"1","   -1.764354e-02 "
"1","
"
"1","29.3600360036004 "
"1","29.3605360536054 "
"1","29.3610361036104 "
"1","
"
"1","   -1.744207e-02 "
"1","   -1.724020e-02 "
"1","   -1.703793e-02 "
"1","
"
"1","29.3615361536154 "
"1","29.3620362036204 "
"1","29.3625362536254 "
"1","
"
"1","   -1.683526e-02 "
"1","   -1.663218e-02 "
"1","   -1.642870e-02 "
"1","
"
"1","29.3630363036304 "
"1","29.3635363536354 "
"1","29.3640364036404 "
"1","
"
"1","   -1.622482e-02 "
"1","   -1.602053e-02 "
"1","   -1.581583e-02 "
"1","
"
"1","29.3645364536454 "
"1","29.3650365036504 "
"1","29.3655365536554 "
"1","
"
"1","   -1.561074e-02 "
"1","   -1.540523e-02 "
"1","   -1.519932e-02 "
"1","
"
"1","29.3660366036604 "
"1","29.3665366536654 "
"1","29.3670367036704 "
"1","
"
"1","   -1.499300e-02 "
"1","   -1.478628e-02 "
"1","   -1.457914e-02 "
"1","
"
"1","29.3675367536754 "
"1","29.3680368036804 "
"1","29.3685368536854 "
"1","
"
"1","   -1.437160e-02 "
"1","   -1.416365e-02 "
"1","   -1.395529e-02 "
"1","
"
"1","29.3690369036904 "
"1","29.3695369536954 "
"1","29.3700370037004 "
"1","
"
"1","   -1.374652e-02 "
"1","   -1.353734e-02 "
"1","   -1.332775e-02 "
"1","
"
"1","29.3705370537054 "
"1","29.3710371037104 "
"1","29.3715371537154 "
"1","
"
"1","   -1.311775e-02 "
"1","   -1.290733e-02 "
"1","   -1.269650e-02 "
"1","
"
"1","29.3720372037204 "
"1","29.3725372537254 "
"1","29.3730373037304 "
"1","
"
"1","   -1.248526e-02 "
"1","   -1.227361e-02 "
"1","   -1.206154e-02 "
"1","
"
"1","29.3735373537354 "
"1","29.3740374037404 "
"1","29.3745374537454 "
"1","
"
"1","   -1.184906e-02 "
"1","   -1.163616e-02 "
"1","   -1.142285e-02 "
"1","
"
"1","29.3750375037504 "
"1","29.3755375537554 "
"1","29.3760376037604 "
"1","
"
"1","   -1.120912e-02 "
"1","   -1.099498e-02 "
"1","   -1.078042e-02 "
"1","
"
"1","29.3765376537654 "
"1","29.3770377037704 "
"1","29.3775377537754 "
"1","
"
"1","   -1.056544e-02 "
"1","   -1.035004e-02 "
"1","   -1.013423e-02 "
"1","
"
"1","29.3780378037804 "
"1","29.3785378537854 "
"1","29.3790379037904 "
"1","
"
"1","   -9.917990e-03 "
"1","   -9.701336e-03 "
"1","   -9.484262e-03 "
"1","
"
"1","29.3795379537954 "
"1","29.3800380038004 "
"1","29.3805380538054 "
"1","
"
"1","   -9.266768e-03 "
"1","   -9.048852e-03 "
"1","   -8.830515e-03 "
"1","
"
"1","29.3810381038104 "
"1","29.3815381538154 "
"1","29.3820382038204 "
"1","
"
"1","   -8.611756e-03 "
"1","   -8.392575e-03 "
"1","   -8.172970e-03 "
"1","
"
"1","29.3825382538254 "
"1","29.3830383038304 "
"1","29.3835383538354 "
"1","
"
"1","   -7.952942e-03 "
"1","   -7.732490e-03 "
"1","   -7.511613e-03 "
"1","
"
"1","29.3840384038404 "
"1","29.3845384538454 "
"1","29.3850385038504 "
"1","
"
"1","   -7.290312e-03 "
"1","   -7.068584e-03 "
"1","   -6.846431e-03 "
"1","
"
"1","29.3855385538554 "
"1","29.3860386038604 "
"1","29.3865386538654 "
"1","
"
"1","   -6.623851e-03 "
"1","   -6.400844e-03 "
"1","   -6.177409e-03 "
"1","
"
"1","29.3870387038704 "
"1","29.3875387538754 "
"1","29.3880388038804 "
"1","
"
"1","   -5.953546e-03 "
"1","   -5.729255e-03 "
"1","   -5.504534e-03 "
"1","
"
"1","29.3885388538854 "
"1","29.3890389038904 "
"1","29.3895389538954 "
"1","
"
"1","   -5.279384e-03 "
"1","   -5.053804e-03 "
"1","   -4.827793e-03 "
"1","
"
"1","29.3900390039004 "
"1","29.3905390539054 "
"1","29.3910391039104 "
"1","
"
"1","   -4.601351e-03 "
"1","   -4.374477e-03 "
"1","   -4.147171e-03 "
"1","
"
"1","29.3915391539154 "
"1","29.3920392039204 "
"1","29.3925392539254 "
"1","
"
"1","   -3.919432e-03 "
"1","   -3.691260e-03 "
"1","   -3.462654e-03 "
"1","
"
"1","29.3930393039304 "
"1","29.3935393539354 "
"1","29.3940394039404 "
"1","
"
"1","   -3.233614e-03 "
"1","   -3.004139e-03 "
"1","   -2.774229e-03 "
"1","
"
"1","29.3945394539454 "
"1","29.3950395039504 "
"1","29.3955395539554 "
"1","
"
"1","   -2.543884e-03 "
"1","   -2.313101e-03 "
"1","   -2.081882e-03 "
"1","
"
"1","29.3960396039604 "
"1","29.3965396539654 "
"1","29.3970397039704 "
"1","
"
"1","   -1.850226e-03 "
"1","   -1.618132e-03 "
"1","   -1.385599e-03 "
"1","
"
"1","29.3975397539754 "
"1","29.3980398039804 "
"1","29.3985398539854 "
"1","
"
"1","   -1.152628e-03 "
"1","   -9.192172e-04 "
"1","   -6.853666e-04 "
"1","
"
"1","29.3990399039904 "
"1","29.3995399539954 "
"1","29.4000400040004 "
"1","
"
"1","   -4.510754e-04 "
"1","   -2.163434e-04 "
"1","   -1.083789e-05 "
"1","
"
"1","29.4005400540054 "
"1","29.4010401040104 "
"1","29.4015401540154 "
"1","
"
"1","   -1.461181e-04 "
"1","   -2.810407e-04 "
"1","   -4.156060e-04 "
"1","
"
"1","29.4020402040204 "
"1","29.4025402540254 "
"1","29.4030403040304 "
"1","
"
"1","   -5.498145e-04 "
"1","   -6.836668e-04 "
"1","   -8.171633e-04 "
"1","
"
"1","29.4035403540354 "
"1","29.4040404040404 "
"1","29.4045404540454 "
"1","
"
"1","   -9.503045e-04 "
"1","   -1.083091e-03 "
"1","   -1.215523e-03 "
"1","
"
"1","29.4050405040504 "
"1","29.4055405540554 "
"1","29.4060406040604 "
"1","
"
"1","   -1.347602e-03 "
"1","   -1.479327e-03 "
"1","   -1.610699e-03 "
"1","
"
"1","29.4065406540654 "
"1","29.4070407040704 "
"1","29.4075407540754 "
"1","
"
"1","   -1.741719e-03 "
"1","   -1.872387e-03 "
"1","   -2.002703e-03 "
"1","
"
"1","29.4080408040804 "
"1","29.4085408540854 "
"1","29.4090409040904 "
"1","
"
"1","   -2.132669e-03 "
"1","   -2.262285e-03 "
"1","   -2.391550e-03 "
"1","
"
"1","29.4095409540954 "
"1","29.4100410041004 "
"1","29.4105410541054 "
"1","
"
"1","   -2.520466e-03 "
"1","   -2.649033e-03 "
"1","   -2.777252e-03 "
"1","
"
"1","29.4110411041104 "
"1","29.4115411541154 "
"1","29.4120412041204 "
"1","
"
"1","   -2.905123e-03 "
"1","   -3.032646e-03 "
"1","   -3.159822e-03 "
"1","
"
"1","29.4125412541254 "
"1","29.4130413041304 "
"1","29.4135413541354 "
"1","
"
"1","   -3.286652e-03 "
"1","   -3.413135e-03 "
"1","   -3.539273e-03 "
"1","
"
"1","29.4140414041404 "
"1","29.4145414541454 "
"1","29.4150415041504 "
"1","
"
"1","   -3.665066e-03 "
"1","   -3.790515e-03 "
"1","   -3.915619e-03 "
"1","
"
"1","29.4155415541554 "
"1","29.4160416041604 "
"1","29.4165416541654 "
"1","
"
"1","   -4.040379e-03 "
"1","   -4.164797e-03 "
"1","   -4.288871e-03 "
"1","
"
"1","29.4170417041704 "
"1","29.4175417541754 "
"1","29.4180418041804 "
"1","
"
"1","   -4.412604e-03 "
"1","   -4.535994e-03 "
"1","   -4.659044e-03 "
"1","
"
"1","29.4185418541854 "
"1","29.4190419041904 "
"1","29.4195419541954 "
"1","
"
"1","   -4.781752e-03 "
"1","   -4.904121e-03 "
"1","   -5.026149e-03 "
"1","
"
"1","29.4200420042004 "
"1","29.4205420542054 "
"1","29.4210421042104 "
"1","
"
"1","   -5.147838e-03 "
"1","   -5.269188e-03 "
"1","   -5.390200e-03 "
"1","
"
"1","29.4215421542154 "
"1","29.4220422042204 "
"1","29.4225422542254 "
"1","
"
"1","   -5.510874e-03 "
"1","   -5.631210e-03 "
"1","   -5.751209e-03 "
"1","
"
"1","29.4230423042304 "
"1","29.4235423542354 "
"1","29.4240424042404 "
"1","
"
"1","   -5.870872e-03 "
"1","   -5.990198e-03 "
"1","   -6.109189e-03 "
"1","
"
"1","29.4245424542454 "
"1","29.4250425042504 "
"1","29.4255425542554 "
"1","
"
"1","   -6.227845e-03 "
"1","   -6.346166e-03 "
"1","   -6.464153e-03 "
"1","
"
"1","29.4260426042604 "
"1","29.4265426542654 "
"1","29.4270427042704 "
"1","
"
"1","   -6.581806e-03 "
"1","   -6.699126e-03 "
"1","   -6.816113e-03 "
"1","
"
"1","29.4275427542754 "
"1","29.4280428042804 "
"1","29.4285428542854 "
"1","
"
"1","   -6.932767e-03 "
"1","   -7.049090e-03 "
"1","   -7.165081e-03 "
"1","
"
"1","29.4290429042904 "
"1","29.4295429542954 "
"1","29.4300430043004 "
"1","
"
"1","   -7.280742e-03 "
"1","   -7.396071e-03 "
"1","   -7.511071e-03 "
"1","
"
"1","29.4305430543054 "
"1","29.4310431043104 "
"1","29.4315431543154 "
"1","
"
"1","   -7.625741e-03 "
"1","   -7.740082e-03 "
"1","   -7.854094e-03 "
"1","
"
"1","29.4320432043204 "
"1","29.4325432543254 "
"1","29.4330433043304 "
"1","
"
"1","   -7.967779e-03 "
"1","   -8.081135e-03 "
"1","   -8.194164e-03 "
"1","
"
"1","29.4335433543354 "
"1","29.4340434043404 "
"1","29.4345434543454 "
"1","
"
"1","   -8.306866e-03 "
"1","   -8.419242e-03 "
"1","   -8.531292e-03 "
"1","
"
"1","29.4350435043504 "
"1","29.4355435543554 "
"1","29.4360436043604 "
"1","
"
"1","   -8.643016e-03 "
"1","   -8.754416e-03 "
"1","   -8.865491e-03 "
"1","
"
"1","29.4365436543654 "
"1","29.4370437043704 "
"1","29.4375437543754 "
"1","
"
"1","   -8.976241e-03 "
"1","   -9.086668e-03 "
"1","   -9.196772e-03 "
"1","
"
"1","29.4380438043804 "
"1","29.4385438543854 "
"1","29.4390439043904 "
"1","
"
"1","   -9.306553e-03 "
"1","   -9.416012e-03 "
"1","   -9.525149e-03 "
"1","
"
"1","29.4395439543954 "
"1","29.4400440044004 "
"1","29.4405440544054 "
"1","
"
"1","   -9.633965e-03 "
"1","   -9.742459e-03 "
"1","   -9.850633e-03 "
"1","
"
"1","29.4410441044104 "
"1","29.4415441544154 "
"1","29.4420442044204 "
"1","
"
"1","   -9.958487e-03 "
"1","   -1.006602e-02 "
"1","   -1.017324e-02 "
"1","
"
"1","29.4425442544254 "
"1","29.4430443044304 "
"1","29.4435443544354 "
"1","
"
"1","   -1.028013e-02 "
"1","   -1.038671e-02 "
"1","   -1.049297e-02 "
"1","
"
"1","29.4440444044404 "
"1","29.4445444544454 "
"1","29.4450445044504 "
"1","
"
"1","   -1.059892e-02 "
"1","   -1.070454e-02 "
"1","   -1.080985e-02 "
"1","
"
"1","29.4455445544554 "
"1","29.4460446044604 "
"1","29.4465446544654 "
"1","
"
"1","   -1.091485e-02 "
"1","   -1.101952e-02 "
"1","   -1.112389e-02 "
"1","
"
"1","29.4470447044704 "
"1","29.4475447544754 "
"1","29.4480448044804 "
"1","
"
"1","   -1.122793e-02 "
"1","   -1.133167e-02 "
"1","   -1.143509e-02 "
"1","
"
"1","29.4485448544854 "
"1","29.4490449044904 "
"1","29.4495449544955 "
"1","
"
"1","   -1.153820e-02 "
"1","   -1.164099e-02 "
"1","   -1.174347e-02 "
"1","
"
"1","29.4500450045004 "
"1","29.4505450545055 "
"1","29.4510451045105 "
"1","
"
"1","   -1.184564e-02 "
"1","   -1.194750e-02 "
"1","   -1.204904e-02 "
"1","
"
"1","29.4515451545155 "
"1","29.4520452045205 "
"1","29.4525452545255 "
"1","
"
"1","   -1.215028e-02 "
"1","   -1.225120e-02 "
"1","   -1.235182e-02 "
"1","
"
"1","29.4530453045305 "
"1","29.4535453545355 "
"1","29.4540454045405 "
"1","
"
"1","   -1.245212e-02 "
"1","   -1.255212e-02 "
"1","   -1.265181e-02 "
"1","
"
"1","29.4545454545455 "
"1","29.4550455045505 "
"1","29.4555455545555 "
"1","
"
"1","   -1.275119e-02 "
"1","   -1.285026e-02 "
"1","   -1.294903e-02 "
"1","
"
"1","29.4560456045605 "
"1","29.4565456545655 "
"1","29.4570457045705 "
"1","
"
"1","   -1.304749e-02 "
"1","   -1.314564e-02 "
"1","   -1.324348e-02 "
"1","
"
"1","29.4575457545755 "
"1","29.4580458045805 "
"1","29.4585458545855 "
"1","
"
"1","   -1.334102e-02 "
"1","   -1.343826e-02 "
"1","   -1.353519e-02 "
"1","
"
"1","29.4590459045905 "
"1","29.4595459545955 "
"1","29.4600460046005 "
"1","
"
"1","   -1.363181e-02 "
"1","   -1.372814e-02 "
"1","   -1.382416e-02 "
"1","
"
"1","29.4605460546055 "
"1","29.4610461046105 "
"1","29.4615461546155 "
"1","
"
"1","   -1.391987e-02 "
"1","   -1.401528e-02 "
"1","   -1.411040e-02 "
"1","
"
"1","29.4620462046205 "
"1","29.4625462546255 "
"1","29.4630463046305 "
"1","
"
"1","   -1.420520e-02 "
"1","   -1.429971e-02 "
"1","   -1.439392e-02 "
"1","
"
"1","29.4635463546355 "
"1","29.4640464046405 "
"1","29.4645464546455 "
"1","
"
"1","   -1.448783e-02 "
"1","   -1.458143e-02 "
"1","   -1.467474e-02 "
"1","
"
"1","29.4650465046505 "
"1","29.4655465546555 "
"1","29.4660466046605 "
"1","
"
"1","   -1.476775e-02 "
"1","   -1.486046e-02 "
"1","   -1.495287e-02 "
"1","
"
"1","29.4665466546655 "
"1","29.4670467046705 "
"1","29.4675467546755 "
"1","
"
"1","   -1.504498e-02 "
"1","   -1.513679e-02 "
"1","   -1.522831e-02 "
"1","
"
"1","29.4680468046805 "
"1","29.4685468546855 "
"1","29.4690469046905 "
"1","
"
"1","   -1.531953e-02 "
"1","   -1.541046e-02 "
"1","   -1.550109e-02 "
"1","
"
"1","29.4695469546955 "
"1","29.4700470047005 "
"1","29.4705470547055 "
"1","
"
"1","   -1.559142e-02 "
"1","   -1.568146e-02 "
"1","   -1.577121e-02 "
"1","
"
"1","29.4710471047105 "
"1","29.4715471547155 "
"1","29.4720472047205 "
"1","
"
"1","   -1.586066e-02 "
"1","   -1.594981e-02 "
"1","   -1.603867e-02 "
"1","
"
"1","29.4725472547255 "
"1","29.4730473047305 "
"1","29.4735473547355 "
"1","
"
"1","   -1.612724e-02 "
"1","   -1.621552e-02 "
"1","   -1.630351e-02 "
"1","
"
"1","29.4740474047405 "
"1","29.4745474547455 "
"1","29.4750475047505 "
"1","
"
"1","   -1.639120e-02 "
"1","   -1.647860e-02 "
"1","   -1.656571e-02 "
"1","
"
"1","29.4755475547555 "
"1","29.4760476047605 "
"1","29.4765476547655 "
"1","
"
"1","   -1.665254e-02 "
"1","   -1.673907e-02 "
"1","   -1.682531e-02 "
"1","
"
"1","29.4770477047705 "
"1","29.4775477547755 "
"1","29.4780478047805 "
"1","
"
"1","   -1.691126e-02 "
"1","   -1.699692e-02 "
"1","   -1.708230e-02 "
"1","
"
"1","29.4785478547855 "
"1","29.4790479047905 "
"1","29.4795479547955 "
"1","
"
"1","   -1.716738e-02 "
"1","   -1.725218e-02 "
"1","   -1.733669e-02 "
"1","
"
"1","29.4800480048005 "
"1","29.4805480548055 "
"1","29.4810481048105 "
"1","
"
"1","   -1.742092e-02 "
"1","   -1.750486e-02 "
"1","   -1.758851e-02 "
"1","
"
"1","29.4815481548155 "
"1","29.4820482048205 "
"1","29.4825482548255 "
"1","
"
"1","   -1.767188e-02 "
"1","   -1.775496e-02 "
"1","   -1.783775e-02 "
"1","
"
"1","29.4830483048305 "
"1","29.4835483548355 "
"1","29.4840484048405 "
"1","
"
"1","   -1.792027e-02 "
"1","   -1.800250e-02 "
"1","   -1.808444e-02 "
"1","
"
"1","29.4845484548455 "
"1","29.4850485048505 "
"1","29.4855485548555 "
"1","
"
"1","   -1.816610e-02 "
"1","   -1.824748e-02 "
"1","   -1.832858e-02 "
"1","
"
"1","29.4860486048605 "
"1","29.4865486548655 "
"1","29.4870487048705 "
"1","
"
"1","   -1.840939e-02 "
"1","   -1.848992e-02 "
"1","   -1.857017e-02 "
"1","
"
"1","29.4875487548755 "
"1","29.4880488048805 "
"1","29.4885488548855 "
"1","
"
"1","   -1.865015e-02 "
"1","   -1.872984e-02 "
"1","   -1.880925e-02 "
"1","
"
"1","29.4890489048905 "
"1","29.4895489548955 "
"1","29.4900490049005 "
"1","
"
"1","   -1.888838e-02 "
"1","   -1.896723e-02 "
"1","   -1.904580e-02 "
"1","
"
"1","29.4905490549055 "
"1","29.4910491049105 "
"1","29.4915491549155 "
"1","
"
"1","   -1.912409e-02 "
"1","   -1.920211e-02 "
"1","   -1.927985e-02 "
"1","
"
"1","29.4920492049205 "
"1","29.4925492549255 "
"1","29.4930493049305 "
"1","
"
"1","   -1.935731e-02 "
"1","   -1.943449e-02 "
"1","   -1.951140e-02 "
"1","
"
"1","29.4935493549355 "
"1","29.4940494049405 "
"1","29.4945494549455 "
"1","
"
"1","   -1.958803e-02 "
"1","   -1.966439e-02 "
"1","   -1.974047e-02 "
"1","
"
"1","29.4950495049505 "
"1","29.4955495549555 "
"1","29.4960496049605 "
"1","
"
"1","   -1.981627e-02 "
"1","   -1.989180e-02 "
"1","   -1.996706e-02 "
"1","
"
"1","29.4965496549655 "
"1","29.4970497049705 "
"1","29.4975497549755 "
"1","
"
"1","   -2.004204e-02 "
"1","   -2.011675e-02 "
"1","   -2.019119e-02 "
"1","
"
"1","29.4980498049805 "
"1","29.4985498549855 "
"1","29.4990499049905 "
"1","
"
"1","   -2.026535e-02 "
"1","   -2.033924e-02 "
"1","   -2.041286e-02 "
"1","
"
"1","29.4995499549955 "
"1","
"
"1","   -2.048621e-02 "
"1","
"
"1"," [ reached 'max' / getOption(""max.print"") -- omitted 9000 entries ]
"
"1","
"
"1","$allhigh
"
"1","              29 "
"1"," 29.000500050005 "
"1","  29.00100010001 "
"1","
"
"1","    2.330311e-01 "
"1","    2.325804e-01 "
"1","    2.321302e-01 "
"1","
"
"1"," 29.001500150015 "
"1","  29.00200020002 "
"1"," 29.002500250025 "
"1","
"
"1","    2.316803e-01 "
"1","    2.312308e-01 "
"1","    2.307817e-01 "
"1","
"
"1","  29.00300030003 "
"1"," 29.003500350035 "
"1","  29.00400040004 "
"1","
"
"1","    2.303330e-01 "
"1","    2.298847e-01 "
"1","    2.294367e-01 "
"1","
"
"1"," 29.004500450045 "
"1","  29.00500050005 "
"1"," 29.005500550055 "
"1","
"
"1","    2.289892e-01 "
"1","    2.285420e-01 "
"1","    2.280952e-01 "
"1","
"
"1","  29.00600060006 "
"1"," 29.006500650065 "
"1","  29.00700070007 "
"1","
"
"1","    2.276488e-01 "
"1","    2.272028e-01 "
"1","    2.267572e-01 "
"1","
"
"1"," 29.007500750075 "
"1","  29.00800080008 "
"1"," 29.008500850085 "
"1","
"
"1","    2.263120e-01 "
"1","    2.258671e-01 "
"1","    2.254227e-01 "
"1","
"
"1","  29.00900090009 "
"1"," 29.009500950095 "
"1","   29.0100010001 "
"1","
"
"1","    2.249786e-01 "
"1","    2.245349e-01 "
"1","    2.240916e-01 "
"1","
"
"1"," 29.010501050105 "
"1","  29.01100110011 "
"1"," 29.011501150115 "
"1","
"
"1","    2.236487e-01 "
"1","    2.232062e-01 "
"1","    2.227641e-01 "
"1","
"
"1","  29.01200120012 "
"1"," 29.012501250125 "
"1","  29.01300130013 "
"1","
"
"1","    2.223223e-01 "
"1","    2.218810e-01 "
"1","    2.214400e-01 "
"1","
"
"1"," 29.013501350135 "
"1","  29.01400140014 "
"1"," 29.014501450145 "
"1","
"
"1","    2.209995e-01 "
"1","    2.205593e-01 "
"1","    2.201195e-01 "
"1","
"
"1","  29.01500150015 "
"1"," 29.015501550155 "
"1","  29.01600160016 "
"1","
"
"1","    2.196801e-01 "
"1","    2.192410e-01 "
"1","    2.188024e-01 "
"1","
"
"1"," 29.016501650165 "
"1","  29.01700170017 "
"1"," 29.017501750175 "
"1","
"
"1","    2.183642e-01 "
"1","    2.179263e-01 "
"1","    2.174889e-01 "
"1","
"
"1","  29.01800180018 "
"1"," 29.018501850185 "
"1","  29.01900190019 "
"1","
"
"1","    2.170518e-01 "
"1","    2.166151e-01 "
"1","    2.161788e-01 "
"1","
"
"1"," 29.019501950195 "
"1","   29.0200020002 "
"1"," 29.020502050205 "
"1","
"
"1","    2.157429e-01 "
"1","    2.153074e-01 "
"1","    2.148723e-01 "
"1","
"
"1","  29.02100210021 "
"1"," 29.021502150215 "
"1","  29.02200220022 "
"1","
"
"1","    2.144376e-01 "
"1","    2.140032e-01 "
"1","    2.135693e-01 "
"1","
"
"1"," 29.022502250225 "
"1","  29.02300230023 "
"1"," 29.023502350235 "
"1","
"
"1","    2.131357e-01 "
"1","    2.127026e-01 "
"1","    2.122698e-01 "
"1","
"
"1","  29.02400240024 "
"1"," 29.024502450245 "
"1","  29.02500250025 "
"1","
"
"1","    2.118374e-01 "
"1","    2.114054e-01 "
"1","    2.109738e-01 "
"1","
"
"1"," 29.025502550255 "
"1","  29.02600260026 "
"1"," 29.026502650265 "
"1","
"
"1","    2.105426e-01 "
"1","    2.101118e-01 "
"1","    2.096814e-01 "
"1","
"
"1","  29.02700270027 "
"1"," 29.027502750275 "
"1","  29.02800280028 "
"1","
"
"1","    2.092513e-01 "
"1","    2.088217e-01 "
"1","    2.083924e-01 "
"1","
"
"1"," 29.028502850285 "
"1","  29.02900290029 "
"1"," 29.029502950295 "
"1","
"
"1","    2.079636e-01 "
"1","    2.075351e-01 "
"1","    2.071070e-01 "
"1","
"
"1","   29.0300030003 "
"1"," 29.030503050305 "
"1","  29.03100310031 "
"1","
"
"1","    2.066794e-01 "
"1","    2.062521e-01 "
"1","    2.058252e-01 "
"1","
"
"1"," 29.031503150315 "
"1","  29.03200320032 "
"1"," 29.032503250325 "
"1","
"
"1","    2.053987e-01 "
"1","    2.049726e-01 "
"1","    2.045469e-01 "
"1","
"
"1","  29.03300330033 "
"1"," 29.033503350335 "
"1","  29.03400340034 "
"1","
"
"1","    2.041215e-01 "
"1","    2.036966e-01 "
"1","    2.032721e-01 "
"1","
"
"1"," 29.034503450345 "
"1","  29.03500350035 "
"1"," 29.035503550355 "
"1","
"
"1","    2.028479e-01 "
"1","    2.024242e-01 "
"1","    2.020008e-01 "
"1","
"
"1","  29.03600360036 "
"1"," 29.036503650365 "
"1","  29.03700370037 "
"1","
"
"1","    2.015779e-01 "
"1","    2.011553e-01 "
"1","    2.007331e-01 "
"1","
"
"1"," 29.037503750375 "
"1","  29.03800380038 "
"1"," 29.038503850385 "
"1","
"
"1","    2.003113e-01 "
"1","    1.998899e-01 "
"1","    1.994690e-01 "
"1","
"
"1","  29.03900390039 "
"1"," 29.039503950395 "
"1","   29.0400040004 "
"1","
"
"1","    1.990484e-01 "
"1","    1.986282e-01 "
"1","    1.982083e-01 "
"1","
"
"1"," 29.040504050405 "
"1","  29.04100410041 "
"1"," 29.041504150415 "
"1","
"
"1","    1.977889e-01 "
"1","    1.973699e-01 "
"1","    1.969513e-01 "
"1","
"
"1","  29.04200420042 "
"1"," 29.042504250425 "
"1","  29.04300430043 "
"1","
"
"1","    1.965331e-01 "
"1","    1.961152e-01 "
"1","    1.956978e-01 "
"1","
"
"1"," 29.043504350435 "
"1","  29.04400440044 "
"1"," 29.044504450445 "
"1","
"
"1","    1.952807e-01 "
"1","    1.948641e-01 "
"1","    1.944478e-01 "
"1","
"
"1","  29.04500450045 "
"1"," 29.045504550455 "
"1","  29.04600460046 "
"1","
"
"1","    1.940320e-01 "
"1","    1.936165e-01 "
"1","    1.932015e-01 "
"1","
"
"1"," 29.046504650465 "
"1","  29.04700470047 "
"1"," 29.047504750475 "
"1","
"
"1","    1.927868e-01 "
"1","    1.923725e-01 "
"1","    1.919586e-01 "
"1","
"
"1","  29.04800480048 "
"1"," 29.048504850485 "
"1","29.0490049004901 "
"1","
"
"1","    1.915452e-01 "
"1","    1.911321e-01 "
"1","    1.907194e-01 "
"1","
"
"1"," 29.049504950495 "
"1","29.0500050005001 "
"1","29.0505050505051 "
"1","
"
"1","    1.903071e-01 "
"1","    1.898952e-01 "
"1","    1.894837e-01 "
"1","
"
"1","29.0510051005101 "
"1","29.0515051505151 "
"1","29.0520052005201 "
"1","
"
"1","    1.890726e-01 "
"1","    1.886619e-01 "
"1","    1.882516e-01 "
"1","
"
"1","29.0525052505251 "
"1","29.0530053005301 "
"1","29.0535053505351 "
"1","
"
"1","    1.878417e-01 "
"1","    1.874321e-01 "
"1","    1.870230e-01 "
"1","
"
"1","29.0540054005401 "
"1","29.0545054505451 "
"1","29.0550055005501 "
"1","
"
"1","    1.866143e-01 "
"1","    1.862060e-01 "
"1","    1.857980e-01 "
"1","
"
"1","29.0555055505551 "
"1","29.0560056005601 "
"1","29.0565056505651 "
"1","
"
"1","    1.853905e-01 "
"1","    1.849834e-01 "
"1","    1.845766e-01 "
"1","
"
"1","29.0570057005701 "
"1","29.0575057505751 "
"1","29.0580058005801 "
"1","
"
"1","    1.841703e-01 "
"1","    1.837644e-01 "
"1","    1.833588e-01 "
"1","
"
"1","29.0585058505851 "
"1","29.0590059005901 "
"1","29.0595059505951 "
"1","
"
"1","    1.829537e-01 "
"1","    1.825489e-01 "
"1","    1.821446e-01 "
"1","
"
"1","29.0600060006001 "
"1","29.0605060506051 "
"1","29.0610061006101 "
"1","
"
"1","    1.817406e-01 "
"1","    1.813371e-01 "
"1","    1.809339e-01 "
"1","
"
"1","29.0615061506151 "
"1","29.0620062006201 "
"1","29.0625062506251 "
"1","
"
"1","    1.805312e-01 "
"1","    1.801288e-01 "
"1","    1.797269e-01 "
"1","
"
"1","29.0630063006301 "
"1","29.0635063506351 "
"1","29.0640064006401 "
"1","
"
"1","    1.793253e-01 "
"1","    1.789242e-01 "
"1","    1.785234e-01 "
"1","
"
"1","29.0645064506451 "
"1","29.0650065006501 "
"1","29.0655065506551 "
"1","
"
"1","    1.781230e-01 "
"1","    1.777231e-01 "
"1","    1.773235e-01 "
"1","
"
"1","29.0660066006601 "
"1","29.0665066506651 "
"1","29.0670067006701 "
"1","
"
"1","    1.769244e-01 "
"1","    1.765256e-01 "
"1","    1.761272e-01 "
"1","
"
"1","29.0675067506751 "
"1","29.0680068006801 "
"1","29.0685068506851 "
"1","
"
"1","    1.757293e-01 "
"1","    1.753317e-01 "
"1","    1.749345e-01 "
"1","
"
"1","29.0690069006901 "
"1","29.0695069506951 "
"1","29.0700070007001 "
"1","
"
"1","    1.745378e-01 "
"1","    1.741414e-01 "
"1","    1.737454e-01 "
"1","
"
"1","29.0705070507051 "
"1","29.0710071007101 "
"1","29.0715071507151 "
"1","
"
"1","    1.733499e-01 "
"1","    1.729547e-01 "
"1","    1.725599e-01 "
"1","
"
"1","29.0720072007201 "
"1","29.0725072507251 "
"1","29.0730073007301 "
"1","
"
"1","    1.721656e-01 "
"1","    1.717716e-01 "
"1","    1.713780e-01 "
"1","
"
"1","29.0735073507351 "
"1","29.0740074007401 "
"1","29.0745074507451 "
"1","
"
"1","    1.709849e-01 "
"1","    1.705921e-01 "
"1","    1.701997e-01 "
"1","
"
"1","29.0750075007501 "
"1","29.0755075507551 "
"1","29.0760076007601 "
"1","
"
"1","    1.698078e-01 "
"1","    1.694162e-01 "
"1","    1.690251e-01 "
"1","
"
"1","29.0765076507651 "
"1","29.0770077007701 "
"1","29.0775077507751 "
"1","
"
"1","    1.686343e-01 "
"1","    1.682439e-01 "
"1","    1.678540e-01 "
"1","
"
"1","29.0780078007801 "
"1","29.0785078507851 "
"1","29.0790079007901 "
"1","
"
"1","    1.674644e-01 "
"1","    1.670753e-01 "
"1","    1.666865e-01 "
"1","
"
"1","29.0795079507951 "
"1","29.0800080008001 "
"1","29.0805080508051 "
"1","
"
"1","    1.662981e-01 "
"1","    1.659102e-01 "
"1","    1.655226e-01 "
"1","
"
"1","29.0810081008101 "
"1","29.0815081508151 "
"1","29.0820082008201 "
"1","
"
"1","    1.651355e-01 "
"1","    1.647487e-01 "
"1","    1.643624e-01 "
"1","
"
"1","29.0825082508251 "
"1","29.0830083008301 "
"1","29.0835083508351 "
"1","
"
"1","    1.639764e-01 "
"1","    1.635909e-01 "
"1","    1.632058e-01 "
"1","
"
"1","29.0840084008401 "
"1","29.0845084508451 "
"1","29.0850085008501 "
"1","
"
"1","    1.628210e-01 "
"1","    1.624367e-01 "
"1","    1.620527e-01 "
"1","
"
"1","29.0855085508551 "
"1","29.0860086008601 "
"1","29.0865086508651 "
"1","
"
"1","    1.616692e-01 "
"1","    1.612861e-01 "
"1","    1.609033e-01 "
"1","
"
"1","29.0870087008701 "
"1","29.0875087508751 "
"1","29.0880088008801 "
"1","
"
"1","    1.605210e-01 "
"1","    1.601391e-01 "
"1","    1.597576e-01 "
"1","
"
"1","29.0885088508851 "
"1","29.0890089008901 "
"1","29.0895089508951 "
"1","
"
"1","    1.593764e-01 "
"1","    1.589957e-01 "
"1","    1.586154e-01 "
"1","
"
"1","29.0900090009001 "
"1","29.0905090509051 "
"1","29.0910091009101 "
"1","
"
"1","    1.582355e-01 "
"1","    1.578560e-01 "
"1","    1.574769e-01 "
"1","
"
"1","29.0915091509151 "
"1","29.0920092009201 "
"1","29.0925092509251 "
"1","
"
"1","    1.570982e-01 "
"1","    1.567199e-01 "
"1","    1.563420e-01 "
"1","
"
"1","29.0930093009301 "
"1","29.0935093509351 "
"1","29.0940094009401 "
"1","
"
"1","    1.559645e-01 "
"1","    1.555874e-01 "
"1","    1.552107e-01 "
"1","
"
"1","29.0945094509451 "
"1","29.0950095009501 "
"1","29.0955095509551 "
"1","
"
"1","    1.548344e-01 "
"1","    1.544585e-01 "
"1","    1.540830e-01 "
"1","
"
"1","29.0960096009601 "
"1","29.0965096509651 "
"1","29.0970097009701 "
"1","
"
"1","    1.537080e-01 "
"1","    1.533333e-01 "
"1","    1.529590e-01 "
"1","
"
"1","29.0975097509751 "
"1","29.0980098009801 "
"1","29.0985098509851 "
"1","
"
"1","    1.525852e-01 "
"1","    1.522117e-01 "
"1","    1.518386e-01 "
"1","
"
"1","29.0990099009901 "
"1","29.0995099509951 "
"1","29.1000100010001 "
"1","
"
"1","    1.514660e-01 "
"1","    1.510937e-01 "
"1","    1.507219e-01 "
"1","
"
"1","29.1005100510051 "
"1","29.1010101010101 "
"1","29.1015101510151 "
"1","
"
"1","    1.503504e-01 "
"1","    1.499794e-01 "
"1","    1.496088e-01 "
"1","
"
"1","29.1020102010201 "
"1","29.1025102510251 "
"1","29.1030103010301 "
"1","
"
"1","    1.492385e-01 "
"1","    1.488687e-01 "
"1","    1.484993e-01 "
"1","
"
"1","29.1035103510351 "
"1","29.1040104010401 "
"1","29.1045104510451 "
"1","
"
"1","    1.481303e-01 "
"1","    1.477617e-01 "
"1","    1.473934e-01 "
"1","
"
"1","29.1050105010501 "
"1","29.1055105510551 "
"1","29.1060106010601 "
"1","
"
"1","    1.470256e-01 "
"1","    1.466582e-01 "
"1","    1.462912e-01 "
"1","
"
"1","29.1065106510651 "
"1","29.1070107010701 "
"1","29.1075107510751 "
"1","
"
"1","    1.459246e-01 "
"1","    1.455584e-01 "
"1","    1.451927e-01 "
"1","
"
"1","29.1080108010801 "
"1","29.1085108510851 "
"1","29.1090109010901 "
"1","
"
"1","    1.448273e-01 "
"1","    1.444623e-01 "
"1","    1.440977e-01 "
"1","
"
"1","29.1095109510951 "
"1","29.1100110011001 "
"1","29.1105110511051 "
"1","
"
"1","    1.437336e-01 "
"1","    1.433698e-01 "
"1","    1.430065e-01 "
"1","
"
"1","29.1110111011101 "
"1","29.1115111511151 "
"1","29.1120112011201 "
"1","
"
"1","    1.426435e-01 "
"1","    1.422810e-01 "
"1","    1.419188e-01 "
"1","
"
"1","29.1125112511251 "
"1","29.1130113011301 "
"1","29.1135113511351 "
"1","
"
"1","    1.415571e-01 "
"1","    1.411958e-01 "
"1","    1.408348e-01 "
"1","
"
"1","29.1140114011401 "
"1","29.1145114511451 "
"1","29.1150115011501 "
"1","
"
"1","    1.404743e-01 "
"1","    1.401142e-01 "
"1","    1.397545e-01 "
"1","
"
"1","29.1155115511551 "
"1","29.1160116011601 "
"1","29.1165116511651 "
"1","
"
"1","    1.393952e-01 "
"1","    1.390363e-01 "
"1","    1.386778e-01 "
"1","
"
"1","29.1170117011701 "
"1","29.1175117511751 "
"1","29.1180118011801 "
"1","
"
"1","    1.383197e-01 "
"1","    1.379620e-01 "
"1","    1.376047e-01 "
"1","
"
"1","29.1185118511851 "
"1","29.1190119011901 "
"1","29.1195119511951 "
"1","
"
"1","    1.372479e-01 "
"1","    1.368914e-01 "
"1","    1.365353e-01 "
"1","
"
"1","29.1200120012001 "
"1","29.1205120512051 "
"1","29.1210121012101 "
"1","
"
"1","    1.361797e-01 "
"1","    1.358244e-01 "
"1","    1.354696e-01 "
"1","
"
"1","29.1215121512151 "
"1","29.1220122012201 "
"1","29.1225122512251 "
"1","
"
"1","    1.351151e-01 "
"1","    1.347611e-01 "
"1","    1.344075e-01 "
"1","
"
"1","29.1230123012301 "
"1","29.1235123512351 "
"1","29.1240124012401 "
"1","
"
"1","    1.340543e-01 "
"1","    1.337014e-01 "
"1","    1.333490e-01 "
"1","
"
"1","29.1245124512451 "
"1","29.1250125012501 "
"1","29.1255125512551 "
"1","
"
"1","    1.329970e-01 "
"1","    1.326454e-01 "
"1","    1.322942e-01 "
"1","
"
"1","29.1260126012601 "
"1","29.1265126512651 "
"1","29.1270127012701 "
"1","
"
"1","    1.319434e-01 "
"1","    1.315931e-01 "
"1","    1.312431e-01 "
"1","
"
"1","29.1275127512751 "
"1","29.1280128012801 "
"1","29.1285128512851 "
"1","
"
"1","    1.308935e-01 "
"1","    1.305444e-01 "
"1","    1.301956e-01 "
"1","
"
"1","29.1290129012901 "
"1","29.1295129512951 "
"1","29.1300130013001 "
"1","
"
"1","    1.298473e-01 "
"1","    1.294993e-01 "
"1","    1.291518e-01 "
"1","
"
"1","29.1305130513051 "
"1","29.1310131013101 "
"1","29.1315131513151 "
"1","
"
"1","    1.288047e-01 "
"1","    1.284579e-01 "
"1","    1.281116e-01 "
"1","
"
"1","29.1320132013201 "
"1","29.1325132513251 "
"1","29.1330133013301 "
"1","
"
"1","    1.277657e-01 "
"1","    1.274202e-01 "
"1","    1.270751e-01 "
"1","
"
"1","29.1335133513351 "
"1","29.1340134013401 "
"1","29.1345134513451 "
"1","
"
"1","    1.267304e-01 "
"1","    1.263861e-01 "
"1","    1.260422e-01 "
"1","
"
"1","29.1350135013501 "
"1","29.1355135513551 "
"1","29.1360136013601 "
"1","
"
"1","    1.256988e-01 "
"1","    1.253557e-01 "
"1","    1.250130e-01 "
"1","
"
"1","29.1365136513651 "
"1","29.1370137013701 "
"1","29.1375137513751 "
"1","
"
"1","    1.246708e-01 "
"1","    1.243289e-01 "
"1","    1.239875e-01 "
"1","
"
"1","29.1380138013801 "
"1","29.1385138513851 "
"1","29.1390139013901 "
"1","
"
"1","    1.236465e-01 "
"1","    1.233058e-01 "
"1","    1.229656e-01 "
"1","
"
"1","29.1395139513951 "
"1","29.1400140014001 "
"1","29.1405140514051 "
"1","
"
"1","    1.226258e-01 "
"1","    1.222864e-01 "
"1","    1.219474e-01 "
"1","
"
"1","29.1410141014101 "
"1","29.1415141514151 "
"1","29.1420142014201 "
"1","
"
"1","    1.216088e-01 "
"1","    1.212706e-01 "
"1","    1.209329e-01 "
"1","
"
"1","29.1425142514251 "
"1","29.1430143014301 "
"1","29.1435143514351 "
"1","
"
"1","    1.205955e-01 "
"1","    1.202585e-01 "
"1","    1.199220e-01 "
"1","
"
"1","29.1440144014401 "
"1","29.1445144514451 "
"1","29.1450145014501 "
"1","
"
"1","    1.195858e-01 "
"1","    1.192501e-01 "
"1","    1.189147e-01 "
"1","
"
"1","29.1455145514551 "
"1","29.1460146014601 "
"1","29.1465146514651 "
"1","
"
"1","    1.185798e-01 "
"1","    1.182453e-01 "
"1","    1.179112e-01 "
"1","
"
"1","29.1470147014701 "
"1","29.1475147514751 "
"1","29.1480148014801 "
"1","
"
"1","    1.175775e-01 "
"1","    1.172442e-01 "
"1","    1.169113e-01 "
"1","
"
"1","29.1485148514851 "
"1","29.1490149014901 "
"1","29.1495149514951 "
"1","
"
"1","    1.165788e-01 "
"1","    1.162467e-01 "
"1","    1.159150e-01 "
"1","
"
"1","29.1500150015002 "
"1","29.1505150515051 "
"1","29.1510151015102 "
"1","
"
"1","    1.155837e-01 "
"1","    1.152529e-01 "
"1","    1.149224e-01 "
"1","
"
"1","29.1515151515152 "
"1","29.1520152015202 "
"1","29.1525152515252 "
"1","
"
"1","    1.145924e-01 "
"1","    1.142628e-01 "
"1","    1.139335e-01 "
"1","
"
"1","29.1530153015302 "
"1","29.1535153515352 "
"1","29.1540154015402 "
"1","
"
"1","    1.136047e-01 "
"1","    1.132763e-01 "
"1","    1.129483e-01 "
"1","
"
"1","29.1545154515452 "
"1","29.1550155015502 "
"1","29.1555155515552 "
"1","
"
"1","    1.126207e-01 "
"1","    1.122935e-01 "
"1","    1.119667e-01 "
"1","
"
"1","29.1560156015602 "
"1","29.1565156515652 "
"1","29.1570157015702 "
"1","
"
"1","    1.116403e-01 "
"1","    1.113143e-01 "
"1","    1.109888e-01 "
"1","
"
"1","29.1575157515752 "
"1","29.1580158015802 "
"1","29.1585158515852 "
"1","
"
"1","    1.106636e-01 "
"1","    1.103388e-01 "
"1","    1.100145e-01 "
"1","
"
"1","29.1590159015902 "
"1","29.1595159515952 "
"1","29.1600160016002 "
"1","
"
"1","    1.096906e-01 "
"1","    1.093670e-01 "
"1","    1.090439e-01 "
"1","
"
"1","29.1605160516052 "
"1","29.1610161016102 "
"1","29.1615161516152 "
"1","
"
"1","    1.087212e-01 "
"1","    1.083989e-01 "
"1","    1.080770e-01 "
"1","
"
"1","29.1620162016202 "
"1","29.1625162516252 "
"1","29.1630163016302 "
"1","
"
"1","    1.077555e-01 "
"1","    1.074344e-01 "
"1","    1.071137e-01 "
"1","
"
"1","29.1635163516352 "
"1","29.1640164016402 "
"1","29.1645164516452 "
"1","
"
"1","    1.067934e-01 "
"1","    1.064736e-01 "
"1","    1.061541e-01 "
"1","
"
"1","29.1650165016502 "
"1","29.1655165516552 "
"1","29.1660166016602 "
"1","
"
"1","    1.058351e-01 "
"1","    1.055164e-01 "
"1","    1.051982e-01 "
"1","
"
"1","29.1665166516652 "
"1","29.1670167016702 "
"1","29.1675167516752 "
"1","
"
"1","    1.048804e-01 "
"1","    1.045629e-01 "
"1","    1.042459e-01 "
"1","
"
"1","29.1680168016802 "
"1","29.1685168516852 "
"1","29.1690169016902 "
"1","
"
"1","    1.039293e-01 "
"1","    1.036131e-01 "
"1","    1.032973e-01 "
"1","
"
"1","29.1695169516952 "
"1","29.1700170017002 "
"1","29.1705170517052 "
"1","
"
"1","    1.029819e-01 "
"1","    1.026669e-01 "
"1","    1.023524e-01 "
"1","
"
"1","29.1710171017102 "
"1","29.1715171517152 "
"1","29.1720172017202 "
"1","
"
"1","    1.020382e-01 "
"1","    1.017244e-01 "
"1","    1.014111e-01 "
"1","
"
"1","29.1725172517252 "
"1","29.1730173017302 "
"1","29.1735173517352 "
"1","
"
"1","    1.010982e-01 "
"1","    1.007856e-01 "
"1","    1.004735e-01 "
"1","
"
"1","29.1740174017402 "
"1","29.1745174517452 "
"1","29.1750175017502 "
"1","
"
"1","    1.001618e-01 "
"1","    9.985045e-02 "
"1","    9.953954e-02 "
"1","
"
"1","29.1755175517552 "
"1","29.1760176017602 "
"1","29.1765176517652 "
"1","
"
"1","    9.922904e-02 "
"1","    9.891894e-02 "
"1","    9.860925e-02 "
"1","
"
"1","29.1770177017702 "
"1","29.1775177517752 "
"1","29.1780178017802 "
"1","
"
"1","    9.829997e-02 "
"1","    9.799110e-02 "
"1","    9.768263e-02 "
"1","
"
"1","29.1785178517852 "
"1","29.1790179017902 "
"1","29.1795179517952 "
"1","
"
"1","    9.737457e-02 "
"1","    9.706692e-02 "
"1","    9.675968e-02 "
"1","
"
"1","29.1800180018002 "
"1","29.1805180518052 "
"1","29.1810181018102 "
"1","
"
"1","    9.645284e-02 "
"1","    9.614640e-02 "
"1","    9.584038e-02 "
"1","
"
"1","29.1815181518152 "
"1","29.1820182018202 "
"1","29.1825182518252 "
"1","
"
"1","    9.553476e-02 "
"1","    9.522955e-02 "
"1","    9.492475e-02 "
"1","
"
"1","29.1830183018302 "
"1","29.1835183518352 "
"1","29.1840184018402 "
"1","
"
"1","    9.462035e-02 "
"1","    9.431636e-02 "
"1","    9.401277e-02 "
"1","
"
"1","29.1845184518452 "
"1","29.1850185018502 "
"1","29.1855185518552 "
"1","
"
"1","    9.370960e-02 "
"1","    9.340683e-02 "
"1","    9.310446e-02 "
"1","
"
"1","29.1860186018602 "
"1","29.1865186518652 "
"1","29.1870187018702 "
"1","
"
"1","    9.280251e-02 "
"1","    9.250095e-02 "
"1","    9.219981e-02 "
"1","
"
"1","29.1875187518752 "
"1","29.1880188018802 "
"1","29.1885188518852 "
"1","
"
"1","    9.189907e-02 "
"1","    9.159874e-02 "
"1","    9.129882e-02 "
"1","
"
"1","29.1890189018902 "
"1","29.1895189518952 "
"1","29.1900190019002 "
"1","
"
"1","    9.099930e-02 "
"1","    9.070019e-02 "
"1","    9.040149e-02 "
"1","
"
"1","29.1905190519052 "
"1","29.1910191019102 "
"1","29.1915191519152 "
"1","
"
"1","    9.010319e-02 "
"1","    8.980530e-02 "
"1","    8.950781e-02 "
"1","
"
"1","29.1920192019202 "
"1","29.1925192519252 "
"1","29.1930193019302 "
"1","
"
"1","    8.921074e-02 "
"1","    8.891406e-02 "
"1","    8.861780e-02 "
"1","
"
"1","29.1935193519352 "
"1","29.1940194019402 "
"1","29.1945194519452 "
"1","
"
"1","    8.832194e-02 "
"1","    8.802649e-02 "
"1","    8.773144e-02 "
"1","
"
"1","29.1950195019502 "
"1","29.1955195519552 "
"1","29.1960196019602 "
"1","
"
"1","    8.743680e-02 "
"1","    8.714256e-02 "
"1","    8.684874e-02 "
"1","
"
"1","29.1965196519652 "
"1","29.1970197019702 "
"1","29.1975197519752 "
"1","
"
"1","    8.655531e-02 "
"1","    8.626230e-02 "
"1","    8.596969e-02 "
"1","
"
"1","29.1980198019802 "
"1","29.1985198519852 "
"1","29.1990199019902 "
"1","
"
"1","    8.567748e-02 "
"1","    8.538569e-02 "
"1","    8.509430e-02 "
"1","
"
"1","29.1995199519952 "
"1","29.2000200020002 "
"1","29.2005200520052 "
"1","
"
"1","    8.480331e-02 "
"1","    8.451273e-02 "
"1","    8.422256e-02 "
"1","
"
"1","29.2010201020102 "
"1","29.2015201520152 "
"1","29.2020202020202 "
"1","
"
"1","    8.393279e-02 "
"1","    8.364343e-02 "
"1","    8.335447e-02 "
"1","
"
"1","29.2025202520252 "
"1","29.2030203020302 "
"1","29.2035203520352 "
"1","
"
"1","    8.306592e-02 "
"1","    8.277777e-02 "
"1","    8.249004e-02 "
"1","
"
"1","29.2040204020402 "
"1","29.2045204520452 "
"1","29.2050205020502 "
"1","
"
"1","    8.220270e-02 "
"1","    8.191577e-02 "
"1","    8.162925e-02 "
"1","
"
"1","29.2055205520552 "
"1","29.2060206020602 "
"1","29.2065206520652 "
"1","
"
"1","    8.134313e-02 "
"1","    8.105742e-02 "
"1","    8.077212e-02 "
"1","
"
"1","29.2070207020702 "
"1","29.2075207520752 "
"1","29.2080208020802 "
"1","
"
"1","    8.048722e-02 "
"1","    8.020272e-02 "
"1","    7.991863e-02 "
"1","
"
"1","29.2085208520852 "
"1","29.2090209020902 "
"1","29.2095209520952 "
"1","
"
"1","    7.963495e-02 "
"1","    7.935167e-02 "
"1","    7.906879e-02 "
"1","
"
"1","29.2100210021002 "
"1","29.2105210521052 "
"1","29.2110211021102 "
"1","
"
"1","    7.878632e-02 "
"1","    7.850426e-02 "
"1","    7.822260e-02 "
"1","
"
"1","29.2115211521152 "
"1","29.2120212021202 "
"1","29.2125212521252 "
"1","
"
"1","    7.794135e-02 "
"1","    7.766050e-02 "
"1","    7.738006e-02 "
"1","
"
"1","29.2130213021302 "
"1","29.2135213521352 "
"1","29.2140214021402 "
"1","
"
"1","    7.710002e-02 "
"1","    7.682038e-02 "
"1","    7.654115e-02 "
"1","
"
"1","29.2145214521452 "
"1","29.2150215021502 "
"1","29.2155215521552 "
"1","
"
"1","    7.626233e-02 "
"1","    7.598391e-02 "
"1","    7.570589e-02 "
"1","
"
"1","29.2160216021602 "
"1","29.2165216521652 "
"1","29.2170217021702 "
"1","
"
"1","    7.542828e-02 "
"1","    7.515108e-02 "
"1","    7.487428e-02 "
"1","
"
"1","29.2175217521752 "
"1","29.2180218021802 "
"1","29.2185218521852 "
"1","
"
"1","    7.459788e-02 "
"1","    7.432189e-02 "
"1","    7.404630e-02 "
"1","
"
"1","29.2190219021902 "
"1","29.2195219521952 "
"1","29.2200220022002 "
"1","
"
"1","    7.377111e-02 "
"1","    7.349633e-02 "
"1","    7.322196e-02 "
"1","
"
"1","29.2205220522052 "
"1","29.2210221022102 "
"1","29.2215221522152 "
"1","
"
"1","    7.294799e-02 "
"1","    7.267442e-02 "
"1","    7.240125e-02 "
"1","
"
"1","29.2220222022202 "
"1","29.2225222522252 "
"1","29.2230223022302 "
"1","
"
"1","    7.212850e-02 "
"1","    7.185614e-02 "
"1","    7.158419e-02 "
"1","
"
"1","29.2235223522352 "
"1","29.2240224022402 "
"1","29.2245224522452 "
"1","
"
"1","    7.131264e-02 "
"1","    7.104150e-02 "
"1","    7.077076e-02 "
"1","
"
"1","29.2250225022502 "
"1","29.2255225522552 "
"1","29.2260226022602 "
"1","
"
"1","    7.050042e-02 "
"1","    7.023049e-02 "
"1","    6.996096e-02 "
"1","
"
"1","29.2265226522652 "
"1","29.2270227022702 "
"1","29.2275227522752 "
"1","
"
"1","    6.969183e-02 "
"1","    6.942311e-02 "
"1","    6.915479e-02 "
"1","
"
"1","29.2280228022802 "
"1","29.2285228522852 "
"1","29.2290229022902 "
"1","
"
"1","    6.888687e-02 "
"1","    6.861936e-02 "
"1","    6.835225e-02 "
"1","
"
"1","29.2295229522952 "
"1","29.2300230023002 "
"1","29.2305230523052 "
"1","
"
"1","    6.808554e-02 "
"1","    6.781924e-02 "
"1","    6.755334e-02 "
"1","
"
"1","29.2310231023102 "
"1","29.2315231523152 "
"1","29.2320232023202 "
"1","
"
"1","    6.728784e-02 "
"1","    6.702275e-02 "
"1","    6.675806e-02 "
"1","
"
"1","29.2325232523252 "
"1","29.2330233023302 "
"1","29.2335233523352 "
"1","
"
"1","    6.649377e-02 "
"1","    6.622988e-02 "
"1","    6.596640e-02 "
"1","
"
"1","29.2340234023402 "
"1","29.2345234523452 "
"1","29.2350235023502 "
"1","
"
"1","    6.570332e-02 "
"1","    6.544064e-02 "
"1","    6.517836e-02 "
"1","
"
"1","29.2355235523552 "
"1","29.2360236023602 "
"1","29.2365236523652 "
"1","
"
"1","    6.491649e-02 "
"1","    6.465502e-02 "
"1","    6.439395e-02 "
"1","
"
"1","29.2370237023702 "
"1","29.2375237523752 "
"1","29.2380238023802 "
"1","
"
"1","    6.413328e-02 "
"1","    6.387301e-02 "
"1","    6.361315e-02 "
"1","
"
"1","29.2385238523852 "
"1","29.2390239023902 "
"1","29.2395239523952 "
"1","
"
"1","    6.335369e-02 "
"1","    6.309463e-02 "
"1","    6.283597e-02 "
"1","
"
"1","29.2400240024002 "
"1","29.2405240524052 "
"1","29.2410241024102 "
"1","
"
"1","    6.257772e-02 "
"1","    6.231986e-02 "
"1","    6.206241e-02 "
"1","
"
"1","29.2415241524152 "
"1","29.2420242024202 "
"1","29.2425242524252 "
"1","
"
"1","    6.180536e-02 "
"1","    6.154871e-02 "
"1","    6.129246e-02 "
"1","
"
"1","29.2430243024302 "
"1","29.2435243524352 "
"1","29.2440244024402 "
"1","
"
"1","    6.103661e-02 "
"1","    6.078117e-02 "
"1","    6.052612e-02 "
"1","
"
"1","29.2445244524452 "
"1","29.2450245024502 "
"1","29.2455245524552 "
"1","
"
"1","    6.027148e-02 "
"1","    6.001724e-02 "
"1","    5.976339e-02 "
"1","
"
"1","29.2460246024602 "
"1","29.2465246524652 "
"1","29.2470247024702 "
"1","
"
"1","    5.950995e-02 "
"1","    5.925691e-02 "
"1","    5.900427e-02 "
"1","
"
"1","29.2475247524752 "
"1","29.2480248024802 "
"1","29.2485248524853 "
"1","
"
"1","    5.875203e-02 "
"1","    5.850020e-02 "
"1","    5.824876e-02 "
"1","
"
"1","29.2490249024902 "
"1","29.2495249524952 "
"1","29.2500250025003 "
"1","
"
"1","    5.799772e-02 "
"1","    5.774708e-02 "
"1","    5.749685e-02 "
"1","
"
"1","29.2505250525052 "
"1","29.2510251025103 "
"1","29.2515251525153 "
"1","
"
"1","    5.724701e-02 "
"1","    5.699757e-02 "
"1","    5.674854e-02 "
"1","
"
"1","29.2520252025203 "
"1","29.2525252525253 "
"1","29.2530253025303 "
"1","
"
"1","    5.649990e-02 "
"1","    5.625166e-02 "
"1","    5.600383e-02 "
"1","
"
"1","29.2535253525353 "
"1","29.2540254025403 "
"1","29.2545254525453 "
"1","
"
"1","    5.575639e-02 "
"1","    5.550935e-02 "
"1","    5.526271e-02 "
"1","
"
"1","29.2550255025503 "
"1","29.2555255525553 "
"1","29.2560256025603 "
"1","
"
"1","    5.501647e-02 "
"1","    5.477063e-02 "
"1","    5.452519e-02 "
"1","
"
"1","29.2565256525653 "
"1","29.2570257025703 "
"1","29.2575257525753 "
"1","
"
"1","    5.428015e-02 "
"1","    5.403551e-02 "
"1","    5.379127e-02 "
"1","
"
"1","29.2580258025803 "
"1","29.2585258525853 "
"1","29.2590259025903 "
"1","
"
"1","    5.354742e-02 "
"1","    5.330398e-02 "
"1","    5.306093e-02 "
"1","
"
"1","29.2595259525953 "
"1","29.2600260026003 "
"1","29.2605260526053 "
"1","
"
"1","    5.281828e-02 "
"1","    5.257603e-02 "
"1","    5.233418e-02 "
"1","
"
"1","29.2610261026103 "
"1","29.2615261526153 "
"1","29.2620262026203 "
"1","
"
"1","    5.209273e-02 "
"1","    5.185167e-02 "
"1","    5.161102e-02 "
"1","
"
"1","29.2625262526253 "
"1","29.2630263026303 "
"1","29.2635263526353 "
"1","
"
"1","    5.137076e-02 "
"1","    5.113090e-02 "
"1","    5.089143e-02 "
"1","
"
"1","29.2640264026403 "
"1","29.2645264526453 "
"1","29.2650265026503 "
"1","
"
"1","    5.065237e-02 "
"1","    5.041370e-02 "
"1","    5.017543e-02 "
"1","
"
"1","29.2655265526553 "
"1","29.2660266026603 "
"1","29.2665266526653 "
"1","
"
"1","    4.993756e-02 "
"1","    4.970009e-02 "
"1","    4.946301e-02 "
"1","
"
"1","29.2670267026703 "
"1","29.2675267526753 "
"1","29.2680268026803 "
"1","
"
"1","    4.922633e-02 "
"1","    4.899005e-02 "
"1","    4.875416e-02 "
"1","
"
"1","29.2685268526853 "
"1","29.2690269026903 "
"1","29.2695269526953 "
"1","
"
"1","    4.851867e-02 "
"1","    4.828358e-02 "
"1","    4.804889e-02 "
"1","
"
"1","29.2700270027003 "
"1","29.2705270527053 "
"1","29.2710271027103 "
"1","
"
"1","    4.781459e-02 "
"1","    4.758069e-02 "
"1","    4.734718e-02 "
"1","
"
"1","29.2715271527153 "
"1","29.2720272027203 "
"1","29.2725272527253 "
"1","
"
"1","    4.711407e-02 "
"1","    4.688136e-02 "
"1","    4.664905e-02 "
"1","
"
"1","29.2730273027303 "
"1","29.2735273527353 "
"1","29.2740274027403 "
"1","
"
"1","    4.641713e-02 "
"1","    4.618560e-02 "
"1","    4.595447e-02 "
"1","
"
"1","29.2745274527453 "
"1","29.2750275027503 "
"1","29.2755275527553 "
"1","
"
"1","    4.572374e-02 "
"1","    4.549340e-02 "
"1","    4.526346e-02 "
"1","
"
"1","29.2760276027603 "
"1","29.2765276527653 "
"1","29.2770277027703 "
"1","
"
"1","    4.503392e-02 "
"1","    4.480477e-02 "
"1","    4.457601e-02 "
"1","
"
"1","29.2775277527753 "
"1","29.2780278027803 "
"1","29.2785278527853 "
"1","
"
"1","    4.434765e-02 "
"1","    4.411969e-02 "
"1","    4.389212e-02 "
"1","
"
"1","29.2790279027903 "
"1","29.2795279527953 "
"1","29.2800280028003 "
"1","
"
"1","    4.366494e-02 "
"1","    4.343816e-02 "
"1","    4.321178e-02 "
"1","
"
"1","29.2805280528053 "
"1","29.2810281028103 "
"1","29.2815281528153 "
"1","
"
"1","    4.298578e-02 "
"1","    4.276019e-02 "
"1","    4.253499e-02 "
"1","
"
"1","29.2820282028203 "
"1","29.2825282528253 "
"1","29.2830283028303 "
"1","
"
"1","    4.231018e-02 "
"1","    4.208576e-02 "
"1","    4.186174e-02 "
"1","
"
"1","29.2835283528353 "
"1","29.2840284028403 "
"1","29.2845284528453 "
"1","
"
"1","    4.163812e-02 "
"1","    4.141488e-02 "
"1","    4.119205e-02 "
"1","
"
"1","29.2850285028503 "
"1","29.2855285528553 "
"1","29.2860286028603 "
"1","
"
"1","    4.096960e-02 "
"1","    4.074755e-02 "
"1","    4.052589e-02 "
"1","
"
"1","29.2865286528653 "
"1","29.2870287028703 "
"1","29.2875287528753 "
"1","
"
"1","    4.030463e-02 "
"1","    4.008375e-02 "
"1","    3.986327e-02 "
"1","
"
"1","29.2880288028803 "
"1","29.2885288528853 "
"1","29.2890289028903 "
"1","
"
"1","    3.964319e-02 "
"1","    3.942350e-02 "
"1","    3.920419e-02 "
"1","
"
"1","29.2895289528953 "
"1","29.2900290029003 "
"1","29.2905290529053 "
"1","
"
"1","    3.898529e-02 "
"1","    3.876677e-02 "
"1","    3.854865e-02 "
"1","
"
"1","29.2910291029103 "
"1","29.2915291529153 "
"1","29.2920292029203 "
"1","
"
"1","    3.833092e-02 "
"1","    3.811358e-02 "
"1","    3.789663e-02 "
"1","
"
"1","29.2925292529253 "
"1","29.2930293029303 "
"1","29.2935293529353 "
"1","
"
"1","    3.768008e-02 "
"1","    3.746391e-02 "
"1","    3.724814e-02 "
"1","
"
"1","29.2940294029403 "
"1","29.2945294529453 "
"1","29.2950295029503 "
"1","
"
"1","    3.703276e-02 "
"1","    3.681777e-02 "
"1","    3.660317e-02 "
"1","
"
"1","29.2955295529553 "
"1","29.2960296029603 "
"1","29.2965296529653 "
"1","
"
"1","    3.638897e-02 "
"1","    3.617515e-02 "
"1","    3.596173e-02 "
"1","
"
"1","29.2970297029703 "
"1","29.2975297529753 "
"1","29.2980298029803 "
"1","
"
"1","    3.574869e-02 "
"1","    3.553605e-02 "
"1","    3.532380e-02 "
"1","
"
"1","29.2985298529853 "
"1","29.2990299029903 "
"1","29.2995299529953 "
"1","
"
"1","    3.511194e-02 "
"1","    3.490046e-02 "
"1","    3.468938e-02 "
"1","
"
"1","29.3000300030003 "
"1","29.3005300530053 "
"1","29.3010301030103 "
"1","
"
"1","    3.447869e-02 "
"1","    3.426839e-02 "
"1","    3.405848e-02 "
"1","
"
"1","29.3015301530153 "
"1","29.3020302030203 "
"1","29.3025302530253 "
"1","
"
"1","    3.384896e-02 "
"1","    3.363982e-02 "
"1","    3.343108e-02 "
"1","
"
"1","29.3030303030303 "
"1","29.3035303530353 "
"1","29.3040304030403 "
"1","
"
"1","    3.322273e-02 "
"1","    3.301476e-02 "
"1","    3.280719e-02 "
"1","
"
"1","29.3045304530453 "
"1","29.3050305030503 "
"1","29.3055305530553 "
"1","
"
"1","    3.260000e-02 "
"1","    3.239320e-02 "
"1","    3.218679e-02 "
"1","
"
"1","29.3060306030603 "
"1","29.3065306530653 "
"1","29.3070307030703 "
"1","
"
"1","    3.198077e-02 "
"1","    3.177514e-02 "
"1","    3.156990e-02 "
"1","
"
"1","29.3075307530753 "
"1","29.3080308030803 "
"1","29.3085308530853 "
"1","
"
"1","    3.136504e-02 "
"1","    3.116058e-02 "
"1","    3.095650e-02 "
"1","
"
"1","29.3090309030903 "
"1","29.3095309530953 "
"1","29.3100310031003 "
"1","
"
"1","    3.075281e-02 "
"1","    3.054950e-02 "
"1","    3.034659e-02 "
"1","
"
"1","29.3105310531053 "
"1","29.3110311031103 "
"1","29.3115311531153 "
"1","
"
"1","    3.014406e-02 "
"1","    2.994191e-02 "
"1","    2.974016e-02 "
"1","
"
"1","29.3120312031203 "
"1","29.3125312531253 "
"1","29.3130313031303 "
"1","
"
"1","    2.953879e-02 "
"1","    2.933781e-02 "
"1","    2.913722e-02 "
"1","
"
"1","29.3135313531353 "
"1","29.3140314031403 "
"1","29.3145314531453 "
"1","
"
"1","    2.893701e-02 "
"1","    2.873719e-02 "
"1","    2.853776e-02 "
"1","
"
"1","29.3150315031503 "
"1","29.3155315531553 "
"1","29.3160316031603 "
"1","
"
"1","    2.833871e-02 "
"1","    2.814004e-02 "
"1","    2.794177e-02 "
"1","
"
"1","29.3165316531653 "
"1","29.3170317031703 "
"1","29.3175317531753 "
"1","
"
"1","    2.774388e-02 "
"1","    2.754637e-02 "
"1","    2.734925e-02 "
"1","
"
"1","29.3180318031803 "
"1","29.3185318531853 "
"1","29.3190319031903 "
"1","
"
"1","    2.715252e-02 "
"1","    2.695617e-02 "
"1","    2.676021e-02 "
"1","
"
"1","29.3195319531953 "
"1","29.3200320032003 "
"1","29.3205320532053 "
"1","
"
"1","    2.656463e-02 "
"1","    2.636944e-02 "
"1","    2.617463e-02 "
"1","
"
"1","29.3210321032103 "
"1","29.3215321532153 "
"1","29.3220322032203 "
"1","
"
"1","    2.598020e-02 "
"1","    2.578616e-02 "
"1","    2.559251e-02 "
"1","
"
"1","29.3225322532253 "
"1","29.3230323032303 "
"1","29.3235323532353 "
"1","
"
"1","    2.539923e-02 "
"1","    2.520635e-02 "
"1","    2.501384e-02 "
"1","
"
"1","29.3240324032403 "
"1","29.3245324532453 "
"1","29.3250325032503 "
"1","
"
"1","    2.482172e-02 "
"1","    2.462999e-02 "
"1","    2.443863e-02 "
"1","
"
"1","29.3255325532553 "
"1","29.3260326032603 "
"1","29.3265326532653 "
"1","
"
"1","    2.424766e-02 "
"1","    2.405708e-02 "
"1","    2.386687e-02 "
"1","
"
"1","29.3270327032703 "
"1","29.3275327532753 "
"1","29.3280328032803 "
"1","
"
"1","    2.367705e-02 "
"1","    2.348762e-02 "
"1","    2.329856e-02 "
"1","
"
"1","29.3285328532853 "
"1","29.3290329032903 "
"1","29.3295329532953 "
"1","
"
"1","    2.310989e-02 "
"1","    2.292160e-02 "
"1","    2.273369e-02 "
"1","
"
"1","29.3300330033003 "
"1","29.3305330533053 "
"1","29.3310331033103 "
"1","
"
"1","    2.254616e-02 "
"1","    2.235902e-02 "
"1","    2.217226e-02 "
"1","
"
"1","29.3315331533153 "
"1","29.3320332033203 "
"1","29.3325332533253 "
"1","
"
"1","    2.198587e-02 "
"1","    2.179987e-02 "
"1","    2.161426e-02 "
"1","
"
"1","29.3330333033303 "
"1","29.3335333533353 "
"1","29.3340334033403 "
"1","
"
"1","    2.142902e-02 "
"1","    2.124416e-02 "
"1","    2.105969e-02 "
"1","
"
"1","29.3345334533453 "
"1","29.3350335033503 "
"1","29.3355335533553 "
"1","
"
"1","    2.087559e-02 "
"1","    2.069188e-02 "
"1","    2.050854e-02 "
"1","
"
"1","29.3360336033603 "
"1","29.3365336533653 "
"1","29.3370337033703 "
"1","
"
"1","    2.032559e-02 "
"1","    2.014302e-02 "
"1","    1.996082e-02 "
"1","
"
"1","29.3375337533753 "
"1","29.3380338033803 "
"1","29.3385338533853 "
"1","
"
"1","    1.977901e-02 "
"1","    1.959757e-02 "
"1","    1.941652e-02 "
"1","
"
"1","29.3390339033903 "
"1","29.3395339533953 "
"1","29.3400340034003 "
"1","
"
"1","    1.923584e-02 "
"1","    1.905555e-02 "
"1","    1.887563e-02 "
"1","
"
"1","29.3405340534053 "
"1","29.3410341034103 "
"1","29.3415341534153 "
"1","
"
"1","    1.869609e-02 "
"1","    1.851693e-02 "
"1","    1.833815e-02 "
"1","
"
"1","29.3420342034203 "
"1","29.3425342534253 "
"1","29.3430343034303 "
"1","
"
"1","    1.815975e-02 "
"1","    1.798172e-02 "
"1","    1.780408e-02 "
"1","
"
"1","29.3435343534353 "
"1","29.3440344034403 "
"1","29.3445344534453 "
"1","
"
"1","    1.762681e-02 "
"1","    1.744992e-02 "
"1","    1.727340e-02 "
"1","
"
"1","29.3450345034503 "
"1","29.3455345534553 "
"1","29.3460346034603 "
"1","
"
"1","    1.709727e-02 "
"1","    1.692151e-02 "
"1","    1.674613e-02 "
"1","
"
"1","29.3465346534653 "
"1","29.3470347034703 "
"1","29.3475347534753 "
"1","
"
"1","    1.657112e-02 "
"1","    1.639650e-02 "
"1","    1.622225e-02 "
"1","
"
"1","29.3480348034803 "
"1","29.3485348534853 "
"1","29.3490349034903 "
"1","
"
"1","    1.604837e-02 "
"1","    1.587487e-02 "
"1","    1.570175e-02 "
"1","
"
"1","29.3495349534954 "
"1","29.3500350035003 "
"1","29.3505350535054 "
"1","
"
"1","    1.552901e-02 "
"1","    1.535664e-02 "
"1","    1.518464e-02 "
"1","
"
"1","29.3510351035104 "
"1","29.3515351535153 "
"1","29.3520352035204 "
"1","
"
"1","    1.501302e-02 "
"1","    1.484178e-02 "
"1","    1.467091e-02 "
"1","
"
"1","29.3525352535254 "
"1","29.3530353035304 "
"1","29.3535353535354 "
"1","
"
"1","    1.450042e-02 "
"1","    1.433030e-02 "
"1","    1.416056e-02 "
"1","
"
"1","29.3540354035404 "
"1","29.3545354535454 "
"1","29.3550355035504 "
"1","
"
"1","    1.399119e-02 "
"1","    1.382220e-02 "
"1","    1.365358e-02 "
"1","
"
"1","29.3555355535554 "
"1","29.3560356035604 "
"1","29.3565356535654 "
"1","
"
"1","    1.348533e-02 "
"1","    1.331746e-02 "
"1","    1.314996e-02 "
"1","
"
"1","29.3570357035704 "
"1","29.3575357535754 "
"1","29.3580358035804 "
"1","
"
"1","    1.298284e-02 "
"1","    1.281609e-02 "
"1","    1.264971e-02 "
"1","
"
"1","29.3585358535854 "
"1","29.3590359035904 "
"1","29.3595359535954 "
"1","
"
"1","    1.248371e-02 "
"1","    1.231808e-02 "
"1","    1.215282e-02 "
"1","
"
"1","29.3600360036004 "
"1","29.3605360536054 "
"1","29.3610361036104 "
"1","
"
"1","    1.198793e-02 "
"1","    1.182342e-02 "
"1","    1.165928e-02 "
"1","
"
"1","29.3615361536154 "
"1","29.3620362036204 "
"1","29.3625362536254 "
"1","
"
"1","    1.149551e-02 "
"1","    1.133211e-02 "
"1","    1.116909e-02 "
"1","
"
"1","29.3630363036304 "
"1","29.3635363536354 "
"1","29.3640364036404 "
"1","
"
"1","    1.100643e-02 "
"1","    1.084415e-02 "
"1","    1.068224e-02 "
"1","
"
"1","29.3645364536454 "
"1","29.3650365036504 "
"1","29.3655365536554 "
"1","
"
"1","    1.052070e-02 "
"1","    1.035953e-02 "
"1","    1.019873e-02 "
"1","
"
"1","29.3660366036604 "
"1","29.3665366536654 "
"1","29.3670367036704 "
"1","
"
"1","    1.003831e-02 "
"1","    9.878249e-03 "
"1","    9.718562e-03 "
"1","
"
"1","29.3675367536754 "
"1","29.3680368036804 "
"1","29.3685368536854 "
"1","
"
"1","    9.559246e-03 "
"1","    9.400299e-03 "
"1","    9.241722e-03 "
"1","
"
"1","29.3690369036904 "
"1","29.3695369536954 "
"1","29.3700370037004 "
"1","
"
"1","    9.083515e-03 "
"1","    8.925678e-03 "
"1","    8.768209e-03 "
"1","
"
"1","29.3705370537054 "
"1","29.3710371037104 "
"1","29.3715371537154 "
"1","
"
"1","    8.611110e-03 "
"1","    8.454379e-03 "
"1","    8.298017e-03 "
"1","
"
"1","29.3720372037204 "
"1","29.3725372537254 "
"1","29.3730373037304 "
"1","
"
"1","    8.142024e-03 "
"1","    7.986399e-03 "
"1","    7.831143e-03 "
"1","
"
"1","29.3735373537354 "
"1","29.3740374037404 "
"1","29.3745374537454 "
"1","
"
"1","    7.676254e-03 "
"1","    7.521733e-03 "
"1","    7.367580e-03 "
"1","
"
"1","29.3750375037504 "
"1","29.3755375537554 "
"1","29.3760376037604 "
"1","
"
"1","    7.213795e-03 "
"1","    7.060377e-03 "
"1","    6.907326e-03 "
"1","
"
"1","29.3765376537654 "
"1","29.3770377037704 "
"1","29.3775377537754 "
"1","
"
"1","    6.754642e-03 "
"1","    6.602325e-03 "
"1","    6.450374e-03 "
"1","
"
"1","29.3780378037804 "
"1","29.3785378537854 "
"1","29.3790379037904 "
"1","
"
"1","    6.298790e-03 "
"1","    6.147572e-03 "
"1","    5.996721e-03 "
"1","
"
"1","29.3795379537954 "
"1","29.3800380038004 "
"1","29.3805380538054 "
"1","
"
"1","    5.846235e-03 "
"1","    5.696115e-03 "
"1","    5.546360e-03 "
"1","
"
"1","29.3810381038104 "
"1","29.3815381538154 "
"1","29.3820382038204 "
"1","
"
"1","    5.396971e-03 "
"1","    5.247948e-03 "
"1","    5.099289e-03 "
"1","
"
"1","29.3825382538254 "
"1","29.3830383038304 "
"1","29.3835383538354 "
"1","
"
"1","    4.950995e-03 "
"1","    4.803066e-03 "
"1","    4.655501e-03 "
"1","
"
"1","29.3840384038404 "
"1","29.3845384538454 "
"1","29.3850385038504 "
"1","
"
"1","    4.508301e-03 "
"1","    4.361464e-03 "
"1","    4.214992e-03 "
"1","
"
"1","29.3855385538554 "
"1","29.3860386038604 "
"1","29.3865386538654 "
"1","
"
"1","    4.068884e-03 "
"1","    3.923139e-03 "
"1","    3.777757e-03 "
"1","
"
"1","29.3870387038704 "
"1","29.3875387538754 "
"1","29.3880388038804 "
"1","
"
"1","    3.632739e-03 "
"1","    3.488084e-03 "
"1","    3.343792e-03 "
"1","
"
"1","29.3885388538854 "
"1","29.3890389038904 "
"1","29.3895389538954 "
"1","
"
"1","    3.199862e-03 "
"1","    3.056295e-03 "
"1","    2.913090e-03 "
"1","
"
"1","29.3900390039004 "
"1","29.3905390539054 "
"1","29.3910391039104 "
"1","
"
"1","    2.770247e-03 "
"1","    2.627767e-03 "
"1","    2.485648e-03 "
"1","
"
"1","29.3915391539154 "
"1","29.3920392039204 "
"1","29.3925392539254 "
"1","
"
"1","    2.343891e-03 "
"1","    2.202495e-03 "
"1","    2.061460e-03 "
"1","
"
"1","29.3930393039304 "
"1","29.3935393539354 "
"1","29.3940394039404 "
"1","
"
"1","    1.920786e-03 "
"1","    1.780474e-03 "
"1","    1.640522e-03 "
"1","
"
"1","29.3945394539454 "
"1","29.3950395039504 "
"1","29.3955395539554 "
"1","
"
"1","    1.500930e-03 "
"1","    1.361699e-03 "
"1","    1.222828e-03 "
"1","
"
"1","29.3960396039604 "
"1","29.3965396539654 "
"1","29.3970397039704 "
"1","
"
"1","    1.084317e-03 "
"1","    9.461650e-04 "
"1","    8.083731e-04 "
"1","
"
"1","29.3975397539754 "
"1","29.3980398039804 "
"1","29.3985398539854 "
"1","
"
"1","    6.709406e-04 "
"1","    5.338673e-04 "
"1","    3.971530e-04 "
"1","
"
"1","29.3990399039904 "
"1","29.3995399539954 "
"1","29.4000400040004 "
"1","
"
"1","    2.607974e-04 "
"1","    1.248006e-04 "
"1","    1.883014e-05 "
"1","
"
"1","29.4005400540054 "
"1","29.4010401040104 "
"1","29.4015401540154 "
"1","
"
"1","    2.544455e-04 "
"1","    4.905030e-04 "
"1","    7.270027e-04 "
"1","
"
"1","29.4020402040204 "
"1","29.4025402540254 "
"1","29.4030403040304 "
"1","
"
"1","    9.639447e-04 "
"1","    1.201329e-03 "
"1","    1.439156e-03 "
"1","
"
"1","29.4035403540354 "
"1","29.4040404040404 "
"1","29.4045404540454 "
"1","
"
"1","    1.677426e-03 "
"1","    1.916139e-03 "
"1","    2.155294e-03 "
"1","
"
"1","29.4050405040504 "
"1","29.4055405540554 "
"1","29.4060406040604 "
"1","
"
"1","    2.394893e-03 "
"1","    2.634934e-03 "
"1","    2.875420e-03 "
"1","
"
"1","29.4065406540654 "
"1","29.4070407040704 "
"1","29.4075407540754 "
"1","
"
"1","    3.116348e-03 "
"1","    3.357720e-03 "
"1","    3.599536e-03 "
"1","
"
"1","29.4080408040804 "
"1","29.4085408540854 "
"1","29.4090409040904 "
"1","
"
"1","    3.841796e-03 "
"1","    4.084499e-03 "
"1","    4.327647e-03 "
"1","
"
"1","29.4095409540954 "
"1","29.4100410041004 "
"1","29.4105410541054 "
"1","
"
"1","    4.571239e-03 "
"1","    4.815275e-03 "
"1","    5.059756e-03 "
"1","
"
"1","29.4110411041104 "
"1","29.4115411541154 "
"1","29.4120412041204 "
"1","
"
"1","    5.304681e-03 "
"1","    5.550050e-03 "
"1","    5.795865e-03 "
"1","
"
"1","29.4125412541254 "
"1","29.4130413041304 "
"1","29.4135413541354 "
"1","
"
"1","    6.042124e-03 "
"1","    6.288829e-03 "
"1","    6.535978e-03 "
"1","
"
"1","29.4140414041404 "
"1","29.4145414541454 "
"1","29.4150415041504 "
"1","
"
"1","    6.783573e-03 "
"1","    7.031613e-03 "
"1","    7.280098e-03 "
"1","
"
"1","29.4155415541554 "
"1","29.4160416041604 "
"1","29.4165416541654 "
"1","
"
"1","    7.529029e-03 "
"1","    7.778406e-03 "
"1","    8.028228e-03 "
"1","
"
"1","29.4170417041704 "
"1","29.4175417541754 "
"1","29.4180418041804 "
"1","
"
"1","    8.278496e-03 "
"1","    8.529211e-03 "
"1","    8.780371e-03 "
"1","
"
"1","29.4185418541854 "
"1","29.4190419041904 "
"1","29.4195419541954 "
"1","
"
"1","    9.031978e-03 "
"1","    9.284031e-03 "
"1","    9.536530e-03 "
"1","
"
"1","29.4200420042004 "
"1","29.4205420542054 "
"1","29.4210421042104 "
"1","
"
"1","    9.789476e-03 "
"1","    1.004287e-02 "
"1","    1.029671e-02 "
"1","
"
"1","29.4215421542154 "
"1","29.4220422042204 "
"1","29.4225422542254 "
"1","
"
"1","    1.055099e-02 "
"1","    1.080573e-02 "
"1","    1.106091e-02 "
"1","
"
"1","29.4230423042304 "
"1","29.4235423542354 "
"1","29.4240424042404 "
"1","
"
"1","    1.131654e-02 "
"1","    1.157261e-02 "
"1","    1.182913e-02 "
"1","
"
"1","29.4245424542454 "
"1","29.4250425042504 "
"1","29.4255425542554 "
"1","
"
"1","    1.208610e-02 "
"1","    1.234352e-02 "
"1","    1.260138e-02 "
"1","
"
"1","29.4260426042604 "
"1","29.4265426542654 "
"1","29.4270427042704 "
"1","
"
"1","    1.285970e-02 "
"1","    1.311846e-02 "
"1","    1.337767e-02 "
"1","
"
"1","29.4275427542754 "
"1","29.4280428042804 "
"1","29.4285428542854 "
"1","
"
"1","    1.363732e-02 "
"1","    1.389743e-02 "
"1","    1.415798e-02 "
"1","
"
"1","29.4290429042904 "
"1","29.4295429542954 "
"1","29.4300430043004 "
"1","
"
"1","    1.441898e-02 "
"1","    1.468043e-02 "
"1","    1.494233e-02 "
"1","
"
"1","29.4305430543054 "
"1","29.4310431043104 "
"1","29.4315431543154 "
"1","
"
"1","    1.520468e-02 "
"1","    1.546747e-02 "
"1","    1.573072e-02 "
"1","
"
"1","29.4320432043204 "
"1","29.4325432543254 "
"1","29.4330433043304 "
"1","
"
"1","    1.599441e-02 "
"1","    1.625856e-02 "
"1","    1.652315e-02 "
"1","
"
"1","29.4335433543354 "
"1","29.4340434043404 "
"1","29.4345434543454 "
"1","
"
"1","    1.678819e-02 "
"1","    1.705368e-02 "
"1","    1.731962e-02 "
"1","
"
"1","29.4350435043504 "
"1","29.4355435543554 "
"1","29.4360436043604 "
"1","
"
"1","    1.758601e-02 "
"1","    1.785285e-02 "
"1","    1.812014e-02 "
"1","
"
"1","29.4365436543654 "
"1","29.4370437043704 "
"1","29.4375437543754 "
"1","
"
"1","    1.838788e-02 "
"1","    1.865606e-02 "
"1","    1.892470e-02 "
"1","
"
"1","29.4380438043804 "
"1","29.4385438543854 "
"1","29.4390439043904 "
"1","
"
"1","    1.919379e-02 "
"1","    1.946333e-02 "
"1","    1.973332e-02 "
"1","
"
"1","29.4395439543954 "
"1","29.4400440044004 "
"1","29.4405440544054 "
"1","
"
"1","    2.000376e-02 "
"1","    2.027465e-02 "
"1","    2.054598e-02 "
"1","
"
"1","29.4410441044104 "
"1","29.4415441544154 "
"1","29.4420442044204 "
"1","
"
"1","    2.081778e-02 "
"1","    2.109002e-02 "
"1","    2.136271e-02 "
"1","
"
"1","29.4425442544254 "
"1","29.4430443044304 "
"1","29.4435443544354 "
"1","
"
"1","    2.163585e-02 "
"1","    2.190944e-02 "
"1","    2.218349e-02 "
"1","
"
"1","29.4440444044404 "
"1","29.4445444544454 "
"1","29.4450445044504 "
"1","
"
"1","    2.245798e-02 "
"1","    2.273293e-02 "
"1","    2.300833e-02 "
"1","
"
"1","29.4455445544554 "
"1","29.4460446044604 "
"1","29.4465446544654 "
"1","
"
"1","    2.328418e-02 "
"1","    2.356048e-02 "
"1","    2.383723e-02 "
"1","
"
"1","29.4470447044704 "
"1","29.4475447544754 "
"1","29.4480448044804 "
"1","
"
"1","    2.411443e-02 "
"1","    2.439208e-02 "
"1","    2.467019e-02 "
"1","
"
"1","29.4485448544854 "
"1","29.4490449044904 "
"1","29.4495449544955 "
"1","
"
"1","    2.494875e-02 "
"1","    2.522776e-02 "
"1","    2.550722e-02 "
"1","
"
"1","29.4500450045004 "
"1","29.4505450545055 "
"1","29.4510451045105 "
"1","
"
"1","    2.578713e-02 "
"1","    2.606750e-02 "
"1","    2.634832e-02 "
"1","
"
"1","29.4515451545155 "
"1","29.4520452045205 "
"1","29.4525452545255 "
"1","
"
"1","    2.662959e-02 "
"1","    2.691131e-02 "
"1","    2.719348e-02 "
"1","
"
"1","29.4530453045305 "
"1","29.4535453545355 "
"1","29.4540454045405 "
"1","
"
"1","    2.747611e-02 "
"1","    2.775919e-02 "
"1","    2.804272e-02 "
"1","
"
"1","29.4545454545455 "
"1","29.4550455045505 "
"1","29.4555455545555 "
"1","
"
"1","    2.832671e-02 "
"1","    2.861114e-02 "
"1","    2.889603e-02 "
"1","
"
"1","29.4560456045605 "
"1","29.4565456545655 "
"1","29.4570457045705 "
"1","
"
"1","    2.918137e-02 "
"1","    2.946717e-02 "
"1","    2.975342e-02 "
"1","
"
"1","29.4575457545755 "
"1","29.4580458045805 "
"1","29.4585458545855 "
"1","
"
"1","    3.004012e-02 "
"1","    3.032727e-02 "
"1","    3.061488e-02 "
"1","
"
"1","29.4590459045905 "
"1","29.4595459545955 "
"1","29.4600460046005 "
"1","
"
"1","    3.090294e-02 "
"1","    3.119145e-02 "
"1","    3.148042e-02 "
"1","
"
"1","29.4605460546055 "
"1","29.4610461046105 "
"1","29.4615461546155 "
"1","
"
"1","    3.176984e-02 "
"1","    3.205971e-02 "
"1","    3.235004e-02 "
"1","
"
"1","29.4620462046205 "
"1","29.4625462546255 "
"1","29.4630463046305 "
"1","
"
"1","    3.264082e-02 "
"1","    3.293206e-02 "
"1","    3.322374e-02 "
"1","
"
"1","29.4635463546355 "
"1","29.4640464046405 "
"1","29.4645464546455 "
"1","
"
"1","    3.351589e-02 "
"1","    3.380848e-02 "
"1","    3.410153e-02 "
"1","
"
"1","29.4650465046505 "
"1","29.4655465546555 "
"1","29.4660466046605 "
"1","
"
"1","    3.439503e-02 "
"1","    3.468899e-02 "
"1","    3.498340e-02 "
"1","
"
"1","29.4665466546655 "
"1","29.4670467046705 "
"1","29.4675467546755 "
"1","
"
"1","    3.527827e-02 "
"1","    3.557358e-02 "
"1","    3.586936e-02 "
"1","
"
"1","29.4680468046805 "
"1","29.4685468546855 "
"1","29.4690469046905 "
"1","
"
"1","    3.616558e-02 "
"1","    3.646227e-02 "
"1","    3.675940e-02 "
"1","
"
"1","29.4695469546955 "
"1","29.4700470047005 "
"1","29.4705470547055 "
"1","
"
"1","    3.705699e-02 "
"1","    3.735504e-02 "
"1","    3.765354e-02 "
"1","
"
"1","29.4710471047105 "
"1","29.4715471547155 "
"1","29.4720472047205 "
"1","
"
"1","    3.795249e-02 "
"1","    3.825190e-02 "
"1","    3.855176e-02 "
"1","
"
"1","29.4725472547255 "
"1","29.4730473047305 "
"1","29.4735473547355 "
"1","
"
"1","    3.885208e-02 "
"1","    3.915285e-02 "
"1","    3.945408e-02 "
"1","
"
"1","29.4740474047405 "
"1","29.4745474547455 "
"1","29.4750475047505 "
"1","
"
"1","    3.975576e-02 "
"1","    4.005789e-02 "
"1","    4.036049e-02 "
"1","
"
"1","29.4755475547555 "
"1","29.4760476047605 "
"1","29.4765476547655 "
"1","
"
"1","    4.066353e-02 "
"1","    4.096703e-02 "
"1","    4.127099e-02 "
"1","
"
"1","29.4770477047705 "
"1","29.4775477547755 "
"1","29.4780478047805 "
"1","
"
"1","    4.157540e-02 "
"1","    4.188027e-02 "
"1","    4.218559e-02 "
"1","
"
"1","29.4785478547855 "
"1","29.4790479047905 "
"1","29.4795479547955 "
"1","
"
"1","    4.249136e-02 "
"1","    4.279760e-02 "
"1","    4.310428e-02 "
"1","
"
"1","29.4800480048005 "
"1","29.4805480548055 "
"1","29.4810481048105 "
"1","
"
"1","    4.341142e-02 "
"1","    4.371902e-02 "
"1","    4.402707e-02 "
"1","
"
"1","29.4815481548155 "
"1","29.4820482048205 "
"1","29.4825482548255 "
"1","
"
"1","    4.433558e-02 "
"1","    4.464455e-02 "
"1","    4.495397e-02 "
"1","
"
"1","29.4830483048305 "
"1","29.4835483548355 "
"1","29.4840484048405 "
"1","
"
"1","    4.526384e-02 "
"1","    4.557417e-02 "
"1","    4.588496e-02 "
"1","
"
"1","29.4845484548455 "
"1","29.4850485048505 "
"1","29.4855485548555 "
"1","
"
"1","    4.619620e-02 "
"1","    4.650789e-02 "
"1","    4.682005e-02 "
"1","
"
"1","29.4860486048605 "
"1","29.4865486548655 "
"1","29.4870487048705 "
"1","
"
"1","    4.713266e-02 "
"1","    4.744572e-02 "
"1","    4.775924e-02 "
"1","
"
"1","29.4875487548755 "
"1","29.4880488048805 "
"1","29.4885488548855 "
"1","
"
"1","    4.807322e-02 "
"1","    4.838765e-02 "
"1","    4.870253e-02 "
"1","
"
"1","29.4890489048905 "
"1","29.4895489548955 "
"1","29.4900490049005 "
"1","
"
"1","    4.901788e-02 "
"1","    4.933368e-02 "
"1","    4.964993e-02 "
"1","
"
"1","29.4905490549055 "
"1","29.4910491049105 "
"1","29.4915491549155 "
"1","
"
"1","    4.996664e-02 "
"1","    5.028381e-02 "
"1","    5.060143e-02 "
"1","
"
"1","29.4920492049205 "
"1","29.4925492549255 "
"1","29.4930493049305 "
"1","
"
"1","    5.091951e-02 "
"1","    5.123805e-02 "
"1","    5.155704e-02 "
"1","
"
"1","29.4935493549355 "
"1","29.4940494049405 "
"1","29.4945494549455 "
"1","
"
"1","    5.187649e-02 "
"1","    5.219639e-02 "
"1","    5.251675e-02 "
"1","
"
"1","29.4950495049505 "
"1","29.4955495549555 "
"1","29.4960496049605 "
"1","
"
"1","    5.283757e-02 "
"1","    5.315884e-02 "
"1","    5.348057e-02 "
"1","
"
"1","29.4965496549655 "
"1","29.4970497049705 "
"1","29.4975497549755 "
"1","
"
"1","    5.380275e-02 "
"1","    5.412539e-02 "
"1","    5.444849e-02 "
"1","
"
"1","29.4980498049805 "
"1","29.4985498549855 "
"1","29.4990499049905 "
"1","
"
"1","    5.477204e-02 "
"1","    5.509605e-02 "
"1","    5.542052e-02 "
"1","
"
"1","29.4995499549955 "
"1","
"
"1","    5.574544e-02 "
"1","
"
"1"," [ reached 'max' / getOption(""max.print"") -- omitted 9000 entries ]
"
"1","
"
"1","$ci.level
"
"1","[1]"
"1"," 0.95"
"1","
"
"1","
"
"1","$model.class
"
"1","[1]"
"1"," NA"
"1","
"
"1","
"
"1","attr(,""class"")"
"1","
"
"1","[1]"
"1"," ""crosspred"""
"1","
"
